Actual data of,Day of the week,Max. Demand at eve. peak (Generation end),Max. Demand at eve. peak (Sub-station end),Highest Generation (Generation end),Minimum Generation (Generation end),Day-peak Generation (Generation end),Evening-peak Generation (Generation end),Minimum Generation Forecast up to 8:00 hrs.,Maximum Temperature in Dhaka was,Gas/LF limitation,Coal supply Limitation,Low water level in Kaptai lake,Plants under shut down/ maintenance,Dhaka_demand,Dhaka_supply,Dhaka_load,Chattogram_demand,Chattogram_supply,Chattogram_load,Rajshahi_demand,Rajshahi_supply,Rajshahi_load,Mymensingh_demand,Mymensingh_supply,Mymensingh_load,Sylhet_demand,Sylhet_supply,Sylhet_load,Barishal_demand,Barishal_supply,Barishal_load,Rangpur_demand,Rangpur_supply,Rangpur_load,Cumilla_demand,Cumilla_supply,Cumilla_load,Khulna_demand,Khulna_supply,Khulna_load
2019-01-01,Wednesday,8436.0,7799.0,8436.0,5176.0,6749.72,8436.0,5041.0,28.5,1229.0,0.0,185.0,1098.0,2844.0,2844.0,0.0,814.0,814.0,0.0,1012.0,1012.0,0.0,640.0,640.0,0.0,318.0,318.0,0.0,230.0,230.0,0.0,230.0,230.0,0.0,699.0,699.0,0.0,1012.0,1012.0,0.0
2019-01-12,Sunday,8778.0,8205.0,8778.0,5630.0,7011.5,8778.0,5471.0,29.0,1072.0,0.0,0.0,324.0,3241.0,3241.0,0.0,881.0,881.0,0.0,981.0,981.0,0.0,642.0,642.0,0.0,323.0,323.0,0.0,215.0,215.0,0.0,215.0,215.0,0.0,726.0,726.0,0.0,981.0,981.0,0.0
2019-02-12,Monday,8542.0,7999.0,8542.0,5471.0,6665.6,8542.0,5287.0,27.9,966.0,0.0,0.0,321.0,3215.0,3215.0,0.0,772.0,772.0,0.0,958.0,958.0,0.0,643.0,643.0,0.0,319.0,319.0,0.0,210.0,210.0,0.0,210.0,210.0,0.0,714.0,714.0,0.0,958.0,958.0,0.0
2019-03-12,Tuesday,8529.0,8056.0,8529.0,5287.0,6760.9,8529.0,5243.0,27.0,1193.0,0.0,0.0,348.0,3120.0,3120.0,0.0,904.0,904.0,0.0,970.0,970.0,0.0,618.0,618.0,0.0,321.0,321.0,0.0,222.0,222.0,0.0,222.0,222.0,0.0,709.0,709.0,0.0,970.0,970.0,0.0
2019-04-12,Wednesday,8708.0,8107.0,8708.0,5243.0,6876.0,8708.0,5196.0,27.3,1138.0,0.0,0.0,915.0,3154.0,3154.0,0.0,918.0,918.0,0.0,970.0,970.0,0.0,642.0,642.0,0.0,325.0,325.0,0.0,210.0,210.0,0.0,210.0,210.0,0.0,708.0,708.0,0.0,970.0,970.0,0.0
2019-05-12,Thursday,8692.0,8119.0,8692.0,5196.0,6912.96,8692.0,5338.0,31.5,1146.0,0.0,0.0,585.0,3195.0,3195.0,0.0,851.0,851.0,0.0,990.0,990.0,0.0,632.0,632.0,0.0,327.0,327.0,0.0,221.0,221.0,0.0,221.0,221.0,0.0,692.0,692.0,0.0,990.0,990.0,0.0
2019-06-12,Friday,7568.0,7109.0,7568.0,5302.4,5734.3,7568.0,4858.0,30.8,1186.0,0.0,0.0,585.0,2519.0,2519.0,0.0,825.0,825.0,0.0,881.0,881.0,0.0,594.0,594.0,0.0,310.0,310.0,0.0,213.0,213.0,0.0,213.0,213.0,0.0,673.0,673.0,0.0,881.0,881.0,0.0
2019-07-12,Saturday,8538.0,7984.0,8538.0,4858.0,6360.54,8538.0,5384.0,29.8,1076.0,0.0,0.0,585.0,3086.0,3086.0,0.0,842.0,842.0,0.0,972.0,972.0,0.0,635.0,635.0,0.0,334.0,334.0,0.0,226.0,226.0,0.0,226.0,226.0,0.0,691.0,691.0,0.0,972.0,972.0,0.0
2019-08-12,Sunday,8619.0,8173.0,8619.0,5384.0,6856.82,8619.0,5388.0,29.5,1116.0,0.0,0.0,585.0,3207.0,3207.0,0.0,869.0,869.0,0.0,975.0,975.0,0.0,645.0,645.0,0.0,328.0,328.0,0.0,231.0,231.0,0.0,231.0,231.0,0.0,712.0,712.0,0.0,975.0,975.0,0.0
2019-09-12,Monday,8721.0,8123.0,8721.0,5388.0,6965.25,8721.0,5279.0,27.4,1230.0,0.0,150.0,1387.0,3202.0,3202.0,0.0,889.0,889.0,0.0,962.0,962.0,0.0,634.0,634.0,0.0,325.0,325.0,0.0,234.0,234.0,0.0,234.0,234.0,0.0,681.0,681.0,0.0,962.0,962.0,0.0
2019-10-12,Tuesday,8538.0,8072.0,8538.0,5279.0,6768.03,8538.0,5134.0,27.9,1228.0,0.0,150.0,1387.0,3096.0,3096.0,0.0,931.0,931.0,0.0,971.0,971.0,0.0,645.0,645.0,0.0,331.0,331.0,0.0,225.0,225.0,0.0,225.0,225.0,0.0,677.0,677.0,0.0,971.0,971.0,0.0
2019-11-12,Wednesday,8528.0,8047.0,8528.0,5134.0,6797.37,8528.0,5146.0,26.8,1212.0,0.0,150.0,1387.0,3060.0,3060.0,0.0,916.0,916.0,0.0,985.0,985.0,0.0,631.0,631.0,0.0,326.0,326.0,0.0,221.0,221.0,0.0,221.0,221.0,0.0,702.0,702.0,0.0,985.0,985.0,0.0
2019-11-21,Thursday,8785.0,8110.0,8785.0,5647.0,7294.7,8785.0,5475.9,29.6,1349.0,0.0,0.0,470.0,3214.0,3214.0,0.0,905.0,905.0,0.0,953.0,953.0,0.0,639.0,639.0,0.0,329.0,329.0,0.0,208.0,208.0,0.0,208.0,208.0,0.0,701.0,701.0,0.0,953.0,953.0,0.0
2019-11-22,Friday,7886.0,7344.0,7886.0,5283.5,5725.9,7886.0,5200.0,29.3,1164.0,0.0,0.0,470.0,2686.0,2686.0,0.0,813.0,813.0,0.0,908.0,908.0,0.0,613.0,613.0,0.0,320.0,320.0,0.0,201.0,201.0,0.0,201.0,201.0,0.0,694.0,694.0,0.0,908.0,908.0,0.0
2019-11-23,Saturday,8827.0,8197.0,8827.0,5200.0,6731.7,8946.0,5470.0,28.8,1114.0,0.0,0.0,470.0,3223.0,3223.0,0.0,897.0,897.0,0.0,974.0,974.0,0.0,652.0,652.0,0.0,328.0,328.0,0.0,210.0,210.0,0.0,210.0,210.0,0.0,729.0,729.0,0.0,974.0,974.0,0.0
2019-11-24,Sunday,8855.0,8224.0,8855.0,5470.0,7062.8,8855.0,5500.0,29.1,1204.0,0.0,0.0,555.0,3248.0,3248.0,0.0,883.0,883.0,0.0,983.0,983.0,0.0,646.0,646.0,0.0,327.0,327.0,0.0,216.0,216.0,0.0,216.0,216.0,0.0,722.0,722.0,0.0,983.0,983.0,0.0
2019-11-25,Monday,8982.0,8356.0,8978.0,5500.0,7110.7,8982.0,5609.0,29.0,1255.0,0.0,0.0,555.0,3346.0,3346.0,0.0,878.0,878.0,0.0,981.0,981.0,0.0,669.0,669.0,0.0,328.0,328.0,0.0,219.0,219.0,0.0,219.0,219.0,0.0,735.0,735.0,0.0,981.0,981.0,0.0
2019-11-26,Tuesday,8904.0,8280.0,8904.0,5609.0,7208.42,8904.0,5687.0,29.8,1168.0,0.0,0.0,555.0,3196.0,3196.0,0.0,896.0,896.0,0.0,1001.0,1001.0,0.0,670.0,670.0,0.0,338.0,338.0,0.0,221.0,221.0,0.0,221.0,221.0,0.0,736.0,736.0,0.0,1001.0,1001.0,0.0
2019-11-27,Wednesday,9185.0,8537.0,9185.0,5687.0,7267.2,9185.0,5752.0,30.5,1163.0,0.0,0.0,555.0,3442.0,3442.0,0.0,959.0,959.0,0.0,996.0,996.0,0.0,630.0,630.0,0.0,334.0,334.0,0.0,221.0,221.0,0.0,221.0,221.0,0.0,738.0,738.0,0.0,996.0,996.0,0.0
2019-11-28,Thursday,9051.0,8496.0,9051.0,5752.0,7433.9,9051.0,5721.63,31.0,1198.0,0.0,0.0,555.0,3438.0,3438.0,0.0,938.0,938.0,0.0,978.0,978.0,0.0,625.0,625.0,0.0,339.0,339.0,0.0,230.0,230.0,0.0,230.0,230.0,0.0,740.0,740.0,0.0,978.0,978.0,0.0
2019-11-29,Friday,8049.0,7520.0,8049.0,5597.0,6103.21,8049.0,5433.0,31.3,1118.0,0.0,0.0,555.0,2843.0,2843.0,0.0,815.0,815.0,0.0,907.0,907.0,0.0,608.0,608.0,0.0,316.0,316.0,0.0,214.0,214.0,0.0,214.0,214.0,0.0,696.0,696.0,0.0,907.0,907.0,0.0
2019-11-30,Saturday,8989.0,8340.0,8989.0,5433.0,6870.89,8989.0,5630.0,30.9,1130.0,0.0,0.0,555.0,3318.0,3318.0,0.0,941.0,941.0,0.0,978.0,978.0,0.0,637.0,637.0,0.0,342.0,342.0,0.0,228.0,228.0,0.0,228.0,228.0,0.0,690.0,690.0,0.0,978.0,978.0,0.0
2019-12-12,Thursday,8622.0,8071.0,8622.0,5146.0,6864.96,8622.0,5039.0,26.2,1092.0,0.0,150.0,1387.0,3135.0,3135.0,0.0,871.0,871.0,0.0,971.0,971.0,0.0,645.0,645.0,0.0,325.0,325.0,0.0,225.0,225.0,0.0,225.0,225.0,0.0,703.0,703.0,0.0,971.0,971.0,0.0
2019-12-13,Friday,7568.0,6960.0,7568.0,5039.0,5504.8,7568.0,4782.0,27.2,1237.0,0.0,150.0,1377.0,2478.0,2478.0,0.0,770.0,770.0,0.0,855.0,855.0,0.0,623.0,623.0,0.0,286.0,286.0,0.0,218.0,218.0,0.0,218.0,218.0,0.0,657.0,657.0,0.0,855.0,855.0,0.0
2019-12-14,Saturday,8523.0,7941.0,8523.0,4782.0,6711.3,8523.0,5307.0,27.7,1080.0,0.0,149.0,1387.0,3018.0,3018.0,0.0,886.0,886.0,0.0,968.0,968.0,0.0,636.0,636.0,0.0,318.0,318.0,0.0,228.0,228.0,0.0,228.0,228.0,0.0,691.0,691.0,0.0,968.0,968.0,0.0
2019-12-15,Sunday,8517.0,7900.0,8517.0,5307.0,6938.38,8517.0,5134.0,27.8,1168.0,0.0,148.0,1387.0,2997.0,2997.0,0.0,888.0,888.0,0.0,973.0,973.0,0.0,604.0,604.0,0.0,324.0,324.0,0.0,215.0,215.0,0.0,215.0,215.0,0.0,711.0,711.0,0.0,973.0,973.0,0.0
2019-12-16,Monday,7443.0,6807.0,7443.0,5134.0,5757.33,7443.0,4671.0,26.2,1172.0,0.0,149.0,1387.0,2352.0,2352.0,0.0,645.0,645.0,0.0,918.0,918.0,0.0,577.0,577.0,0.0,303.0,303.0,0.0,211.0,211.0,0.0,211.0,211.0,0.0,672.0,672.0,0.0,918.0,918.0,0.0
2019-12-17,Tuesday,8445.0,7899.0,8445.0,4671.0,6701.24,8445.0,5179.0,25.7,1160.0,0.0,147.0,1237.0,3024.0,3024.0,0.0,783.0,783.0,0.0,991.0,991.0,0.0,629.0,629.0,0.0,318.0,318.0,0.0,221.0,221.0,0.0,221.0,221.0,0.0,721.0,721.0,0.0,991.0,991.0,0.0
2019-12-18,Wednesday,8479.0,7877.0,8479.0,5179.0,6644.1,8479.0,4989.0,20.0,1490.0,0.0,147.0,1280.0,2943.0,2943.0,0.0,905.0,905.0,0.0,977.0,977.0,0.0,626.0,626.0,0.0,319.0,319.0,0.0,222.0,222.0,0.0,222.0,222.0,0.0,686.0,686.0,0.0,977.0,977.0,0.0
2019-12-19,Thursday,8487.0,7860.0,8487.0,4989.0,6824.84,8487.0,5075.0,16.2,1357.0,0.0,148.0,1220.0,2896.0,2896.0,0.0,889.0,889.0,0.0,991.0,991.0,0.0,638.0,638.0,0.0,312.0,312.0,0.0,223.0,223.0,0.0,223.0,223.0,0.0,697.0,697.0,0.0,991.0,991.0,0.0
2019-12-20,Friday,7597.0,7004.0,7597.0,5075.0,5827.3,7597.0,4596.0,17.3,1403.0,0.0,148.0,1220.0,2384.0,2384.0,0.0,785.0,785.0,0.0,908.0,908.0,0.0,601.0,601.0,0.0,293.0,293.0,0.0,227.0,227.0,0.0,227.0,227.0,0.0,671.0,671.0,0.0,908.0,908.0,0.0
2019-12-21,Saturday,8364.0,7845.0,8364.0,4596.0,6434.1,8364.0,5021.0,15.5,1257.0,0.0,148.0,1111.0,2816.0,2816.0,0.0,880.0,880.0,0.0,1005.0,1005.0,0.0,642.0,642.0,0.0,329.0,329.0,0.0,231.0,231.0,0.0,231.0,231.0,0.0,706.0,706.0,0.0,1005.0,1005.0,0.0
2019-12-22,Sunday,8600.0,7993.0,8600.0,5021.0,6911.0,8600.0,4939.0,15.5,1307.0,0.0,150.0,1076.0,2909.0,2909.0,0.0,862.0,862.0,0.0,1032.0,1032.0,0.0,653.0,653.0,0.0,313.0,313.0,0.0,232.0,232.0,0.0,232.0,232.0,0.0,728.0,728.0,0.0,1032.0,1032.0,0.0
2019-12-23,Monday,8483.0,7859.0,8483.0,4939.0,6609.89,8483.0,4925.0,22.0,1389.0,0.0,144.0,362.0,2911.0,2911.0,0.0,815.0,815.0,0.0,1006.0,1006.0,0.0,664.0,664.0,0.0,332.0,332.0,0.0,217.0,217.0,0.0,217.0,217.0,0.0,691.0,691.0,0.0,1006.0,1006.0,0.0
2019-12-24,Tuesday,8636.0,7874.0,8636.0,4925.0,6651.7,8636.0,4818.0,22.2,1369.0,0.0,147.0,363.0,2893.0,2893.0,0.0,821.0,821.0,0.0,1017.0,1017.0,0.0,650.0,650.0,0.0,312.0,312.0,0.0,227.0,227.0,0.0,227.0,227.0,0.0,710.0,710.0,0.0,1017.0,1017.0,0.0
2019-12-25,Wednesday,8573.0,7759.0,8573.0,4818.0,6501.9,8573.0,4984.0,21.1,1408.0,0.0,186.0,363.0,2838.0,2838.0,0.0,857.0,857.0,0.0,983.0,983.0,0.0,647.0,647.0,0.0,313.0,313.0,0.0,222.0,222.0,0.0,222.0,222.0,0.0,694.0,694.0,0.0,983.0,983.0,0.0
2019-12-26,Thursday,8555.0,7800.0,8555.0,4984.0,6512.8,8489.0,4418.0,21.8,1429.0,0.0,186.0,363.0,2881.0,2881.0,0.0,830.0,830.0,0.0,996.0,996.0,0.0,627.0,627.0,0.0,320.0,320.0,0.0,217.0,217.0,0.0,217.0,217.0,0.0,716.0,716.0,0.0,996.0,996.0,0.0
2019-12-27,Friday,7601.0,6901.0,7601.0,4418.0,5788.1,7601.0,4547.0,18.7,1404.0,0.0,189.0,363.0,2376.0,2376.0,0.0,739.0,739.0,0.0,918.0,918.0,0.0,617.0,617.0,0.0,294.0,294.0,0.0,190.0,190.0,0.0,190.0,190.0,0.0,659.0,659.0,0.0,918.0,918.0,0.0
2019-12-28,Saturday,8711.0,7924.0,8711.0,4547.0,6034.3,8711.0,5030.0,20.7,1469.0,0.0,186.0,363.0,2893.0,2893.0,0.0,836.0,836.0,0.0,1015.0,1015.0,0.0,663.0,663.0,0.0,320.0,320.0,0.0,233.0,233.0,0.0,233.0,233.0,0.0,716.0,716.0,0.0,1015.0,1015.0,0.0
2019-12-29,Sunday,8567.0,7868.0,8567.0,5030.0,6548.59,8567.0,5083.0,25.2,1299.0,0.0,190.0,363.0,2888.0,2888.0,0.0,833.0,833.0,0.0,1023.0,1023.0,0.0,623.0,623.0,0.0,310.0,310.0,0.0,224.0,224.0,0.0,224.0,224.0,0.0,720.0,720.0,0.0,1023.0,1023.0,0.0
2019-12-30,Monday,8702.0,8039.0,8702.0,5083.0,6708.5,8702.0,5073.0,26.5,1304.0,0.0,185.0,363.0,2961.0,2961.0,0.0,901.0,901.0,0.0,1018.0,1018.0,0.0,653.0,653.0,0.0,319.0,319.0,0.0,228.0,228.0,0.0,228.0,228.0,0.0,713.0,713.0,0.0,1018.0,1018.0,0.0
2019-12-31,Tuesday,8667.0,8039.0,8667.0,5073.0,6700.8,8667.0,5176.0,28.0,1329.0,0.0,185.0,543.0,2961.0,2961.0,0.0,901.0,901.0,0.0,1018.0,1018.0,0.0,653.0,653.0,0.0,319.0,319.0,0.0,228.0,228.0,0.0,228.0,228.0,0.0,713.0,713.0,0.0,1018.0,1018.0,0.0
2020-01-01,Friday,7934.0,7417.0,7934.0,5422.0,6102.0,7934.0,5153.0,27.4,3710.0,170.0,185.0,1199.0,2386.0,2386.0,0.0,846.0,846.0,0.0,782.0,782.0,0.0,664.0,664.0,0.0,302.0,302.0,0.0,227.0,227.0,0.0,535.0,535.0,0.0,688.0,688.0,0.0,987.0,987.0,0.0
2020-01-02,Saturday,8731.0,7878.0,8731.0,5350.0,6394.33,8731.0,5467.0,25.0,1380.0,0.0,150.0,105.0,2652.0,2652.0,0.0,831.0,831.0,0.0,1065.0,1065.0,0.0,767.0,767.0,0.0,322.0,322.0,0.0,220.0,220.0,0.0,220.0,220.0,0.0,736.0,736.0,0.0,1065.0,1065.0,0.0
2020-01-03,Sunday,9719.0,8896.0,9719.0,6044.0,8291.6,9719.0,6308.0,31.4,1750.0,0.0,162.0,618.0,3367.0,3367.0,0.0,981.0,981.0,0.0,1118.0,1118.0,0.0,768.0,768.0,0.0,350.0,350.0,0.0,223.0,223.0,0.0,223.0,223.0,0.0,748.0,748.0,0.0,1118.0,1118.0,0.0
2020-01-04,Wednesday,10113.0,9498.0,10113.0,6763.1,7793.1,10113.0,7285.8,36.0,1099.0,0.0,159.0,1349.0,2755.0,2755.0,0.0,985.0,985.0,0.0,1171.0,1171.0,0.0,920.0,920.0,0.0,352.0,352.0,0.0,270.0,270.0,0.0,751.0,751.0,0.0,984.0,984.0,0.0,1310.0,1310.0,0.0
2020-01-05,Friday,8056.0,7657.0,8056.0,5029.7,5636.8,8056.0,5286.5,28.8,1059.0,170.0,195.0,1667.0,2354.0,2354.0,0.0,763.0,763.0,0.0,833.0,833.0,0.0,782.0,782.0,0.0,411.0,411.0,0.0,258.0,258.0,0.0,365.0,365.0,0.0,917.0,917.0,0.0,974.0,974.0,0.0
2020-01-06,Monday,9834.0,9378.0,9834.0,7009.8,8859.9,9834.0,7635.7,35.0,1137.0,170.0,194.0,2056.0,3400.0,3400.0,0.0,974.0,974.0,0.0,1053.0,1053.0,0.0,459.0,459.0,0.0,411.0,411.0,0.0,284.0,284.0,0.0,512.0,512.0,0.0,1101.0,1101.0,0.0,1184.0,1184.0,0.0
2020-01-07,Wednesday,12112.0,11514.0,12112.0,9038.8,10212.8,12112.0,9104.3,35.5,943.0,170.0,121.0,1677.0,3923.0,3923.0,0.0,1057.0,1057.0,0.0,1328.0,1328.0,0.0,945.0,945.0,0.0,482.0,482.0,0.0,328.0,328.0,0.0,748.0,748.0,0.0,1170.0,1170.0,0.0,1338.5,1338.5,0.0
2020-01-08,Saturday,10778.0,10328.0,10865.0,6840.9,6948.7,10778.0,8145.15,34.6,975.0,170.0,86.0,1331.0,2884.0,2884.0,0.0,899.0,899.0,0.0,1253.0,1253.0,0.0,973.0,973.0,0.0,490.0,490.0,0.0,376.0,376.0,0.0,758.0,758.0,0.0,1202.0,1202.0,0.0,1493.0,1493.0,0.0
2020-01-09,Tuesday,11453.0,10957.0,11877.0,9026.89,9415.63,11453.0,8452.6,31.0,2105.0,170.0,151.0,1711.0,3755.0,3755.0,0.0,1205.0,1205.0,0.0,1112.0,1112.0,0.0,874.0,874.0,0.0,482.0,482.0,0.0,332.0,332.0,0.0,726.0,726.0,0.0,1102.0,1102.0,0.0,1369.0,1369.0,0.0
2020-01-10,Thursday,12065.0,11538.0,12065.0,9083.0,10286.0,12065.0,8148.0,32.9,1154.0,170.0,186.0,2178.0,3992.0,3992.0,0.0,1260.0,1260.0,0.0,1163.0,1163.0,0.0,925.0,925.0,0.0,521.0,521.0,0.0,345.0,345.0,0.0,736.0,736.0,0.0,1161.0,1161.0,0.0,1435.0,1435.0,0.0
2020-01-11,Sunday,11051.0,10487.0,11051.0,7783.0,9261.0,11051.0,7753.0,31.5,1200.0,95.0,71.0,1551.0,3792.0,3792.0,0.0,1042.0,1042.0,0.0,1113.0,1113.0,0.0,864.0,864.0,0.0,440.0,440.0,0.0,288.0,288.0,0.0,680.0,680.0,0.0,941.0,941.0,0.0,1327.0,1327.0,0.0
2020-01-12,Tuesday,8968.0,8436.0,8968.0,5633.0,7608.0,8968.0,5635.0,30.2,1697.0,170.0,141.0,1449.0,3189.0,3189.0,0.0,918.0,918.0,0.0,839.0,839.0,0.0,652.0,652.0,0.0,314.0,314.0,0.0,237.0,237.0,0.0,565.0,565.0,0.0,724.0,724.0,0.0,998.0,998.0,0.0
2020-01-13,Monday,8827.0,8075.0,8827.0,5029.0,6893.3,8827.0,5219.0,23.6,927.0,0.0,190.0,863.0,2970.0,2970.0,0.0,913.0,913.0,0.0,1025.0,1025.0,0.0,662.0,662.0,0.0,316.0,316.0,0.0,228.0,228.0,0.0,228.0,228.0,0.0,708.0,708.0,0.0,1025.0,1025.0,0.0
2020-01-14,Tuesday,8727.0,8164.0,8727.0,5219.0,7100.66,8727.0,5294.0,24.0,1024.0,0.0,190.0,722.0,2984.0,2984.0,0.0,912.0,912.0,0.0,1055.0,1055.0,0.0,651.0,651.0,0.0,321.0,321.0,0.0,238.0,238.0,0.0,238.0,238.0,0.0,710.0,710.0,0.0,1055.0,1055.0,0.0
2020-01-15,Wednesday,8762.0,8083.0,8762.0,5294.0,7023.0,8762.0,5284.0,24.0,1204.0,0.0,187.0,580.0,2905.0,2905.0,0.0,934.0,934.0,0.0,1026.0,1026.0,0.0,674.0,674.0,0.0,317.0,317.0,0.0,242.0,242.0,0.0,242.0,242.0,0.0,717.0,717.0,0.0,1026.0,1026.0,0.0
2020-01-16,Thursday,8908.0,8295.0,8908.0,5284.0,6946.52,8908.0,5446.0,27.8,1204.0,0.0,189.0,580.0,3042.0,3042.0,0.0,906.0,906.0,0.0,1060.0,1060.0,0.0,699.0,699.0,0.0,319.0,319.0,0.0,236.0,236.0,0.0,236.0,236.0,0.0,737.0,737.0,0.0,1060.0,1060.0,0.0
2020-01-17,Friday,7918.0,7396.0,7918.0,5446.0,6165.1,7918.0,5109.0,29.6,1204.0,0.0,190.0,580.0,2482.0,2482.0,0.0,824.0,824.0,0.0,975.0,975.0,0.0,667.0,667.0,0.0,310.0,310.0,0.0,230.0,230.0,0.0,230.0,230.0,0.0,703.0,703.0,0.0,975.0,975.0,0.0
2020-01-18,Saturday,8805.0,8259.0,8805.0,5109.0,6586.38,8805.0,5472.0,29.6,1275.0,0.0,187.0,495.0,2990.0,2990.0,0.0,933.0,933.0,0.0,1059.0,1059.0,0.0,697.0,697.0,0.0,331.0,331.0,0.0,240.0,240.0,0.0,240.0,240.0,0.0,710.0,710.0,0.0,1059.0,1059.0,0.0
2020-01-19,Sunday,8978.0,8206.0,8978.0,5472.0,7148.7,8978.0,5518.0,28.0,1275.0,0.0,187.0,495.0,3037.0,3037.0,0.0,843.0,843.0,0.0,1056.0,1056.0,0.0,692.0,692.0,0.0,315.0,315.0,0.0,244.0,244.0,0.0,244.0,244.0,0.0,719.0,719.0,0.0,1056.0,1056.0,0.0
2020-01-20,Monday,8959.0,8339.4,8959.0,5518.0,7042.4,8959.0,5479.0,23.4,1580.0,0.0,194.0,495.0,3047.0,3047.0,0.0,925.0,925.0,0.0,1061.0,1061.0,0.0,720.0,720.0,0.0,327.0,327.0,0.0,241.0,241.0,0.0,241.0,241.0,0.0,711.0,711.0,0.0,1061.0,1061.0,0.0
2020-01-21,Tuesday,9009.0,8250.0,9009.0,5479.0,6999.4,9009.0,5382.0,23.7,1580.0,0.0,190.0,495.0,2978.0,2978.0,0.0,926.0,926.0,0.0,1075.0,1075.0,0.0,697.0,697.0,0.0,322.0,322.0,0.0,237.0,237.0,0.0,237.0,237.0,0.0,703.0,703.0,0.0,1075.0,1075.0,0.0
2020-01-22,Wednesday,9076.0,8310.0,9076.0,5382.0,7107.6,9076.0,5486.0,24.4,1580.0,0.0,196.0,495.0,3049.0,3049.0,0.0,861.0,861.0,0.0,1064.0,1064.0,0.0,740.0,740.0,0.0,322.0,322.0,0.0,238.0,238.0,0.0,238.0,238.0,0.0,734.0,734.0,0.0,1064.0,1064.0,0.0
2020-01-23,Thursday,8895.0,8177.0,8895.0,5486.0,7266.0,8895.0,5530.0,23.6,1580.0,0.0,193.0,495.0,2950.0,2950.0,0.0,885.0,885.0,0.0,1053.0,1053.0,0.0,733.0,733.0,0.0,321.0,321.0,0.0,233.0,233.0,0.0,233.0,233.0,0.0,716.0,716.0,0.0,1053.0,1053.0,0.0
2020-01-24,Friday,8121.0,7418.0,8121.0,5530.0,6011.76,8121.0,5130.0,24.7,1580.0,0.0,194.0,495.0,2431.0,2431.0,0.0,824.0,824.0,0.0,1007.0,1007.0,0.0,703.0,703.0,0.0,313.0,313.0,0.0,232.0,232.0,0.0,232.0,232.0,0.0,669.0,669.0,0.0,1007.0,1007.0,0.0
2020-01-25,Saturday,8866.0,8047.0,8866.0,5130.0,6786.0,8866.0,5567.0,23.9,1178.0,0.0,196.0,830.0,2854.0,2854.0,0.0,861.0,861.0,0.0,1053.0,1053.0,0.0,729.0,729.0,0.0,324.0,324.0,0.0,221.0,221.0,0.0,221.0,221.0,0.0,731.0,731.0,0.0,1053.0,1053.0,0.0
2020-01-26,Sunday,9019.0,8216.0,9019.0,5567.0,7308.5,9019.0,5589.0,23.6,1275.0,0.0,190.0,819.0,2952.0,2952.0,0.0,861.0,861.0,0.0,1056.0,1056.0,0.0,740.0,740.0,0.0,311.0,311.0,0.0,250.0,250.0,0.0,250.0,250.0,0.0,740.0,740.0,0.0,1056.0,1056.0,0.0
2020-01-27,Monday,9068.0,8460.0,9068.0,5589.0,7191.55,9068.0,5559.0,23.0,1275.0,0.0,190.0,657.0,3100.0,3100.0,0.0,912.0,912.0,0.0,1074.0,1074.0,0.0,786.0,786.0,0.0,329.0,329.0,0.0,227.0,227.0,0.0,227.0,227.0,0.0,731.0,731.0,0.0,1074.0,1074.0,0.0
2020-01-28,Tuesday,9196.0,8330.0,9196.0,5559.0,7366.5,9196.0,5736.0,24.3,1455.0,0.0,198.0,507.0,3011.0,3011.0,0.0,917.0,917.0,0.0,1066.0,1066.0,0.0,751.0,751.0,0.0,310.0,310.0,0.0,234.0,234.0,0.0,234.0,234.0,0.0,741.0,741.0,0.0,1066.0,1066.0,0.0
2020-01-29,Wednesday,9223.0,8313.0,9223.0,5736.0,7607.44,9223.0,5792.0,21.9,1455.0,0.0,198.0,528.0,3046.0,3046.0,0.0,959.0,959.0,0.0,1029.0,1029.0,0.0,745.0,745.0,0.0,317.0,317.0,0.0,225.0,225.0,0.0,225.0,225.0,0.0,738.0,738.0,0.0,1029.0,1029.0,0.0
2020-01-30,Thursday,9077.0,8203.0,9077.0,5792.0,7826.5,9077.0,5662.0,24.9,1410.0,0.0,198.0,105.0,2931.0,2931.0,0.0,941.0,941.0,0.0,1036.0,1036.0,0.0,745.0,745.0,0.0,319.0,319.0,0.0,226.0,226.0,0.0,226.0,226.0,0.0,743.0,743.0,0.0,1036.0,1036.0,0.0
2020-01-31,Friday,8250.0,7429.0,8250.0,5662.0,6681.08,8250.0,5350.0,24.0,1415.0,0.0,200.0,105.0,2438.0,2438.0,0.0,874.0,874.0,0.0,979.0,979.0,0.0,704.0,704.0,0.0,310.0,310.0,0.0,222.0,222.0,0.0,222.0,222.0,0.0,701.0,701.0,0.0,979.0,979.0,0.0
2020-02-01,Saturday,8946.0,8407.0,8946.0,5153.0,6500.0,8946.0,5435.0,27.0,3932.0,170.0,187.0,1444.0,2868.0,2868.0,0.0,972.0,972.0,0.0,863.0,863.0,0.0,699.0,699.0,0.0,313.0,313.0,0.0,242.0,242.0,0.0,597.0,597.0,0.0,721.0,721.0,0.0,1132.0,1132.0,0.0
2020-02-02,Sunday,8940.0,8089.0,8940.0,5467.0,7275.68,8940.0,5478.0,23.8,1600.0,0.0,150.0,105.0,2899.0,2899.0,0.0,856.0,856.0,0.0,1037.0,1037.0,0.0,758.0,758.0,0.0,323.0,323.0,0.0,220.0,220.0,0.0,220.0,220.0,0.0,739.0,739.0,0.0,1037.0,1037.0,0.0
2020-02-03,Monday,9756.0,8987.0,9756.0,6308.0,8214.4,9756.0,5676.1,30.9,1750.0,0.0,162.0,570.0,3437.0,3437.0,0.0,933.0,933.0,0.0,1111.0,1111.0,0.0,771.0,771.0,0.0,341.0,341.0,0.0,241.0,241.0,0.0,241.0,241.0,0.0,801.0,801.0,0.0,1111.0,1111.0,0.0
2020-02-04,Thursday,8815.0,8270.0,8854.9,7285.8,8326.56,8815.0,6632.4,36.7,1111.0,0.0,193.0,1410.0,2214.0,2214.0,0.0,1055.0,1055.0,0.0,1103.0,1103.0,0.0,682.0,682.0,0.0,237.0,237.0,0.0,293.0,293.0,0.0,723.0,723.0,0.0,628.0,628.0,0.0,1335.0,1335.0,0.0
2020-02-05,Saturday,7976.0,7518.0,7976.0,5286.5,6619.6,7976.0,5245.2,30.5,1019.0,170.0,194.0,1852.0,2364.0,2364.0,0.0,795.0,795.0,0.0,821.0,821.0,0.0,580.0,580.0,0.0,299.0,299.0,0.0,217.0,217.0,0.0,528.0,528.0,0.0,848.0,848.0,0.0,1066.0,1066.0,0.0
2020-02-06,Tuesday,10228.0,9851.0,10228.0,7635.7,9165.1,10228.0,7917.2,35.3,1074.0,170.0,192.0,1964.0,3422.0,3422.0,0.0,883.0,883.0,0.0,1161.0,1161.0,0.0,823.0,823.0,0.0,434.0,434.0,0.0,245.0,245.0,0.0,707.0,707.0,0.0,1069.0,1069.0,0.0,1107.0,1107.0,0.0
2020-02-07,Thursday,12032.0,11501.0,12032.0,9104.3,10368.1,12032.0,8173.14,35.1,958.0,170.0,123.0,1677.0,3946.0,3946.0,0.0,1097.0,1097.0,0.0,1258.0,1258.0,0.0,972.0,972.0,0.0,463.0,463.0,0.0,355.0,355.0,0.0,737.0,737.0,0.0,1156.0,1156.0,0.0,1298.0,1298.0,0.0
2020-02-08,Sunday,10872.0,10370.0,10946.0,8006.22,8016.67,10872.0,8580.9,34.4,2174.0,170.0,87.0,1331.0,2898.0,2898.0,0.0,927.0,927.0,0.0,1280.0,1280.0,0.0,941.0,941.0,0.0,505.0,505.0,0.0,371.0,371.0,0.0,783.0,783.0,0.0,1176.0,1176.0,0.0,1489.0,1489.0,0.0
2020-02-09,Wednesday,11982.0,11563.0,12026.0,8452.6,10280.6,11982.0,9015.2,34.5,2106.0,170.0,152.0,1711.0,3948.0,3948.0,0.0,1228.0,1228.0,0.0,1258.0,1258.0,0.0,939.0,939.0,0.0,520.0,520.0,0.0,329.0,329.0,0.0,755.0,755.0,0.0,1115.0,1115.0,0.0,1471.0,1471.0,0.0
2020-02-10,Friday,11238.0,10720.0,11238.0,8097.0,8595.0,11238.0,8517.0,33.8,1311.0,170.0,185.0,1986.0,3550.0,3550.0,0.0,1194.0,1194.0,0.0,1099.0,1099.0,0.0,858.0,858.0,0.0,484.0,484.0,0.0,336.0,336.0,0.0,711.0,711.0,0.0,1127.0,1127.0,0.0,1361.0,1361.0,0.0
2020-02-11,Monday,11572.0,10930.0,11572.0,7753.0,9280.0,11572.0,7846.0,31.0,1388.0,170.0,71.0,1965.0,4000.0,4000.0,0.0,1093.0,1093.0,0.0,1139.0,1139.0,0.0,877.0,877.0,0.0,465.0,465.0,0.0,299.0,299.0,0.0,676.0,676.0,0.0,1021.0,1021.0,0.0,1360.0,1360.0,0.0
2020-02-12,Wednesday,8991.0,8429.0,8991.0,5635.0,7396.0,8991.0,5721.0,29.8,1905.0,81.0,140.0,1449.0,3142.0,3142.0,0.0,879.0,879.0,0.0,851.0,851.0,0.0,661.0,661.0,0.0,319.0,319.0,0.0,235.0,235.0,0.0,562.0,562.0,0.0,739.0,739.0,0.0,1041.0,1041.0,0.0
2020-02-14,Friday,8313.0,7470.0,8313.0,5702.0,6342.85,8313.0,5440.0,27.0,1735.0,0.0,160.0,740.0,2475.0,2475.0,0.0,857.0,857.0,0.0,976.0,976.0,0.0,709.0,709.0,0.0,308.0,308.0,0.0,227.0,227.0,0.0,227.0,227.0,0.0,715.0,715.0,0.0,976.0,976.0,0.0
2020-02-15,Saturday,9249.0,8326.0,9265.0,5440.0,7846.4,9249.0,5738.0,28.6,1735.0,0.0,160.0,740.0,3082.0,3082.0,0.0,890.0,890.0,0.0,1055.0,1055.0,0.0,748.0,748.0,0.0,327.0,327.0,0.0,226.0,226.0,0.0,226.0,226.0,0.0,717.0,717.0,0.0,1055.0,1055.0,0.0
2020-02-16,Sunday,9127.0,8348.0,9127.0,5738.0,7680.6,9127.0,5693.0,28.7,1745.0,0.0,159.0,640.0,3116.0,3116.0,0.0,942.0,942.0,0.0,1034.0,1034.0,0.0,722.0,722.0,0.0,333.0,333.0,0.0,216.0,216.0,0.0,216.0,216.0,0.0,735.0,735.0,0.0,1034.0,1034.0,0.0
2020-02-16,Sunday,9127.0,8348.0,9127.0,5738.0,7680.6,9127.0,5693.0,28.7,1745.0,0.0,159.0,640.0,3116.0,3116.0,0.0,942.0,942.0,0.0,1034.0,1034.0,0.0,722.0,722.0,0.0,333.0,333.0,0.0,216.0,216.0,0.0,216.0,216.0,0.0,735.0,735.0,0.0,1034.0,1034.0,0.0
2020-02-18,Tuesday,9361.0,8470.0,9361.0,5914.0,7981.1,9361.0,5812.0,28.8,1625.0,0.0,160.0,560.0,3125.0,3125.0,0.0,950.0,950.0,0.0,1076.0,1076.0,0.0,737.0,737.0,0.0,323.0,323.0,0.0,221.0,221.0,0.0,221.0,221.0,0.0,741.0,741.0,0.0,1076.0,1076.0,0.0
2020-02-19,Wednesday,9363.0,8513.0,9363.0,5812.0,7773.48,9363.0,5920.0,29.5,1616.0,0.0,160.0,486.0,3151.0,3151.0,0.0,885.0,885.0,0.0,1076.0,1076.0,0.0,733.0,733.0,0.0,325.0,325.0,0.0,241.0,241.0,0.0,241.0,241.0,0.0,785.0,785.0,0.0,1076.0,1076.0,0.0
2020-02-20,Thursday,9349.0,8489.0,9349.0,5920.0,8097.9,9349.0,5873.0,29.2,1750.0,0.0,161.0,570.0,3207.0,3207.0,0.0,867.0,867.0,0.0,1069.0,1069.0,0.0,737.0,737.0,0.0,331.0,331.0,0.0,224.0,224.0,0.0,224.0,224.0,0.0,761.0,761.0,0.0,1069.0,1069.0,0.0
2020-02-21,Friday,8048.0,7066.0,8048.0,5873.0,6904.2,8048.0,5326.0,30.3,1750.0,0.0,160.0,570.0,2346.0,2346.0,0.0,665.0,665.0,0.0,950.0,950.0,0.0,697.0,697.0,0.0,306.0,306.0,0.0,216.0,216.0,0.0,216.0,216.0,0.0,720.0,720.0,0.0,950.0,950.0,0.0
2020-02-22,Saturday,9422.0,8585.0,9422.0,5326.0,7865.6,9422.0,6054.0,31.7,1718.0,0.0,161.0,570.0,3192.0,3192.0,0.0,914.0,914.0,0.0,1072.0,1072.0,0.0,758.0,758.0,0.0,346.0,346.0,0.0,234.0,234.0,0.0,234.0,234.0,0.0,763.0,763.0,0.0,1072.0,1072.0,0.0
2020-02-23,Sunday,9729.0,8869.0,9729.0,6054.0,8304.07,9729.0,6288.0,32.0,1570.0,0.0,161.0,570.0,3353.0,3353.0,0.0,978.0,978.0,0.0,1099.0,1099.0,0.0,752.0,752.0,0.0,329.0,329.0,0.0,234.0,234.0,0.0,234.0,234.0,0.0,791.0,791.0,0.0,1099.0,1099.0,0.0
2020-02-24,Monday,9500.0,8750.0,8995.0,6235.0,7952.5,9500.0,5716.0,24.7,1570.0,0.0,162.0,618.0,3299.0,3299.0,0.0,981.0,981.0,0.0,1060.0,1060.0,0.0,754.0,754.0,0.0,350.0,350.0,0.0,239.0,239.0,0.0,239.0,239.0,0.0,768.0,768.0,0.0,1060.0,1060.0,0.0
2020-02-24,Monday,9500.0,8750.0,9500.0,6288.0,7952.5,9500.0,6235.0,28.3,1570.0,0.0,162.0,570.0,3299.0,3299.0,0.0,981.0,981.0,0.0,1060.0,1060.0,0.0,754.0,754.0,0.0,350.0,350.0,0.0,239.0,239.0,0.0,239.0,239.0,0.0,768.0,768.0,0.0,1060.0,1060.0,0.0
2020-02-26,Wednesday,9075.0,8410.0,9075.0,5716.0,7468.8,9075.0,5889.0,27.0,1930.0,0.0,163.0,663.0,3180.0,3180.0,0.0,877.0,877.0,0.0,1077.0,1077.0,0.0,712.0,712.0,0.0,323.0,323.0,0.0,230.0,230.0,0.0,230.0,230.0,0.0,704.0,704.0,0.0,1077.0,1077.0,0.0
2020-02-29,Saturday,9418.0,8762.0,9418.0,5662.0,7742.7,9418.0,6044.0,31.2,1930.0,0.0,164.0,438.0,3264.0,3264.0,0.0,1030.0,1030.0,0.0,1099.0,1099.0,0.0,737.0,737.0,0.0,314.0,314.0,0.0,234.0,234.0,0.0,234.0,234.0,0.0,751.0,751.0,0.0,1099.0,1099.0,0.0
2020-03-01,Friday,7537.0,6752.0,7537.0,4682.0,5527.5,7537.0,4592.0,22.5,1299.0,0.0,183.0,763.0,2375.0,2375.0,0.0,797.0,797.0,0.0,863.0,863.0,0.0,608.0,608.0,0.0,294.0,294.0,0.0,179.0,179.0,0.0,179.0,179.0,0.0,594.0,594.0,0.0,863.0,863.0,0.0
2020-03-02,Monday,8963.0,8154.0,8963.0,5478.0,7767.27,8963.0,5498.0,24.0,1488.0,0.0,150.0,800.0,2989.0,2989.0,0.0,855.0,855.0,0.0,1083.0,1083.0,0.0,630.0,630.0,0.0,310.0,310.0,0.0,229.0,229.0,0.0,229.0,229.0,0.0,746.0,746.0,0.0,1083.0,1083.0,0.0
2020-03-03,Tuesday,9340.0,8465.0,9340.0,5676.1,7364.1,9340.0,6045.0,29.8,1750.0,0.0,162.0,570.0,3189.0,3189.0,0.0,877.0,877.0,0.0,1042.0,1042.0,0.0,800.0,800.0,0.0,337.0,337.0,0.0,223.0,223.0,0.0,223.0,223.0,0.0,732.0,732.0,0.0,1042.0,1042.0,0.0
2020-03-04,Friday,8734.0,8259.0,8734.0,6632.4,7822.2,8734.0,6392.4,35.4,1287.0,0.0,196.0,1333.0,2459.0,2459.0,0.0,945.0,945.0,0.0,1203.0,1203.0,0.0,898.0,898.0,0.0,337.0,337.0,0.0,134.0,134.0,0.0,704.0,704.0,0.0,373.0,373.0,0.0,1206.0,1206.0,0.0
2020-03-05,Sunday,9279.0,8836.0,9279.0,5245.2,6923.4,9279.0,5911.59,33.0,925.0,170.0,192.0,1852.0,2698.0,2698.0,0.0,817.0,817.0,0.0,1043.0,1043.0,0.0,807.0,807.0,0.0,367.0,367.0,0.0,262.0,262.0,0.0,651.0,651.0,0.0,931.0,931.0,0.0,1260.0,1260.0,0.0
2020-03-06,Wednesday,10238.0,9720.0,10262.0,7917.2,9280.3,10238.0,8043.4,34.0,1041.0,170.0,152.0,1945.0,3232.0,3232.0,0.0,921.0,921.0,0.0,1183.0,1183.0,0.0,603.0,603.0,0.0,415.0,415.0,0.0,307.0,307.0,0.0,664.0,664.0,0.0,969.0,969.0,0.0,1426.0,1426.0,0.0
2020-03-07,Friday,11491.0,10903.0,11588.0,8157.96,8841.66,11491.0,8889.0,35.4,933.0,170.0,124.0,1675.0,3521.0,3521.0,0.0,1009.0,1009.0,0.0,1237.0,1237.0,0.0,949.0,949.0,0.0,491.0,491.0,0.0,354.0,354.0,0.0,708.0,708.0,0.0,1140.0,1140.0,0.0,1452.0,1452.0,0.0
2020-03-08,Monday,11454.0,10957.0,11454.0,8580.9,8854.6,11454.0,8519.7,36.5,1643.0,170.0,85.0,1760.0,3013.0,3013.0,0.0,1149.0,1149.0,0.0,1316.0,1316.0,0.0,1020.0,1020.0,0.0,498.0,498.0,0.0,386.0,386.0,0.0,773.0,773.0,0.0,1241.0,1241.0,0.0,1478.0,1478.0,0.0
2020-03-09,Thursday,12427.0,11957.0,12427.0,9015.2,10641.73,12427.0,8804.3,35.4,1681.0,170.0,153.0,1612.0,4129.0,4129.0,0.0,1286.0,1286.0,0.0,1289.0,1289.0,0.0,978.0,978.0,0.0,529.0,529.0,0.0,346.0,346.0,0.0,759.0,759.0,0.0,1137.0,1137.0,0.0,1504.0,1504.0,0.0
2020-03-10,Saturday,12091.0,11598.0,12091.0,8517.0,9624.0,12091.0,8930.0,33.3,1182.0,170.0,186.0,1986.0,4072.0,4072.0,0.0,1178.0,1178.0,0.0,1224.0,1224.0,0.0,931.0,931.0,0.0,523.0,523.0,0.0,344.0,344.0,0.0,685.0,685.0,0.0,1180.0,1180.0,0.0,1461.0,1461.0,0.0
2020-03-11,Tuesday,11427.0,10755.0,11427.0,7846.0,9250.0,11427.0,7657.0,31.6,1424.0,170.0,72.0,1965.0,4013.0,4013.0,0.0,1071.0,1071.0,0.0,1009.0,1009.0,0.0,869.0,869.0,0.0,475.0,475.0,0.0,308.0,308.0,0.0,618.0,618.0,0.0,1034.0,1034.0,0.0,1358.0,1358.0,0.0
2020-03-12,Thursday,8928.0,8496.0,8928.0,5721.0,7491.0,8928.0,5707.0,29.2,1862.0,75.0,144.0,1809.0,3200.0,3200.0,0.0,943.0,943.0,0.0,839.0,839.0,0.0,651.0,651.0,0.0,316.0,316.0,0.0,236.0,236.0,0.0,577.0,577.0,0.0,716.0,716.0,0.0,1018.0,1018.0,0.0
2020-03-13,Friday,9853.0,9134.0,9853.0,7199.0,7738.4,9853.0,7133.0,34.0,2012.0,0.0,165.0,825.0,3202.0,3202.0,0.0,991.0,991.0,0.0,1165.0,1165.0,0.0,807.0,807.0,0.0,365.0,365.0,0.0,265.0,265.0,0.0,265.0,265.0,0.0,909.0,909.0,0.0,1165.0,1165.0,0.0
2020-03-14,Saturday,9582.0,8994.0,9582.0,7133.0,7866.1,9582.0,7017.0,32.2,1853.0,0.0,165.0,825.0,3335.0,3335.0,0.0,1161.0,1161.0,0.0,1059.0,1059.0,0.0,686.0,686.0,0.0,366.0,366.0,0.0,233.0,233.0,0.0,233.0,233.0,0.0,862.0,862.0,0.0,1059.0,1059.0,0.0
2020-03-15,Sunday,10361.0,9907.0,10361.0,7017.0,8519.1,10361.0,7225.0,32.3,1811.0,0.0,165.0,790.0,3602.0,3602.0,0.0,1183.0,1183.0,0.0,950.0,950.0,0.0,785.0,785.0,0.0,379.0,379.0,0.0,235.0,235.0,0.0,604.0,604.0,0.0,969.0,969.0,0.0,1200.0,1200.0,0.0
2020-03-16,Monday,10610.0,10088.0,10610.0,7225.0,9230.1,10610.0,7276.0,32.5,1466.0,0.0,165.0,790.0,3687.0,3687.0,0.0,1180.0,1180.0,0.0,1033.0,1033.0,0.0,821.0,821.0,0.0,386.0,386.0,0.0,262.0,262.0,0.0,643.0,643.0,0.0,898.0,898.0,0.0,1178.0,1178.0,0.0
2020-03-17,Tuesday,9995.0,9543.0,9995.0,7276.0,8338.8,9995.0,6999.0,31.7,1627.0,0.0,164.0,790.0,3181.0,3181.0,0.0,1119.0,1119.0,0.0,1071.0,1071.0,0.0,809.0,809.0,0.0,357.0,357.0,0.0,257.0,257.0,0.0,650.0,650.0,0.0,897.0,897.0,0.0,1202.0,1202.0,0.0
2020-03-18,Wednesday,10790.0,10153.0,10790.0,6999.0,9428.9,10790.0,7334.0,31.7,1635.0,0.0,156.0,790.0,3678.0,3678.0,0.0,1141.0,1141.0,0.0,1076.0,1076.0,0.0,834.0,834.0,0.0,369.0,369.0,0.0,272.0,272.0,0.0,652.0,652.0,0.0,900.0,900.0,0.0,1231.0,1231.0,0.0
2020-03-19,Thursday,10593.0,10215.0,10593.0,7334.0,9219.8,10593.0,7421.1,32.5,1634.0,0.0,164.0,951.0,3702.0,3702.0,0.0,1145.0,1145.0,0.0,1065.0,1065.0,0.0,863.0,863.0,0.0,361.0,361.0,0.0,249.0,249.0,0.0,678.0,678.0,0.0,919.0,919.0,0.0,1233.0,1233.0,0.0
2020-03-20,Friday,9727.0,9147.0,9727.0,7223.3,7792.2,9727.0,6960.0,33.4,1537.0,0.0,164.0,1311.0,3061.0,3061.0,0.0,1071.0,1071.0,0.0,978.0,978.0,0.0,788.0,788.0,0.0,348.0,348.0,0.0,243.0,243.0,0.0,645.0,645.0,0.0,845.0,845.0,0.0,1168.0,1168.0,0.0
2020-03-22,Sunday,10529.0,9998.0,10529.0,6960.0,7808.8,10529.0,5786.0,33.6,1501.0,0.0,163.0,1324.0,3587.0,3587.0,0.0,1130.0,1130.0,0.0,1123.0,1123.0,0.0,849.0,849.0,0.0,369.0,369.0,0.0,255.0,255.0,0.0,686.0,686.0,0.0,912.0,912.0,0.0,1087.0,1087.0,0.0
2020-03-22,Sunday,10186.0,9539.0,10186.0,5786.0,8544.4,10186.0,6962.0,30.5,1534.0,0.0,156.0,1324.0,3414.0,3414.0,0.0,1100.0,1100.0,0.0,1040.0,1040.0,0.0,814.0,814.0,0.0,328.0,328.0,0.0,230.0,230.0,0.0,637.0,637.0,0.0,845.0,845.0,0.0,1131.0,1131.0,0.0
2020-03-23,Monday,10093.0,9629.0,10093.0,6962.0,8829.3,10093.0,6933.0,30.6,1559.0,0.0,155.0,1336.0,3362.0,3362.0,0.0,1147.0,1147.0,0.0,1036.0,1036.0,0.0,816.0,816.0,0.0,340.0,340.0,0.0,254.0,254.0,0.0,650.0,650.0,0.0,860.0,860.0,0.0,1164.0,1164.0,0.0
2020-03-24,Wednesday,10264.0,9812.0,10264.0,6933.0,8812.3,10264.0,6845.0,32.6,1637.0,0.0,152.0,964.0,3317.0,3317.0,0.0,1104.0,1104.0,0.0,1103.0,1103.0,0.0,844.0,844.0,0.0,354.0,354.0,0.0,238.0,238.0,0.0,686.0,686.0,0.0,921.0,921.0,0.0,1245.0,1245.0,0.0
2020-03-25,Wednesday,9939.0,9453.0,9939.0,6845.0,8801.1,9939.0,6555.0,33.3,1789.0,0.0,156.0,964.0,2991.0,2991.0,0.0,1088.0,1088.0,0.0,1094.0,1094.0,0.0,858.0,858.0,0.0,355.0,355.0,0.0,243.0,243.0,0.0,686.0,686.0,0.0,907.0,907.0,0.0,1231.0,1231.0,0.0
2020-03-26,Thursday,9492.0,8969.0,9492.0,6555.0,7486.4,9492.0,6418.0,35.0,1824.0,0.0,155.0,964.0,2686.0,2686.0,0.0,812.0,812.0,0.0,1105.0,1105.0,0.0,902.0,902.0,0.0,369.0,369.0,0.0,249.0,249.0,0.0,683.0,683.0,0.0,962.0,962.0,0.0,1201.0,1201.0,0.0
2020-03-27,Friday,9834.0,9266.0,9834.0,6418.0,7907.4,9834.0,6882.3,36.6,1663.0,0.0,155.0,964.0,2693.0,2693.0,0.0,1039.0,1039.0,0.0,1115.0,1115.0,0.0,892.0,892.0,0.0,391.0,391.0,0.0,259.0,259.0,0.0,681.0,681.0,0.0,961.0,961.0,0.0,1235.0,1235.0,0.0
2020-03-28,Saturday,10217.0,9585.0,10217.0,6882.3,7963.5,10217.0,7049.0,35.8,1615.0,0.0,151.0,1364.0,2776.0,2776.0,0.0,1057.0,1057.0,0.0,1169.0,1169.0,0.0,908.0,908.0,0.0,399.0,399.0,0.0,273.0,273.0,0.0,697.0,697.0,0.0,1021.0,1021.0,0.0,1285.0,1285.0,0.0
2020-03-29,Sunday,9915.0,9312.0,9915.0,7049.0,7840.6,9915.0,6928.1,35.3,1479.0,0.0,154.0,1449.0,2705.0,2705.0,0.0,1035.0,1035.0,0.0,1138.0,1138.0,0.0,869.0,869.0,0.0,369.0,369.0,0.0,261.0,261.0,0.0,713.0,713.0,0.0,962.0,962.0,0.0,1260.0,1260.0,0.0
2020-03-30,Monday,9700.0,9240.0,9700.0,6928.1,7587.6,9700.0,6673.1,34.8,1400.0,0.0,156.0,1383.0,2645.0,2645.0,0.0,1068.0,1068.0,0.0,1146.0,1146.0,0.0,884.0,884.0,0.0,343.0,343.0,0.0,247.0,247.0,0.0,725.0,725.0,0.0,941.0,941.0,0.0,1240.5,1240.5,0.0
2020-03-31,Tuesday,9663.0,9165.0,9663.0,6673.1,7886.4,9663.0,6763.1,36.0,1280.0,0.0,154.0,1345.0,2625.0,2625.0,0.0,1047.0,1047.0,0.0,1124.0,1124.0,0.0,877.0,877.0,0.0,350.0,350.0,0.0,249.0,249.0,0.0,714.0,714.0,0.0,958.0,958.0,0.0,1221.0,1221.0,0.0
2020-04-01,Saturday,8397.0,7729.0,8397.0,4592.0,6108.49,8397.0,5007.0,23.9,1279.0,0.0,184.0,763.0,2791.0,2791.0,0.0,839.0,839.0,0.0,991.0,991.0,0.0,659.0,659.0,0.0,319.0,319.0,0.0,230.0,230.0,0.0,230.0,230.0,0.0,679.0,679.0,0.0,991.0,991.0,0.0
2020-04-02,Tuesday,9126.0,8273.0,9126.0,5498.0,7643.3,9126.0,5624.0,25.7,1660.0,0.0,159.0,800.0,3015.0,3015.0,0.0,869.0,869.0,0.0,1053.0,1053.0,0.0,771.0,771.0,0.0,314.0,314.0,0.0,227.0,227.0,0.0,227.0,227.0,0.0,744.0,744.0,0.0,1053.0,1053.0,0.0
2020-04-03,Wednesday,9315.0,8863.0,9315.0,6045.0,8194.6,9315.0,5894.0,30.0,1570.0,0.0,162.0,788.0,3490.0,3490.0,0.0,1038.0,1038.0,0.0,1027.0,1027.0,0.0,727.0,727.0,0.0,347.0,347.0,0.0,217.0,217.0,0.0,217.0,217.0,0.0,773.0,773.0,0.0,1027.0,1027.0,0.0
2020-04-04,Saturday,9828.0,9266.0,9828.0,6392.4,7905.3,9828.0,7231.0,36.0,931.0,0.0,195.0,1866.0,2762.0,2762.0,0.0,939.0,939.0,0.0,1193.0,1193.0,0.0,897.0,897.0,0.0,363.0,363.0,0.0,218.0,218.0,0.0,716.0,716.0,0.0,855.0,855.0,0.0,1323.0,1323.0,0.0
2020-04-05,Monday,10273.0,9613.0,10273.0,5911.59,7706.9,10273.0,7080.3,34.5,1014.0,170.0,192.0,1855.0,3024.0,3024.0,0.0,872.0,872.0,0.0,1134.0,1134.0,0.0,872.0,872.0,0.0,419.0,419.0,0.0,266.0,266.0,0.0,671.0,671.0,0.0,1029.0,1029.0,0.0,1326.0,1326.0,0.0
2020-04-06,Thursday,9376.0,8763.0,9847.0,8043.4,9052.5,9376.0,6656.5,34.7,1076.0,170.0,152.0,1949.0,3003.0,3003.0,0.0,870.0,870.0,0.0,808.0,808.0,0.0,658.0,658.0,0.0,414.0,414.0,0.0,321.0,321.0,0.0,616.0,616.0,0.0,985.0,985.0,0.0,1088.0,1088.0,0.0
2020-04-07,Saturday,11743.0,11195.0,11766.0,8889.0,9795.9,11743.0,8580.9,33.6,926.0,170.0,125.0,1764.0,3864.0,3864.0,0.0,1053.0,1053.0,0.0,1293.0,1293.0,0.0,965.0,965.0,0.0,477.0,477.0,0.0,310.0,310.0,0.0,738.0,738.0,0.0,1094.0,1094.0,0.0,1229.6666666666667,1229.6666666666667,0.0
2020-04-08,Tuesday,10910.0,10470.0,10959.0,8444.6,8472.3,10910.0,8092.4,32.1,979.0,170.0,129.0,1903.0,3041.0,3041.0,0.0,1052.0,1052.0,0.0,1199.0,1199.0,0.0,985.0,985.0,0.0,512.0,512.0,0.0,343.0,343.0,0.0,733.0,733.0,0.0,1203.0,1203.0,0.0,1371.3333333333333,1371.3333333333333,0.0
2020-04-09,Friday,12101.0,11616.0,12106.0,8634.4,9075.7,12101.0,9300.7,35.8,1705.0,170.0,153.0,1611.0,3766.0,3766.0,0.0,1284.0,1284.0,0.0,1279.0,1279.0,0.0,907.0,907.0,0.0,505.0,505.0,0.0,356.0,356.0,0.0,778.0,778.0,0.0,1228.0,1228.0,0.0,1513.0,1513.0,0.0
2020-04-10,Sunday,12317.0,11830.0,12317.0,8930.0,10180.0,12317.0,8982.0,34.0,1203.0,170.0,188.0,1626.0,4241.0,4241.0,0.0,1200.0,1200.0,0.0,1239.0,1239.0,0.0,934.0,934.0,0.0,496.0,496.0,0.0,332.0,332.0,0.0,740.0,740.0,0.0,1150.0,1150.0,0.0,1498.0,1498.0,0.0
2020-04-11,Wednesday,10322.0,9730.0,10322.0,7657.0,8623.0,10322.0,6924.0,32.0,1507.0,170.0,74.0,1965.0,3697.0,3697.0,0.0,1012.0,1012.0,0.0,896.0,896.0,0.0,744.0,744.0,0.0,430.0,430.0,0.0,282.0,282.0,0.0,564.0,564.0,0.0,961.0,961.0,0.0,1144.0,1144.0,0.0
2020-04-12,Friday,7922.0,7551.0,7922.0,5707.0,6202.0,7922.0,5281.0,29.1,1687.0,76.0,145.0,2219.0,2601.0,2601.0,0.0,833.0,833.0,0.0,786.0,786.0,0.0,626.0,626.0,0.0,296.0,296.0,0.0,225.0,225.0,0.0,533.0,533.0,0.0,701.0,701.0,0.0,950.0,950.0,0.0
2020-04-13,Monday,9967.0,9466.0,9967.0,5923.6,7472.0,9967.0,6852.8,35.0,1119.0,85.0,197.0,1631.0,2632.0,2632.0,0.0,896.0,896.0,0.0,1242.0,1242.0,0.0,879.0,879.0,0.0,382.0,382.0,0.0,290.0,290.0,0.0,746.0,746.0,0.0,1010.0,1010.0,0.0,1389.0,1389.0,0.0
2020-04-14,Tuesday,10344.0,9736.0,10344.0,6852.8,7847.1,10344.0,7370.7,35.9,801.0,85.0,200.0,1746.0,2777.0,2777.0,0.0,881.0,881.0,0.0,1269.0,1269.0,0.0,926.0,926.0,0.0,414.0,414.0,0.0,305.0,305.0,0.0,758.0,758.0,0.0,1046.0,1046.0,0.0,1360.0,1360.0,0.0
2020-04-15,Wednesday,7769.0,7294.0,8758.0,5012.9,7001.03,7769.0,4939.3,33.5,865.0,85.0,195.0,1746.0,2327.0,2327.0,0.0,850.0,850.0,0.0,816.0,816.0,0.0,492.0,492.0,0.0,224.0,224.0,0.0,284.0,284.0,0.0,429.0,429.0,0.0,781.0,781.0,0.0,1091.0,1091.0,0.0
2020-04-16,Thursday,9358.0,8892.0,9358.0,4939.3,6516.4,9358.0,5702.9,34.6,716.0,85.0,193.0,1746.0,2546.0,2546.0,0.0,876.0,876.0,0.0,1078.0,1078.0,0.0,742.0,742.0,0.0,352.0,352.0,0.0,295.0,295.0,0.0,638.0,638.0,0.0,1004.0,1004.0,0.0,1361.0,1361.0,0.0
2020-04-17,Friday,8830.0,8291.0,8830.0,5558.5,5671.3,8830.0,5708.7,33.5,812.0,85.0,193.0,1521.0,2412.0,2412.0,0.0,820.0,820.0,0.0,989.0,989.0,0.0,654.0,654.0,0.0,257.0,257.0,0.0,291.0,291.0,0.0,572.0,572.0,0.0,943.0,943.0,0.0,1353.0,1353.0,0.0
2020-04-18,Saturday,8804.0,8313.0,8804.0,5708.7,6605.4,8804.0,4764.5,34.4,1077.0,85.0,199.0,1521.0,2473.0,2473.0,0.0,875.0,875.0,0.0,1070.0,1070.0,0.0,641.0,641.0,0.0,200.0,200.0,0.0,299.0,299.0,0.0,608.0,608.0,0.0,772.0,772.0,0.0,1375.0,1375.0,0.0
2020-04-19,Sunday,9455.0,8956.0,9455.0,4764.5,6723.6,9455.0,4311.8,34.6,993.0,85.0,197.0,1296.0,2600.0,2600.0,0.0,853.0,853.0,0.0,1149.0,1149.0,0.0,812.0,812.0,0.0,347.0,347.0,0.0,291.0,291.0,0.0,630.0,630.0,0.0,1000.0,1000.0,0.0,1274.0,1274.0,0.0
2020-04-20,Monday,8635.0,8129.0,8635.0,4311.8,6400.6,8635.0,5362.0,32.2,1399.0,85.0,198.0,1296.0,2447.0,2447.0,0.0,838.0,838.0,0.0,1043.0,1043.0,0.0,769.0,769.0,0.0,318.0,318.0,0.0,172.0,172.0,0.0,639.0,639.0,0.0,808.0,808.0,0.0,1095.0,1095.0,0.0
2020-04-21,Tuesday,8041.0,7576.0,8041.0,5362.0,5542.8,8041.0,5184.6,30.7,1359.0,85.0,194.0,1296.0,2354.0,2354.0,0.0,745.0,745.0,0.0,928.0,928.0,0.0,701.0,701.0,0.0,312.0,312.0,0.0,227.0,227.0,0.0,428.0,428.0,0.0,857.0,857.0,0.0,1024.0,1024.0,0.0
2020-04-22,Wednesday,8461.0,8091.0,8461.0,5184.6,6136.6,8461.0,5651.2,33.4,1322.0,85.0,195.0,1476.0,2474.0,2474.0,0.0,814.0,814.0,0.0,965.0,965.0,0.0,717.0,717.0,0.0,311.0,311.0,0.0,202.0,202.0,0.0,581.0,581.0,0.0,803.0,803.0,0.0,1224.0,1224.0,0.0
2020-04-23,Thursday,7017.0,6803.0,7297.5,5651.2,6715.4,7017.0,4717.0,32.0,1278.0,85.0,193.0,1476.0,2272.0,2272.0,0.0,748.0,748.0,0.0,839.0,839.0,0.0,626.0,626.0,0.0,294.0,294.0,0.0,139.0,139.0,0.0,559.0,559.0,0.0,616.0,616.0,0.0,710.0,710.0,0.0
2020-04-24,Friday,7189.0,6850.0,7189.0,4717.0,5768.6,7189.0,4292.2,31.1,1236.0,85.0,194.0,1566.0,2124.0,2124.0,0.0,611.0,611.0,0.0,967.0,967.0,0.0,697.0,697.0,0.0,281.0,281.0,0.0,113.0,113.0,0.0,587.0,587.0,0.0,632.0,632.0,0.0,838.0,838.0,0.0
2020-04-25,Saturday,7969.0,7526.0,7969.0,4292.2,6068.7,7969.0,4694.0,31.2,1191.0,85.0,193.0,1549.0,2272.0,2272.0,0.0,644.0,644.0,0.0,993.0,993.0,0.0,761.0,761.0,0.0,314.0,314.0,0.0,193.0,193.0,0.0,532.0,532.0,0.0,701.0,701.0,0.0,1116.0,1116.0,0.0
2020-04-26,Sunday,7256.0,6863.0,7256.0,4694.0,6076.5,7256.0,4535.6,30.7,1212.0,100.0,193.0,1549.0,2079.0,2079.0,0.0,635.0,635.0,0.0,818.0,818.0,0.0,653.0,653.0,0.0,322.0,322.0,0.0,190.0,190.0,0.0,530.0,530.0,0.0,664.0,664.0,0.0,972.0,972.0,0.0
2020-04-27,Monday,8999.0,8490.0,8999.0,4535.6,6353.6,8999.0,5248.2,31.6,1132.0,170.0,195.0,1549.0,2542.0,2542.0,0.0,797.0,797.0,0.0,1047.0,1047.0,0.0,842.0,842.0,0.0,314.0,314.0,0.0,248.0,248.0,0.0,634.0,634.0,0.0,896.0,896.0,0.0,1170.0,1170.0,0.0
2020-04-28,Tuesday,7640.0,7236.0,7640.0,5248.2,6279.8,7640.0,4783.07,29.8,1113.0,170.0,194.0,1519.0,2191.0,2191.0,0.0,765.0,765.0,0.0,800.0,800.0,0.0,580.0,580.0,0.0,297.0,297.0,0.0,243.0,243.0,0.0,541.0,541.0,0.0,771.0,771.0,0.0,1048.0,1048.0,0.0
2020-04-29,Wednesday,8743.0,8303.0,8743.0,4783.07,6501.4,8743.0,5418.2,31.3,1111.0,170.0,194.0,1529.0,2529.0,2529.0,0.0,821.0,821.0,0.0,955.0,955.0,0.0,779.0,779.0,0.0,346.0,346.0,0.0,266.0,266.0,0.0,553.0,553.0,0.0,948.0,948.0,0.0,1106.0,1106.0,0.0
2020-04-30,Thursday,8658.0,8072.0,8658.0,5418.2,6706.8,8658.0,5029.7,31.2,949.0,170.0,196.0,1669.0,2448.0,2448.0,0.0,814.0,814.0,0.0,906.0,906.0,0.0,770.0,770.0,0.0,383.0,383.0,0.0,234.0,234.0,0.0,614.0,614.0,0.0,812.0,812.0,0.0,1091.0,1091.0,0.0
2020-05-01,Sunday,8221.0,7518.0,8221.0,5007.0,6764.71,8221.0,5117.0,22.8,1299.0,0.0,184.0,543.0,2803.0,2803.0,0.0,839.0,839.0,0.0,921.0,921.0,0.0,629.0,629.0,0.0,307.0,307.0,0.0,194.0,194.0,0.0,194.0,194.0,0.0,710.0,710.0,0.0,921.0,921.0,0.0
2020-05-02,Wednesday,9099.0,8276.0,9099.0,5624.0,7404.26,9099.0,5573.0,26.0,1545.0,0.0,158.0,780.0,3018.0,3018.0,0.0,880.0,880.0,0.0,1062.0,1062.0,0.0,732.0,732.0,0.0,326.0,326.0,0.0,222.0,222.0,0.0,222.0,222.0,0.0,752.0,752.0,0.0,1062.0,1062.0,0.0
2020-05-03,Thursday,9481.0,8596.0,9481.0,5894.0,8137.5,9481.0,6470.0,30.1,1826.0,0.0,163.0,825.0,3487.0,3487.0,0.0,1013.0,1013.0,0.0,1009.0,1009.0,0.0,767.0,767.0,0.0,345.0,345.0,0.0,85.0,85.0,0.0,85.0,85.0,0.0,796.0,796.0,0.0,1009.0,1009.0,0.0
2020-05-04,Sunday,9454.0,8969.0,9454.0,7231.0,8389.7,9454.0,6853.5,36.0,1084.0,0.0,198.0,1726.0,2731.0,2731.0,0.0,970.0,970.0,0.0,1163.0,1163.0,0.0,899.0,899.0,0.0,387.0,387.0,0.0,186.0,186.0,0.0,743.0,743.0,0.0,635.0,635.0,0.0,1255.0,1255.0,0.0
2020-05-05,Tuesday,8170.0,7796.0,9112.0,7080.3,8474.7,8170.0,4525.7,35.4,892.0,170.0,193.0,2526.0,2777.0,2777.0,0.0,906.0,906.0,0.0,720.0,720.0,0.0,347.0,347.0,0.0,151.0,151.0,0.0,304.0,304.0,0.0,330.0,330.0,0.0,1000.0,1000.0,0.0,1261.0,1261.0,0.0
2020-05-06,Friday,10098.0,9612.0,10098.0,6656.5,7720.9,10098.0,7651.1,34.0,1132.0,170.0,126.0,1948.0,3161.0,3161.0,0.0,1054.0,1054.0,0.0,907.0,907.0,0.0,857.0,857.0,0.0,362.0,362.0,0.0,347.0,347.0,0.0,525.0,525.0,0.0,1063.0,1063.0,0.0,1336.0,1336.0,0.0
2020-05-07,Sunday,11415.0,11070.0,11527.0,8580.9,9726.9,11415.0,8405.2,31.4,937.0,170.0,121.0,1696.0,3745.0,3745.0,0.0,1066.0,1066.0,0.0,1245.0,1245.0,0.0,979.0,979.0,0.0,462.0,462.0,0.0,320.0,320.0,0.0,777.0,777.0,0.0,1054.0,1054.0,0.0,1417.0,1417.0,0.0
2020-05-08,Wednesday,10538.0,10181.0,10666.0,8079.3,8171.6,10538.0,8124.1,34.6,917.0,170.0,128.0,2266.0,3054.0,3054.0,0.0,1076.0,1076.0,0.0,1107.0,1107.0,0.0,954.0,954.0,0.0,485.0,485.0,0.0,281.0,281.0,0.0,763.0,763.0,0.0,1138.0,1138.0,0.0,1498.0,1498.0,0.0
2020-05-09,Saturday,12892.0,12196.0,12892.0,9300.7,10311.2,12892.0,9638.0,35.1,1645.0,170.0,154.0,1638.0,4142.0,4142.0,0.0,1293.0,1293.0,0.0,1363.0,1363.0,0.0,905.0,905.0,0.0,518.0,518.0,0.0,370.0,370.0,0.0,758.0,758.0,0.0,1268.0,1268.0,0.0,1579.0,1579.0,0.0
2020-05-10,Monday,12054.0,11547.0,12054.0,8982.0,10276.0,12054.0,8581.0,32.8,1142.0,170.0,151.0,1626.0,4026.0,4026.0,0.0,1207.0,1207.0,0.0,1224.0,1224.0,0.0,926.0,926.0,0.0,488.0,488.0,0.0,348.0,348.0,0.0,729.0,729.0,0.0,1159.0,1159.0,0.0,1440.0,1440.0,0.0
2020-05-11,Thursday,9602.0,9072.0,9602.0,6924.0,8281.0,9602.0,5806.0,32.4,1765.0,170.0,74.0,1965.0,3379.0,3379.0,0.0,1113.0,1113.0,0.0,869.0,869.0,0.0,664.0,664.0,0.0,355.0,355.0,0.0,253.0,253.0,0.0,534.0,534.0,0.0,821.0,821.0,0.0,1084.0,1084.0,0.0
2020-05-12,Saturday,9098.0,8548.0,9098.0,5281.0,6764.0,9098.0,5622.0,27.7,1726.0,85.0,156.0,2493.0,3109.0,3109.0,0.0,1003.0,1003.0,0.0,845.0,845.0,0.0,674.0,674.0,0.0,317.0,317.0,0.0,243.0,243.0,0.0,587.0,587.0,0.0,719.0,719.0,0.0,1051.0,1051.0,0.0
2020-05-13,Wednesday,9803.0,9416.0,10576.0,8291.0,9204.3,9803.0,7208.49,35.4,899.0,170.0,196.0,2337.0,2958.0,2958.0,0.0,1061.0,1061.0,0.0,1111.0,1111.0,0.0,682.0,682.0,0.0,345.0,345.0,0.0,339.0,339.0,0.0,504.0,504.0,0.0,959.0,959.0,0.0,1457.0,1457.0,0.0
2020-05-14,Thursday,10285.0,9902.0,10285.0,7208.49,9040.7,10285.0,7121.4,35.3,996.0,170.0,193.0,2340.0,3087.0,3087.0,0.0,1046.0,1046.0,0.0,1175.0,1175.0,0.0,730.0,730.0,0.0,426.0,426.0,0.0,341.0,341.0,0.0,646.0,646.0,0.0,986.0,986.0,0.0,1465.0,1465.0,0.0
2020-05-15,Friday,10142.0,9675.0,10142.0,7121.4,8033.1,10142.0,7084.1,34.6,932.0,170.0,194.0,2334.0,2870.0,2870.0,0.0,1025.0,1025.0,0.0,1174.0,1174.0,0.0,940.0,940.0,0.0,423.0,423.0,0.0,332.0,332.0,0.0,663.0,663.0,0.0,864.0,864.0,0.0,1384.0,1384.0,0.0
2020-05-16,Saturday,11305.0,10830.0,11305.0,7084.1,8359.5,11305.0,7581.1,35.0,905.0,170.0,193.0,2312.0,3475.0,3475.0,0.0,1088.0,1088.0,0.0,1270.0,1270.0,0.0,866.0,866.0,0.0,424.0,424.0,0.0,357.0,357.0,0.0,652.0,652.0,0.0,1159.0,1159.0,0.0,1539.0,1539.0,0.0
2020-05-17,Sunday,11828.0,11273.0,11828.0,7581.1,9209.1,11828.0,8461.8,36.0,1104.0,170.0,198.0,2317.0,3538.0,3538.0,0.0,1080.0,1080.0,0.0,1271.0,1271.0,0.0,989.0,989.0,0.0,485.0,485.0,0.0,379.0,379.0,0.0,718.0,718.0,0.0,1225.0,1225.0,0.0,1588.0,1588.0,0.0
2020-05-18,Monday,11941.0,11499.0,11977.0,8461.8,9490.1,11941.0,9041.22,37.0,862.0,170.0,192.0,2316.0,3615.0,3615.0,0.0,1139.0,1139.0,0.0,1284.0,1284.0,0.0,1001.0,1001.0,0.0,508.0,508.0,0.0,380.0,380.0,0.0,781.0,781.0,0.0,1219.0,1219.0,0.0,1572.0,1572.0,0.0
2020-05-19,Tuesday,10788.0,10327.0,11508.0,9041.22,9442.0,10788.0,6732.6,34.5,875.0,170.0,230.0,2306.0,3446.0,3446.0,0.0,703.0,703.0,0.0,1238.0,1238.0,0.0,1002.0,1002.0,0.0,519.0,519.0,0.0,320.0,320.0,0.0,757.0,757.0,0.0,1071.0,1071.0,0.0,1271.0,1271.0,0.0
2020-05-20,Wednesday,6330.0,6108.0,9291.0,3752.0,7109.3,6330.0,2679.2,30.0,1054.0,170.0,200.0,2329.0,2614.0,2614.0,0.0,781.0,781.0,0.0,574.0,574.0,0.0,578.0,578.0,0.0,354.0,354.0,0.0,11.0,11.0,0.0,436.0,436.0,0.0,603.0,603.0,0.0,157.0,157.0,0.0
2020-05-21,Thursday,7411.0,7121.0,7530.0,2679.2,4344.87,7411.0,5502.7,30.0,1005.0,170.0,200.0,2338.0,2847.0,2847.0,0.0,838.0,838.0,0.0,491.0,491.0,0.0,663.0,663.0,0.0,375.0,375.0,0.0,200.0,200.0,0.0,192.0,192.0,0.0,1021.0,1021.0,0.0,494.0,494.0,0.0
2020-05-22,Friday,9308.0,8893.0,9398.0,5502.7,6143.1,9308.0,6833.6,31.8,850.0,170.0,199.0,2324.0,2942.0,2942.0,0.0,1052.0,1052.0,0.0,949.0,949.0,0.0,823.0,823.0,0.0,408.0,408.0,0.0,288.0,288.0,0.0,425.0,425.0,0.0,1115.0,1115.0,0.0,891.0,891.0,0.0
2020-05-23,Saturday,10242.0,9835.0,10318.0,6833.6,7249.5,10242.0,6636.3,34.8,904.0,170.0,199.0,2559.0,3027.0,3027.0,0.0,1039.0,1039.0,0.0,1139.0,1139.0,0.0,957.0,957.0,0.0,435.0,435.0,0.0,295.0,295.0,0.0,683.0,683.0,0.0,1176.0,1176.0,0.0,1084.0,1084.0,0.0
2020-05-24,Sunday,9574.0,9256.0,9911.0,6422.8,6606.5,9574.0,5976.3,33.4,915.0,170.0,200.0,2533.0,2783.0,2783.0,0.0,898.0,898.0,0.0,1109.0,1109.0,0.0,907.0,907.0,0.0,430.0,430.0,0.0,326.0,326.0,0.0,628.0,628.0,0.0,1086.0,1086.0,0.0,1089.0,1089.0,0.0
2020-05-25,Monday,8929.0,8462.0,8960.0,5788.9,6056.9,8929.0,5965.41,33.4,776.0,170.0,201.0,2544.0,2665.0,2665.0,0.0,839.0,839.0,0.0,906.0,906.0,0.0,686.0,686.0,0.0,341.0,341.0,0.0,310.0,310.0,0.0,509.0,509.0,0.0,1073.0,1073.0,0.0,1133.0,1133.0,0.0
2020-05-26,Tuesday,8341.0,7945.0,8341.0,5830.81,5863.02,8341.0,3235.9,32.7,956.0,170.0,201.0,2542.0,2626.0,2626.0,0.0,839.0,839.0,0.0,709.0,709.0,0.0,765.0,765.0,0.0,366.0,366.0,0.0,311.0,311.0,0.0,434.0,434.0,0.0,959.0,959.0,0.0,936.0,936.0,0.0
2020-05-27,Wednesday,6958.0,6399.0,6958.0,3235.9,4434.5,6958.0,4366.7,27.6,935.0,170.0,200.0,2253.0,2061.0,2061.0,0.0,821.0,821.0,0.0,656.0,656.0,0.0,464.0,464.0,0.0,286.0,286.0,0.0,245.0,245.0,0.0,495.0,495.0,0.0,635.0,635.0,0.0,736.0,736.0,0.0
2020-05-28,Thursday,8468.0,8147.0,8468.0,4366.7,6522.5,8468.0,5802.0,31.0,768.0,170.0,200.0,2428.0,2601.0,2601.0,0.0,932.0,932.0,0.0,918.0,918.0,0.0,684.0,684.0,0.0,290.0,290.0,0.0,216.0,216.0,0.0,560.0,560.0,0.0,947.0,947.0,0.0,999.0,999.0,0.0
2020-05-29,Friday,9155.0,8660.0,9155.0,5800.0,6772.1,9155.0,6027.2,33.4,768.0,170.0,200.0,2375.0,2593.0,2593.0,0.0,919.0,919.0,0.0,1064.0,1064.0,0.0,778.0,778.0,0.0,384.0,384.0,0.0,251.0,251.0,0.0,661.0,661.0,0.0,855.0,855.0,0.0,1155.0,1155.0,0.0
2020-05-30,Saturday,9184.0,8941.0,9184.0,6027.2,7183.1,9184.0,6486.5,31.8,832.0,170.0,165.0,2374.0,2934.0,2934.0,0.0,993.0,993.0,0.0,937.0,937.0,0.0,808.0,808.0,0.0,395.0,395.0,0.0,273.0,273.0,0.0,661.0,661.0,0.0,997.0,997.0,0.0,943.0,943.0,0.0
2020-05-31,Sunday,10574.0,10001.0,10574.0,6486.5,8346.7,10574.0,7009.8,35.0,891.0,170.0,164.0,2019.0,3240.0,3240.0,0.0,988.0,988.0,0.0,1156.0,1156.0,0.0,904.0,904.0,0.0,355.0,355.0,0.0,317.0,317.0,0.0,703.0,703.0,0.0,1037.0,1037.0,0.0,1301.0,1301.0,0.0
2020-06-01,Monday,8575.0,7979.0,8575.0,5117.0,6578.48,8575.0,5125.0,22.6,1349.0,0.0,184.0,543.0,2929.0,2929.0,0.0,905.0,905.0,0.0,1014.0,1014.0,0.0,663.0,663.0,0.0,307.0,307.0,0.0,233.0,233.0,0.0,233.0,233.0,0.0,681.0,681.0,0.0,1014.0,1014.0,0.0
2020-06-02,Thursday,9132.0,8316.0,9132.0,5573.0,7671.65,9132.0,5707.0,26.6,1765.0,0.0,160.0,645.0,3027.0,3027.0,0.0,901.0,901.0,0.0,1067.0,1067.0,0.0,758.0,758.0,0.0,312.0,312.0,0.0,220.0,220.0,0.0,220.0,220.0,0.0,744.0,744.0,0.0,1067.0,1067.0,0.0
2020-06-03,Friday,8460.0,7758.0,8460.0,6364.8,6439.1,8460.0,5992.0,29.6,1948.0,0.0,163.0,825.0,2729.0,2729.0,0.0,905.0,905.0,0.0,1026.0,1026.0,0.0,599.0,599.0,0.0,287.0,287.0,0.0,219.0,219.0,0.0,219.0,219.0,0.0,748.0,748.0,0.0,1026.0,1026.0,0.0
2020-06-04,Monday,10009.0,9404.0,10009.0,6853.5,8234.0,10009.0,6891.0,37.0,898.0,85.0,194.0,1726.0,2681.0,2681.0,0.0,1017.0,1017.0,0.0,1191.0,1191.0,0.0,928.0,928.0,0.0,390.0,390.0,0.0,233.0,233.0,0.0,742.0,742.0,0.0,933.0,933.0,0.0,1289.0,1289.0,0.0
2020-06-05,Wednesday,9126.0,8506.0,9126.0,4525.7,6007.3,9126.0,5802.6,30.7,667.0,170.0,154.0,3006.0,2793.0,2793.0,0.0,957.0,957.0,0.0,949.0,949.0,0.0,654.0,654.0,0.0,343.0,343.0,0.0,242.0,242.0,0.0,596.0,596.0,0.0,775.0,775.0,0.0,1197.0,1197.0,0.0
2020-06-06,Saturday,10677.0,10196.0,10677.0,7651.1,8998.5,10677.0,8325.2,34.7,1019.0,170.0,154.0,1953.0,3313.0,3313.0,0.0,1026.0,1026.0,0.0,1220.0,1220.0,0.0,901.0,901.0,0.0,404.0,404.0,0.0,322.0,322.0,0.0,691.0,691.0,0.0,998.0,998.0,0.0,1321.0,1321.0,0.0
2020-06-07,Monday,11470.0,10983.0,11470.0,8405.2,9498.3,11470.0,8559.2,32.2,998.0,170.0,123.0,1696.0,3696.0,3696.0,0.0,1044.0,1044.0,0.0,1225.0,1225.0,0.0,971.0,971.0,0.0,466.0,466.0,0.0,304.0,304.0,0.0,764.0,764.0,0.0,1071.0,1071.0,0.0,1379.0,1379.0,0.0
2020-06-08,Thursday,11137.0,10754.0,11200.0,8124.1,8725.8,11137.0,8038.59,33.4,907.0,170.0,88.0,2257.0,3173.0,3173.0,0.0,1133.0,1133.0,0.0,1205.0,1205.0,0.0,996.0,996.0,0.0,513.0,513.0,0.0,350.0,350.0,0.0,808.0,808.0,0.0,1139.0,1139.0,0.0,1437.0,1437.0,0.0
2020-06-09,Sunday,12097.0,11534.0,12245.0,9638.0,10834.0,12097.0,9047.5,34.6,1645.0,170.0,153.0,1458.0,4088.0,4088.0,0.0,1145.0,1145.0,0.0,1130.0,1130.0,0.0,827.0,827.0,0.0,530.0,530.0,0.0,374.0,374.0,0.0,716.0,716.0,0.0,1208.0,1208.0,0.0,1516.0,1516.0,0.0
2020-06-10,Tuesday,11944.0,11286.0,11944.0,8583.0,9668.0,11944.0,8442.0,32.4,1392.0,170.0,120.0,1626.0,4076.0,4076.0,0.0,1136.0,1136.0,0.0,1169.0,1169.0,0.0,869.0,869.0,0.0,432.0,432.0,0.0,332.0,332.0,0.0,708.0,708.0,0.0,1096.0,1096.0,0.0,1468.0,1468.0,0.0
2020-06-11,Friday,7975.0,7446.0,7975.0,5806.0,6269.0,7975.0,5524.0,31.0,1688.0,170.0,70.0,1965.0,2599.0,2599.0,0.0,848.0,848.0,0.0,758.0,758.0,0.0,611.0,611.0,0.0,320.0,320.0,0.0,236.0,236.0,0.0,483.0,483.0,0.0,655.0,655.0,0.0,936.0,936.0,0.0
2020-06-12,Sunday,8996.0,8394.0,8996.0,5622.0,7331.0,8996.0,5593.0,27.8,2025.0,85.0,144.0,2493.0,3087.0,3087.0,0.0,957.0,957.0,0.0,829.0,829.0,0.0,667.0,667.0,0.0,313.0,313.0,0.0,232.0,232.0,0.0,573.0,573.0,0.0,710.0,710.0,0.0,1026.0,1026.0,0.0
2020-06-13,Saturday,10714.0,10273.0,10741.0,7512.4,8525.7,10714.0,8073.9,28.7,948.0,170.0,167.0,2107.0,3412.0,3412.0,0.0,997.0,997.0,0.0,1148.0,1148.0,0.0,889.0,889.0,0.0,424.0,424.0,0.0,320.0,320.0,0.0,696.0,696.0,0.0,989.0,989.0,0.0,1398.0,1398.0,0.0
2020-06-14,Sunday,11410.0,10826.0,11410.0,8073.9,9617.1,11410.0,8441.1,33.6,990.0,170.0,132.0,2108.0,3660.0,3660.0,0.0,1025.0,1025.0,0.0,1198.0,1198.0,0.0,991.0,991.0,0.0,452.0,452.0,0.0,322.0,322.0,0.0,628.0,628.0,0.0,1083.0,1083.0,0.0,1467.0,1467.0,0.0
2020-06-15,Monday,11634.0,11143.0,11634.0,8441.1,9834.0,11634.0,8543.4,34.0,935.0,170.0,166.0,2109.0,3773.0,3773.0,0.0,1034.0,1034.0,0.0,1251.0,1251.0,0.0,988.0,988.0,0.0,446.0,446.0,0.0,325.0,325.0,0.0,738.0,738.0,0.0,1101.0,1101.0,0.0,1441.9411764705883,1441.9411764705883,0.0
2020-06-16,Tuesday,11389.0,10844.0,11389.0,8543.4,9786.2,11389.0,8204.9,33.6,1043.0,170.0,130.0,2112.0,3683.0,3683.0,0.0,983.0,983.0,0.0,1204.0,1204.0,0.0,940.0,940.0,0.0,469.0,469.0,0.0,310.0,310.0,0.0,736.0,736.0,0.0,1053.0,1053.0,0.0,1416.8823529411766,1416.8823529411766,0.0
2020-06-17,Wednesday,10355.0,9929.0,10574.0,8204.9,9118.2,10355.0,7402.4,29.0,1049.0,170.0,131.0,2110.0,3442.0,3442.0,0.0,845.0,845.0,0.0,1158.0,1158.0,0.0,870.0,870.0,0.0,381.0,381.0,0.0,288.0,288.0,0.0,721.0,721.0,0.0,952.0,952.0,0.0,1391.8235294117646,1391.8235294117646,0.0
2020-06-18,Thursday,10510.0,10042.0,10510.0,7402.4,8398.5,10510.0,7176.3,32.0,1072.0,170.0,131.0,2107.0,3439.0,3439.0,0.0,891.0,891.0,0.0,1138.0,1138.0,0.0,885.0,885.0,0.0,415.0,415.0,0.0,292.0,292.0,0.0,715.0,715.0,0.0,943.0,943.0,0.0,1366.764705882353,1366.764705882353,0.0
2020-06-19,Friday,10548.0,10033.0,10572.0,7175.2,7642.6,10548.0,7708.9,31.2,1007.0,170.0,129.0,2107.0,3252.0,3252.0,0.0,955.0,955.0,0.0,1118.0,1118.0,0.0,891.0,891.0,0.0,422.0,422.0,0.0,291.0,291.0,0.0,732.0,732.0,0.0,1002.0,1002.0,0.0,1341.7058823529412,1341.7058823529412,0.0
2020-06-20,Saturday,11332.0,10756.0,11332.0,7708.9,8764.97,11332.0,8276.1,33.5,899.0,170.0,129.0,2106.0,3613.0,3613.0,0.0,995.0,995.0,0.0,1179.0,1179.0,0.0,977.0,977.0,0.0,419.0,419.0,0.0,307.0,307.0,0.0,751.0,751.0,0.0,1059.0,1059.0,0.0,1316.6470588235295,1316.6470588235295,0.0
2020-06-22,Monday,11476.0,10971.0,11501.0,7985.1,9276.9,11476.0,8500.1,33.2,812.0,170.0,131.0,2108.0,3678.0,3678.0,0.0,1072.0,1072.0,0.0,1221.0,1221.0,0.0,915.0,915.0,0.0,462.0,462.0,0.0,334.0,334.0,0.0,751.0,751.0,0.0,1069.0,1069.0,0.0,1266.5294117647059,1266.5294117647059,0.0
2020-06-22,Monday,11090.0,10369.0,11090.0,8276.1,8868.7,11075.0,7985.1,31.2,740.0,170.0,132.0,2111.0,3464.0,3464.0,0.0,967.0,967.0,0.0,1161.0,1161.0,0.0,936.0,936.0,0.0,432.0,432.0,0.0,293.0,293.0,0.0,738.0,738.0,0.0,989.0,989.0,0.0,1266.5294117647059,1266.5294117647059,0.0
2020-06-23,Tuesday,11673.0,11079.0,11693.0,8500.1,9747.46,11673.0,8976.9,33.4,832.0,170.0,132.0,2109.0,3751.0,3751.0,0.0,1095.0,1095.0,0.0,1217.0,1217.0,0.0,924.0,924.0,0.0,475.0,475.0,0.0,348.0,348.0,0.0,758.0,758.0,0.0,1080.0,1080.0,0.0,1241.4705882352941,1241.4705882352941,0.0
2020-06-24,Wednesday,12070.0,11385.0,12070.0,8976.9,10183.6,12070.0,8857.4,35.5,755.0,170.0,134.0,2090.0,3875.0,3875.0,0.0,1034.0,1034.0,0.0,1316.0,1316.0,0.0,921.0,921.0,0.0,421.0,421.0,0.0,360.0,360.0,0.0,781.0,781.0,0.0,1171.0,1171.0,0.0,1216.4117647058824,1216.4117647058824,0.0
2020-06-25,Thursday,11285.0,10872.0,11307.0,8857.4,9692.0,11285.0,7805.2,34.8,783.0,170.0,135.0,2089.0,3862.0,3862.0,0.0,1039.0,1039.0,0.0,1128.0,1128.0,0.0,786.0,786.0,0.0,485.0,485.0,0.0,348.0,348.0,0.0,597.0,597.0,0.0,1109.0,1109.0,0.0,1191.3529411764707,1191.3529411764707,0.0
2020-06-26,Friday,10790.0,10212.0,10810.0,7644.1,8089.8,10790.0,7639.5,33.4,693.0,170.0,163.0,2120.0,3489.0,3489.0,0.0,992.0,992.0,0.0,875.0,875.0,0.0,914.0,914.0,0.0,407.0,407.0,0.0,332.0,332.0,0.0,700.0,700.0,0.0,1079.0,1079.0,0.0,1166.2941176470588,1166.2941176470588,0.0
2020-06-27,Saturday,10753.0,10306.0,10794.0,7639.5,8659.7,10753.0,8074.94,32.6,760.0,170.0,127.0,2120.0,3649.0,3649.0,0.0,975.0,975.0,0.0,1067.0,1067.0,0.0,852.0,852.0,0.0,359.0,359.0,0.0,304.0,304.0,0.0,703.0,703.0,0.0,1031.0,1031.0,0.0,1141.235294117647,1141.235294117647,0.0
2020-06-28,Sunday,10619.0,10141.0,10619.0,8074.94,9429.28,10619.0,7928.2,32.8,889.0,170.0,127.0,2089.0,3539.0,3539.0,0.0,1021.0,1021.0,0.0,1065.0,1065.0,0.0,867.0,867.0,0.0,377.0,377.0,0.0,317.0,317.0,0.0,733.0,733.0,0.0,990.0,990.0,0.0,1116.1764705882354,1116.1764705882354,0.0
2020-06-29,Monday,11286.0,10764.0,11286.0,7928.2,9449.7,11286.0,8188.7,33.7,791.0,170.0,125.0,2089.0,3784.0,3784.0,0.0,1016.0,1016.0,0.0,1217.0,1217.0,0.0,907.0,907.0,0.0,431.0,431.0,0.0,305.0,305.0,0.0,738.0,738.0,0.0,1037.0,1037.0,0.0,1091.1176470588234,1091.1176470588234,0.0
2020-06-30,Tuesday,11367.0,10809.0,11367.0,8188.7,9891.8,11367.0,9038.8,34.1,930.0,170.0,122.0,1677.0,3770.0,3770.0,0.0,1053.0,1053.0,0.0,1191.0,1191.0,0.0,891.0,891.0,0.0,379.0,379.0,0.0,306.0,306.0,0.0,739.0,739.0,0.0,1033.0,1033.0,0.0,1066.0588235294117,1066.0588235294117,0.0
2020-07-01,Tuesday,8584.0,7974.0,8584.0,5125.0,6668.0,8584.0,5183.0,18.6,1269.0,0.0,185.0,543.0,2856.0,2856.0,0.0,910.0,910.0,0.0,1041.0,1041.0,0.0,661.0,661.0,0.0,319.0,319.0,0.0,235.0,235.0,0.0,235.0,235.0,0.0,676.0,676.0,0.0,1041.0,1041.0,0.0
2020-07-02,Friday,8128.0,7254.0,8128.0,5707.0,6397.7,8128.0,5180.0,25.0,1811.0,0.0,160.0,465.0,2396.0,2396.0,0.0,781.0,781.0,0.0,958.0,958.0,0.0,723.0,723.0,0.0,313.0,313.0,0.0,211.0,211.0,0.0,211.0,211.0,0.0,703.0,703.0,0.0,958.0,958.0,0.0
2020-07-03,Saturday,9346.0,8558.0,9346.0,5992.0,7538.8,9346.0,6094.0,28.0,2041.0,0.0,163.0,788.0,3200.0,3200.0,0.0,1006.0,1006.0,0.0,1058.0,1058.0,0.0,686.0,686.0,0.0,320.0,320.0,0.0,236.0,236.0,0.0,236.0,236.0,0.0,758.0,758.0,0.0,1058.0,1058.0,0.0
2020-07-04,Tuesday,10308.0,9729.0,10308.0,6891.0,8287.4,10308.0,7450.9,38.0,927.0,85.0,194.0,2092.0,2717.0,2717.0,0.0,1035.0,1035.0,0.0,1227.0,1227.0,0.0,935.0,935.0,0.0,411.0,411.0,0.0,282.0,282.0,0.0,746.0,746.0,0.0,1026.0,1026.0,0.0,1350.0,1350.0,0.0
2020-07-05,Thursday,7103.0,6761.0,8644.0,5802.6,7838.1,7103.0,4921.7,33.4,967.0,170.0,157.0,3014.0,2557.0,2557.0,0.0,970.0,970.0,0.0,252.0,252.0,0.0,268.0,268.0,0.0,394.0,394.0,0.0,300.0,300.0,0.0,209.0,209.0,0.0,1024.0,1024.0,0.0,787.0,787.0,0.0
2020-07-06,Sunday,11441.0,10899.0,11493.0,8325.2,9670.9,11441.0,8529.6,36.6,1034.0,170.0,153.0,1946.0,3612.0,3612.0,0.0,1006.0,1006.0,0.0,1211.0,1211.0,0.0,1005.0,1005.0,0.0,453.0,453.0,0.0,328.0,328.0,0.0,755.0,755.0,0.0,1089.0,1089.0,0.0,1440.0,1440.0,0.0
2020-07-07,Tuesday,11843.0,11413.0,11904.0,8559.2,9863.0,11843.0,9175.4,33.2,998.0,170.0,157.0,1699.0,3895.0,3895.0,0.0,1056.0,1056.0,0.0,1270.0,1270.0,0.0,975.0,975.0,0.0,485.0,485.0,0.0,335.0,335.0,0.0,769.0,769.0,0.0,1133.0,1133.0,0.0,1449.5,1449.5,0.0
2020-07-08,Friday,11323.0,10838.0,11364.0,7862.1,8458.31,11323.0,8458.0,34.0,951.0,170.0,83.0,2437.0,3225.0,3225.0,0.0,1089.0,1089.0,0.0,1275.0,1275.0,0.0,992.0,992.0,0.0,492.0,492.0,0.0,349.0,349.0,0.0,788.0,788.0,0.0,1169.0,1169.0,0.0,1459.0,1459.0,0.0
2020-07-09,Monday,11771.0,11227.0,11771.0,9047.5,10047.0,11771.0,8985.0,33.6,1645.0,170.0,155.0,1458.0,4021.0,4021.0,0.0,1244.0,1244.0,0.0,1103.0,1103.0,0.0,688.0,688.0,0.0,491.0,491.0,0.0,354.0,354.0,0.0,724.0,724.0,0.0,1144.0,1144.0,0.0,1458.0,1458.0,0.0
2020-07-10,Wednesday,11899.0,11307.0,11899.0,8442.0,9787.0,11899.0,8686.0,34.4,1326.0,170.0,110.0,1796.0,4043.0,4043.0,0.0,1183.0,1183.0,0.0,1117.0,1117.0,0.0,876.0,876.0,0.0,472.0,472.0,0.0,331.0,331.0,0.0,719.0,719.0,0.0,1124.0,1124.0,0.0,1442.0,1442.0,0.0
2020-07-11,Saturday,9242.0,8796.0,9242.0,5524.0,7204.0,9242.0,5995.0,31.0,1443.0,170.0,70.0,2685.0,3296.0,3296.0,0.0,1007.0,1007.0,0.0,843.0,843.0,0.0,665.0,665.0,0.0,363.0,363.0,0.0,247.0,247.0,0.0,556.0,556.0,0.0,770.0,770.0,0.0,1049.0,1049.0,0.0
2020-07-12,Monday,8991.0,8415.0,8991.0,5593.0,7377.0,8991.0,5684.0,28.2,2253.0,85.0,184.0,2656.0,3085.0,3085.0,0.0,924.0,924.0,0.0,863.0,863.0,0.0,655.0,655.0,0.0,310.0,310.0,0.0,233.0,233.0,0.0,591.0,591.0,0.0,711.0,711.0,0.0,1043.0,1043.0,0.0
2020-07-13,Monday,11407.0,10971.0,11452.0,8140.73,9516.7,11407.0,8656.1,33.2,913.0,170.0,122.0,2067.0,3911.0,3911.0,0.0,1096.0,1096.0,0.0,1188.0,1188.0,0.0,852.0,852.0,0.0,414.0,414.0,0.0,321.0,321.0,0.0,730.0,730.0,0.0,1067.0,1067.0,0.0,1068.7222222222222,1069.2222222222222,0.0
2020-07-14,Tuesday,11783.0,11373.0,11783.0,8656.1,9794.3,11783.0,8666.9,31.2,913.0,170.0,120.0,1991.0,3893.0,3893.0,0.0,1086.0,1086.0,0.0,1271.0,1271.0,0.0,950.0,950.0,0.0,454.0,454.0,0.0,345.0,345.0,0.0,787.0,787.0,0.0,1112.0,1112.0,0.0,1094.4444444444443,1095.4444444444443,0.0
2020-07-15,Wednesday,11903.0,11504.0,12017.0,8666.9,9895.1,11903.0,8960.0,34.2,1063.0,170.0,86.0,1497.0,3934.0,3934.0,0.0,1188.0,1188.0,0.0,1258.0,1258.0,0.0,945.0,945.0,0.0,477.0,477.0,0.0,341.0,341.0,0.0,796.0,796.0,0.0,1108.0,1108.0,0.0,1120.1666666666667,1121.6666666666667,0.0
2020-07-16,Thursday,11962.0,11536.0,12054.0,8960.0,10082.6,11962.0,8316.6,34.2,993.0,170.0,85.0,1853.0,3872.0,3872.0,0.0,1094.0,1094.0,0.0,1316.0,1316.0,0.0,1003.0,1003.0,0.0,500.0,500.0,0.0,326.0,326.0,0.0,782.0,782.0,0.0,1134.0,1134.0,0.0,1145.888888888889,1147.888888888889,0.0
2020-07-17,Friday,11543.0,11125.0,11794.0,8316.6,8814.5,11543.0,8998.44,34.4,994.0,170.0,83.0,1852.0,3587.0,3587.0,0.0,1085.0,1085.0,0.0,1276.0,1276.0,0.0,984.0,984.0,0.0,486.0,486.0,0.0,339.0,339.0,0.0,775.0,775.0,0.0,1131.0,1131.0,0.0,1171.611111111111,1174.111111111111,0.0
2020-07-18,Saturday,12103.0,11595.0,12109.0,8998.44,9760.7,12103.0,8976.2,34.6,1063.0,170.0,84.0,1487.0,3942.0,3942.0,0.0,1080.0,1080.0,0.0,1326.0,1326.0,0.0,1017.0,1017.0,0.0,495.0,495.0,0.0,324.0,324.0,0.0,781.0,781.0,0.0,1127.0,1127.0,0.0,1197.3333333333333,1200.3333333333333,0.0
2020-07-19,Sunday,11331.0,10764.0,11749.0,8976.2,9731.9,11331.0,8114.9,33.3,1063.0,170.0,86.0,1718.0,3935.0,3935.0,0.0,1021.0,1021.0,0.0,1097.0,1097.0,0.0,715.0,715.0,0.0,459.0,459.0,0.0,342.0,342.0,0.0,684.0,684.0,0.0,1025.0,1025.0,0.0,1223.0555555555557,1226.5555555555557,0.0
2020-07-21,Tuesday,10787.0,10256.0,10787.0,8114.9,9311.6,10787.0,8093.53,30.3,963.0,170.0,84.0,1820.0,3620.0,3620.0,0.0,1086.0,1086.0,0.0,1031.0,1031.0,0.0,712.0,712.0,0.0,421.0,421.0,0.0,326.0,326.0,0.0,710.0,710.0,0.0,1043.0,1043.0,0.0,1274.5,1279.0,0.0
2020-07-21,Tuesday,10747.0,10345.0,10747.0,8093.53,8782.3,10747.0,7892.0,28.5,1033.0,170.0,83.0,1944.0,3614.0,3614.0,0.0,1052.0,1052.0,0.0,1085.0,1085.0,0.0,858.0,858.0,0.0,405.0,405.0,0.0,334.0,334.0,0.0,717.0,717.0,0.0,953.0,953.0,0.0,1274.5,1279.0,0.0
2020-07-22,Wednesday,11483.0,11014.0,11483.0,7892.0,9143.5,11483.0,8300.8,30.4,930.0,170.0,82.0,1948.0,3806.0,3806.0,0.0,1060.0,1060.0,0.0,1232.0,1232.0,0.0,920.0,920.0,0.0,446.0,446.0,0.0,335.0,335.0,0.0,747.0,747.0,0.0,1057.0,1057.0,0.0,1300.2222222222222,1305.2222222222222,0.0
2020-07-23,Thursday,11580.0,11054.0,11580.0,8300.8,9474.2,11580.0,7724.1,32.5,996.0,170.0,83.0,1977.0,3814.0,3814.0,0.0,1072.0,1072.0,0.0,1218.0,1218.0,0.0,900.0,900.0,0.0,477.0,477.0,0.0,325.0,325.0,0.0,752.0,752.0,0.0,1053.0,1053.0,0.0,1325.9444444444443,1331.4444444444443,0.0
2020-07-24,Friday,10998.0,10558.0,11028.0,7677.9,8224.7,10998.0,8330.2,32.5,995.0,170.0,85.0,1834.0,3436.0,3436.0,0.0,1081.0,1081.0,0.0,1167.0,1167.0,0.0,953.0,953.0,0.0,467.0,467.0,0.0,315.0,315.0,0.0,730.0,730.0,0.0,1042.0,1042.0,0.0,1351.6666666666667,1357.6666666666667,0.0
2020-07-25,Saturday,12225.0,11724.0,12225.0,8330.2,9099.3,12225.0,9271.3,34.5,996.0,170.0,83.0,1733.0,3970.0,3970.0,0.0,1095.0,1095.0,0.0,1318.0,1318.0,0.0,995.0,995.0,0.0,491.0,491.0,0.0,348.0,348.0,0.0,795.0,795.0,0.0,1147.0,1147.0,0.0,1377.388888888889,1383.888888888889,0.0
2020-07-26,Sunday,12536.0,12070.0,12552.0,9271.3,10525.4,12536.0,9323.5,34.5,997.0,170.0,83.0,1677.0,4095.0,4095.0,0.0,1185.0,1185.0,0.0,1363.0,1363.0,0.0,963.0,963.0,0.0,523.0,523.0,0.0,366.0,366.0,0.0,798.0,798.0,0.0,1204.0,1204.0,0.0,1403.111111111111,1410.111111111111,0.0
2020-07-27,Monday,11885.0,11404.0,11885.0,9323.5,10052.3,11885.0,8881.6,34.4,997.0,170.0,85.0,1677.0,3870.0,3870.0,0.0,1227.0,1227.0,0.0,1263.0,1263.0,0.0,920.0,920.0,0.0,468.0,468.0,0.0,343.0,343.0,0.0,719.0,719.0,0.0,1131.0,1131.0,0.0,1428.8333333333335,1436.3333333333333,0.0
2020-07-28,Tuesday,11797.0,11287.0,11797.0,8881.6,10012.9,11797.0,8257.9,33.0,1188.0,170.0,84.0,1331.0,3705.0,3705.0,0.0,1198.0,1198.0,0.0,1245.0,1245.0,0.0,933.0,933.0,0.0,502.0,502.0,0.0,341.0,341.0,0.0,778.0,778.0,0.0,1146.0,1146.0,0.0,1454.5555555555557,1462.5555555555557,0.0
2020-07-29,Wednesday,11637.0,11187.0,11548.0,8257.9,9259.7,11548.0,8360.2,29.6,1253.0,170.0,88.0,1331.0,3579.0,3579.0,0.0,1199.0,1199.0,0.0,1242.0,1242.0,0.0,956.0,956.0,0.0,468.0,468.0,0.0,350.0,350.0,0.0,764.0,764.0,0.0,1123.0,1123.0,0.0,1480.2777777777778,1488.7777777777778,0.0
2020-07-30,Thursday,11169.0,10710.0,11248.0,8360.2,9204.0,11169.0,7092.1,33.7,1168.0,170.0,85.0,1331.0,3158.0,3158.0,0.0,1186.0,1186.0,0.0,1236.0,1236.0,0.0,969.0,969.0,0.0,475.0,475.0,0.0,333.0,333.0,0.0,705.0,705.0,0.0,1142.0,1142.0,0.0,1506.0,1515.0,0.0
2020-07-31,Friday,10415.0,10021.0,10539.0,7092.1,7640.3,10415.0,7181.87,35.1,962.0,170.0,87.0,1331.0,2822.0,2822.0,0.0,937.0,937.0,0.0,1174.0,1174.0,0.0,916.0,916.0,0.0,482.0,482.0,0.0,352.0,352.0,0.0,729.0,729.0,0.0,1103.0,1103.0,0.0,1506.0,1483.0,0.0
2020-08-01,Wednesday,8689.0,8054.0,8689.0,5183.0,6792.8,8689.0,5190.0,22.3,1284.0,0.0,184.0,953.0,2895.0,2895.0,0.0,933.0,933.0,0.0,1033.0,1033.0,0.0,655.0,655.0,0.0,329.0,329.0,0.0,235.0,235.0,0.0,235.0,235.0,0.0,706.0,706.0,0.0,1033.0,1033.0,0.0
2020-08-02,Saturday,9014.0,8125.0,9014.0,5180.0,7232.6,9014.0,5446.0,24.0,2050.0,0.0,161.0,465.0,2904.0,2904.0,0.0,814.0,814.0,0.0,1056.0,1056.0,0.0,776.0,776.0,0.0,334.0,334.0,0.0,222.0,222.0,0.0,222.0,222.0,0.0,741.0,741.0,0.0,1056.0,1056.0,0.0
2020-08-03,Sunday,9578.0,8805.0,9578.0,6094.0,8004.9,9578.0,6272.0,30.5,2076.0,0.0,164.0,788.0,3363.0,3363.0,0.0,913.0,913.0,0.0,1118.0,1118.0,0.0,679.0,679.0,0.0,320.0,320.0,0.0,255.0,255.0,0.0,255.0,255.0,0.0,784.0,784.0,0.0,1118.0,1118.0,0.0
2020-08-04,Wednesday,10158.0,9580.0,10158.0,7450.9,7941.2,10158.0,6852.9,32.4,785.0,85.0,193.0,2027.0,2636.0,2636.0,0.0,1027.0,1027.0,0.0,1245.0,1245.0,0.0,931.0,931.0,0.0,408.0,408.0,0.0,284.0,284.0,0.0,759.0,759.0,0.0,984.0,984.0,0.0,1306.0,1306.0,0.0
2020-08-05,Friday,9924.0,9478.0,9924.0,4921.7,6724.8,9924.0,6014.8,33.6,835.0,170.0,156.0,2695.0,2932.0,2932.0,0.0,990.0,990.0,0.0,1002.0,1002.0,0.0,812.0,812.0,0.0,417.0,417.0,0.0,327.0,327.0,0.0,613.0,613.0,0.0,1093.0,1093.0,0.0,1292.0,1292.0,0.0
2020-08-06,Monday,11464.0,10882.0,11495.0,8529.6,9623.2,11464.0,8770.0,33.0,1062.0,170.0,124.0,1821.0,3601.0,3601.0,0.0,1033.0,1033.0,0.0,1266.0,1266.0,0.0,926.0,926.0,0.0,464.0,464.0,0.0,324.0,324.0,0.0,778.0,778.0,0.0,1065.0,1065.0,0.0,1425.0,1425.0,0.0
2020-08-07,Wednesday,11838.0,11391.0,12086.0,9175.4,9872.1,11838.0,9090.3,34.0,1000.0,170.0,125.0,1699.0,3889.0,3889.0,0.0,1132.0,1132.0,0.0,1263.0,1263.0,0.0,974.0,974.0,0.0,478.0,478.0,0.0,311.0,311.0,0.0,761.0,761.0,0.0,1124.0,1124.0,0.0,1452.3333333333333,1452.3333333333333,0.0
2020-08-08,Saturday,12023.0,11491.0,12023.0,8458.0,9665.7,12023.0,9079.2,34.3,981.0,170.0,88.0,2257.0,3581.0,3581.0,0.0,1142.0,1142.0,0.0,1300.0,1300.0,0.0,1008.0,1008.0,0.0,529.0,529.0,0.0,364.0,364.0,0.0,810.0,810.0,0.0,1199.0,1199.0,0.0,1479.6666666666667,1479.6666666666667,0.0
2020-08-09,Tuesday,12016.0,11664.0,12016.0,8985.0,10390.4,12016.0,9122.0,34.5,1659.0,170.0,155.0,1336.0,4125.0,4125.0,0.0,1170.0,1170.0,0.0,1227.0,1227.0,0.0,766.0,766.0,0.0,500.0,500.0,0.0,354.0,354.0,0.0,802.0,802.0,0.0,1213.0,1213.0,0.0,1507.0,1507.0,0.0
2020-08-10,Thursday,12063.0,11499.0,12152.0,8686.0,10097.0,12063.0,8505.0,33.5,1370.0,170.0,114.0,1783.0,4132.0,4132.0,0.0,1145.0,1145.0,0.0,1218.0,1218.0,0.0,900.0,900.0,0.0,512.0,512.0,0.0,358.0,358.0,0.0,566.0,566.0,0.0,1165.0,1165.0,0.0,1503.0,1503.0,0.0
2020-08-11,Sunday,9801.0,9222.0,9801.0,5995.0,8109.0,9801.0,6447.0,33.2,1415.0,170.0,69.0,2835.0,3494.0,3494.0,0.0,1102.0,1102.0,0.0,867.0,867.0,0.0,678.0,678.0,0.0,358.0,358.0,0.0,247.0,247.0,0.0,572.0,572.0,0.0,838.0,838.0,0.0,1066.0,1066.0,0.0
2020-08-12,Tuesday,8940.0,8446.0,8940.0,5684.0,7331.0,8940.0,5661.0,26.5,2481.0,85.0,183.0,2468.0,3089.0,3089.0,0.0,939.0,939.0,0.0,856.0,856.0,0.0,660.0,660.0,0.0,315.0,315.0,0.0,239.0,239.0,0.0,585.0,585.0,0.0,731.0,731.0,0.0,1032.0,1032.0,0.0
2020-08-13,Thursday,12484.0,11902.0,12484.0,9307.9,10627.1,12484.0,9132.0,34.7,1090.0,170.0,75.0,2219.0,4022.0,4022.0,0.0,1188.0,1188.0,0.0,1289.0,1289.0,0.0,1007.0,1007.0,0.0,540.0,540.0,0.0,328.0,328.0,0.0,803.0,803.0,0.0,1180.0,1180.0,0.0,1545.0,1545.0,0.0
2020-08-14,Friday,11501.0,11034.0,12046.0,9067.7,9399.3,11501.0,7936.4,34.9,1054.0,170.0,73.0,2044.0,3469.0,3469.0,0.0,1171.0,1171.0,0.0,1299.0,1299.0,0.0,966.0,966.0,0.0,478.0,478.0,0.0,350.0,350.0,0.0,790.0,790.0,0.0,1036.0,1036.0,0.0,1475.0,1475.0,0.0
2020-08-15,Saturday,10589.0,10199.0,11100.0,7823.5,8063.2,10589.0,7835.2,30.6,1043.0,170.0,73.0,2044.0,3308.0,3308.0,0.0,842.0,842.0,0.0,1211.0,1211.0,0.0,920.0,920.0,0.0,490.0,490.0,0.0,321.0,321.0,0.0,648.0,648.0,0.0,1014.0,1014.0,0.0,1445.0,1445.0,0.0
2020-08-16,Sunday,11346.0,11025.0,11450.0,7835.2,9527.7,11346.0,8409.87,31.0,1132.0,170.0,75.0,2044.0,3772.0,3772.0,0.0,1039.0,1039.0,0.0,1241.0,1241.0,0.0,946.0,946.0,0.0,499.0,499.0,0.0,307.0,307.0,0.0,763.0,763.0,0.0,1014.0,1014.0,0.0,1444.0,1444.0,0.0
2020-08-17,Monday,11682.0,11161.0,11682.0,8409.87,9705.76,11682.0,8485.0,31.5,1225.0,170.0,72.0,1864.0,3804.0,3804.0,0.0,1034.0,1034.0,0.0,1274.0,1274.0,0.0,975.0,975.0,0.0,480.0,480.0,0.0,315.0,315.0,0.0,782.0,782.0,0.0,1043.0,1043.0,0.0,1454.0,1454.0,0.0
2020-08-18,Tuesday,11793.0,11004.0,11793.0,8485.0,9724.8,11793.0,8527.8,31.1,1312.0,170.0,74.0,1864.0,3532.0,3532.0,0.0,1071.0,1071.0,0.0,1282.0,1282.0,0.0,956.0,956.0,0.0,492.0,492.0,0.0,337.0,337.0,0.0,771.0,771.0,0.0,1095.0,1095.0,0.0,1468.0,1468.0,0.0
2020-08-19,Wednesday,11429.0,10946.0,11429.0,8527.8,9744.8,11429.0,8126.92,32.0,1314.0,170.0,107.0,1863.0,3755.0,3755.0,0.0,1061.0,1061.0,0.0,1250.0,1250.0,0.0,944.0,944.0,0.0,491.0,491.0,0.0,276.0,276.0,0.0,774.0,774.0,0.0,1029.0,1029.0,0.0,1366.0,1366.0,0.0
2020-08-20,Thursday,11132.0,10621.0,11132.0,8126.92,9170.8,11132.0,7367.7,28.2,1592.0,170.0,112.0,1452.0,3611.0,3611.0,0.0,1107.0,1107.0,0.0,1092.0,1092.0,0.0,940.0,940.0,0.0,484.0,484.0,0.0,287.0,287.0,0.0,762.0,762.0,0.0,981.0,981.0,0.0,1357.0,1357.0,0.0
2020-08-21,Friday,10401.0,9960.0,10401.0,7337.1,7789.9,10401.0,7618.0,30.0,1310.0,170.0,111.0,1451.0,3172.0,3172.0,0.0,1043.0,1043.0,0.0,1086.0,1086.0,0.0,889.0,889.0,0.0,497.0,497.0,0.0,288.0,288.0,0.0,739.0,739.0,0.0,995.0,995.0,0.0,1251.0,1251.0,0.0
2020-08-22,Saturday,11429.0,10879.0,11429.0,7618.0,8925.8,11429.0,8032.8,28.6,1648.0,170.0,113.0,1451.0,3692.0,3692.0,0.0,1037.0,1037.0,0.0,1211.0,1211.0,0.0,951.0,951.0,0.0,451.0,451.0,0.0,297.0,297.0,0.0,793.0,793.0,0.0,1023.0,1023.0,0.0,1424.0,1424.0,0.0
2020-08-23,Sunday,11804.0,11322.0,11804.0,8032.8,9620.2,11804.0,8577.0,31.0,1661.0,170.0,152.0,1452.0,3927.0,3927.0,0.0,1126.0,1126.0,0.0,1243.0,1243.0,0.0,957.0,957.0,0.0,488.0,488.0,0.0,310.0,310.0,0.0,759.0,759.0,0.0,1083.0,1083.0,0.0,1429.0,1429.0,0.0
2020-08-24,Monday,11975.0,11452.0,11975.0,8577.0,10151.1,11975.0,8832.8,34.3,1667.0,170.0,155.0,1454.0,4075.0,4075.0,0.0,1161.0,1161.0,0.0,1307.0,1307.0,0.0,913.0,913.0,0.0,514.0,514.0,0.0,333.0,333.0,0.0,770.0,770.0,0.0,869.0,869.0,0.0,1510.0,1510.0,0.0
2020-08-25,Tuesday,11563.0,10932.0,11563.0,8832.8,10076.8,11563.0,8421.4,33.8,1818.0,170.0,162.0,1632.0,3888.0,3888.0,0.0,1000.0,1000.0,0.0,1265.0,1265.0,0.0,840.0,840.0,0.0,501.0,501.0,0.0,293.0,293.0,0.0,777.0,777.0,0.0,959.0,959.0,0.0,1409.0,1409.0,0.0
2020-08-26,Wednesday,11239.0,10972.0,11302.0,8421.4,9440.5,11239.0,8491.6,31.7,1945.0,170.0,145.0,1633.0,3843.0,3843.0,0.0,1143.0,1143.0,0.0,1182.0,1182.0,0.0,945.0,945.0,0.0,507.0,507.0,0.0,291.0,291.0,0.0,706.0,706.0,0.0,1002.0,1002.0,0.0,1353.0,1353.0,0.0
2020-08-27,Thursday,11595.0,11160.0,11595.0,8491.6,10145.1,11595.0,8180.1,33.3,1844.0,170.0,143.0,1661.0,3836.0,3836.0,0.0,1207.0,1207.0,0.0,1203.0,1203.0,0.0,858.0,858.0,0.0,507.0,507.0,0.0,330.0,330.0,0.0,786.0,786.0,0.0,1055.0,1055.0,0.0,1378.0,1378.0,0.0
2020-08-28,Friday,11251.0,10740.0,11286.0,8125.9,8644.4,11251.0,8540.1,33.9,1903.0,170.0,140.0,1631.0,3479.0,3479.0,0.0,1068.0,1068.0,0.0,1216.0,1216.0,0.0,919.0,919.0,0.0,444.0,444.0,0.0,323.0,323.0,0.0,783.0,783.0,0.0,1096.0,1096.0,0.0,1412.0,1412.0,0.0
2020-08-29,Saturday,12081.0,11678.0,12081.0,8540.1,9395.9,12081.0,8955.7,32.8,2025.0,170.0,141.0,1486.0,3877.0,3877.0,0.0,1174.0,1174.0,0.0,1297.0,1297.0,0.0,988.0,988.0,0.0,494.0,494.0,0.0,355.0,355.0,0.0,812.0,812.0,0.0,1156.0,1156.0,0.0,1525.0,1525.0,0.0
2020-08-30,Sunday,12177.0,11696.0,12200.0,8955.7,9575.3,12177.0,9522.8,34.4,2076.0,170.0,140.0,1491.0,3864.0,3864.0,0.0,1151.0,1151.0,0.0,1347.0,1347.0,0.0,1007.0,1007.0,0.0,474.0,474.0,0.0,360.0,360.0,0.0,777.0,777.0,0.0,1190.0,1190.0,0.0,1526.0,1526.0,0.0
2020-08-31,Monday,12577.0,12021.0,12577.0,9522.8,10843.5,12577.0,9026.89,34.6,2076.0,170.0,143.0,1716.0,4228.0,4228.0,0.0,1207.0,1207.0,0.0,1336.0,1336.0,0.0,985.0,985.0,0.0,494.0,494.0,0.0,383.0,383.0,0.0,781.0,781.0,0.0,1117.0,1117.0,0.0,1490.0,1490.0,0.0
2020-09-01,Thursday,8484.0,7869.0,8484.0,5190.0,6845.31,8484.0,5055.0,23.0,1034.0,0.0,185.0,953.0,2926.0,2926.0,0.0,839.0,839.0,0.0,1000.0,1000.0,0.0,652.0,652.0,0.0,323.0,323.0,0.0,236.0,236.0,0.0,236.0,236.0,0.0,657.0,657.0,0.0,1000.0,1000.0,0.0
2020-09-02,Sunday,9214.0,8316.0,9214.0,5446.0,8035.0,9214.0,5725.0,27.0,2220.0,0.0,162.0,445.0,3043.0,3043.0,0.0,882.0,882.0,0.0,1056.0,1056.0,0.0,747.0,747.0,0.0,325.0,325.0,0.0,232.0,232.0,0.0,232.0,232.0,0.0,743.0,743.0,0.0,1056.0,1056.0,0.0
2020-09-03,Monday,9589.0,8901.0,9589.0,6272.0,7925.8,9589.0,6266.0,29.4,1959.0,0.0,164.0,788.0,3375.0,3375.0,0.0,969.0,969.0,0.0,1103.0,1103.0,0.0,748.0,748.0,0.0,333.0,333.0,0.0,239.0,239.0,0.0,239.0,239.0,0.0,792.0,792.0,0.0,1103.0,1103.0,0.0
2020-09-04,Thursday,10019.0,9407.0,10019.0,6852.84,8034.3,10019.0,6518.4,35.9,985.0,85.0,194.0,1791.0,2617.0,2617.0,0.0,965.0,965.0,0.0,1243.0,1243.0,0.0,959.0,959.0,0.0,400.0,400.0,0.0,270.0,270.0,0.0,623.0,623.0,0.0,1019.0,1019.0,0.0,1311.0,1311.0,0.0
2020-09-05,Saturday,10539.0,9973.0,10539.0,6014.8,8106.8,10539.0,7422.6,35.2,627.0,170.0,157.0,3039.0,3131.0,3131.0,0.0,1097.0,1097.0,0.0,1131.0,1131.0,0.0,899.0,899.0,0.0,451.0,451.0,0.0,325.0,325.0,0.0,664.0,664.0,0.0,1053.0,1053.0,0.0,1222.0,1222.0,0.0
2020-09-06,Tuesday,11934.0,11320.0,11934.0,8770.0,10166.5,11934.0,8519.2,36.5,1112.0,170.0,123.0,1495.0,3752.0,3752.0,0.0,1018.0,1018.0,0.0,1302.0,1302.0,0.0,993.0,993.0,0.0,504.0,504.0,0.0,345.0,345.0,0.0,784.0,784.0,0.0,1141.0,1141.0,0.0,1481.0,1481.0,0.0
2020-09-07,Thursday,11305.0,10870.0,11329.0,9090.3,9901.8,11305.0,7612.9,34.2,946.0,170.0,125.0,1704.0,3887.0,3887.0,0.0,1135.0,1135.0,0.0,1106.0,1106.0,0.0,847.0,847.0,0.0,439.0,439.0,0.0,313.0,313.0,0.0,685.0,685.0,0.0,1035.0,1035.0,0.0,1506.3333333333333,1506.3333333333333,0.0
2020-09-08,Sunday,11974.0,11518.0,11974.0,9079.2,10271.6,11974.0,9161.0,32.7,1061.0,170.0,79.0,1702.0,3728.0,3728.0,0.0,1175.0,1175.0,0.0,1299.0,1299.0,0.0,977.0,977.0,0.0,508.0,508.0,0.0,356.0,356.0,0.0,796.0,796.0,0.0,1157.0,1157.0,0.0,1531.6666666666667,1531.6666666666667,0.0
2020-09-09,Wednesday,12493.0,12052.0,12493.0,9122.0,10370.0,12493.0,9121.0,34.1,1277.0,170.0,150.0,1604.0,4074.0,4074.0,0.0,1257.0,1257.0,0.0,1329.0,1329.0,0.0,992.0,992.0,0.0,549.0,549.0,0.0,372.0,372.0,0.0,743.0,743.0,0.0,1179.0,1179.0,0.0,1557.0,1557.0,0.0
2020-09-10,Friday,11909.0,11352.0,11909.0,8478.0,8938.0,11909.0,8776.0,34.7,1319.0,170.0,113.0,1613.0,3705.0,3705.0,0.0,1200.0,1200.0,0.0,1207.0,1207.0,0.0,944.0,944.0,0.0,537.0,537.0,0.0,353.0,353.0,0.0,743.0,743.0,0.0,1182.0,1182.0,0.0,1481.0,1481.0,0.0
2020-09-11,Monday,10008.0,9375.0,10008.0,6447.0,8288.0,10008.0,6551.0,32.5,1505.0,170.0,67.0,2850.0,3600.0,3600.0,0.0,1101.0,1101.0,0.0,876.0,876.0,0.0,671.0,671.0,0.0,368.0,368.0,0.0,257.0,257.0,0.0,552.0,552.0,0.0,884.0,884.0,0.0,1066.0,1066.0,0.0
2020-09-12,Wednesday,8815.0,8299.0,8815.0,5661.0,7249.0,8815.0,5534.0,21.6,2217.0,85.0,182.0,2303.0,2980.0,2980.0,0.0,926.0,926.0,0.0,855.0,855.0,0.0,649.0,649.0,0.0,303.0,303.0,0.0,233.0,233.0,0.0,576.0,576.0,0.0,745.0,745.0,0.0,1032.0,1032.0,0.0
2020-09-13,Sunday,12345.0,11793.0,12345.0,9316.0,10506.0,12345.0,9206.0,33.9,1177.0,170.0,145.0,1614.0,4139.0,4139.0,0.0,1153.0,1153.0,0.0,1277.0,1277.0,0.0,907.0,907.0,0.0,508.0,508.0,0.0,351.0,351.0,0.0,788.0,788.0,0.0,1143.0,1143.0,0.0,1527.0,1527.0,0.0
2020-09-14,Monday,12040.0,11519.0,12040.0,9206.0,10467.0,12040.0,9158.0,33.6,1325.0,170.0,190.0,1544.0,4034.0,4034.0,0.0,1120.0,1120.0,0.0,1275.0,1275.0,0.0,876.0,876.0,0.0,467.0,467.0,0.0,273.0,273.0,0.0,770.0,770.0,0.0,1176.0,1176.0,0.0,1528.0,1528.0,0.0
2020-09-15,Tuesday,12080.0,11591.0,12080.0,9158.0,10377.0,12080.0,8847.0,34.0,1355.0,170.0,189.0,1675.0,4061.0,4061.0,0.0,1225.0,1225.0,0.0,1248.0,1248.0,0.0,886.0,886.0,0.0,465.0,465.0,0.0,332.0,332.0,0.0,767.0,767.0,0.0,1146.0,1146.0,0.0,1461.0,1461.0,0.0
2020-09-16,Wednesday,11966.0,11454.0,11966.0,8847.0,10145.0,11966.0,9036.0,34.0,2469.0,170.0,154.0,1677.0,4103.0,4103.0,0.0,1128.0,1128.0,0.0,1264.0,1264.0,0.0,894.0,894.0,0.0,407.0,407.0,0.0,334.0,334.0,0.0,696.0,696.0,0.0,1137.0,1137.0,0.0,1491.0,1491.0,0.0
2020-09-17,Thursday,11554.0,10942.0,11554.0,9036.0,10144.0,11554.0,8229.0,34.5,1978.0,170.0,88.0,1678.0,3910.0,3910.0,0.0,1197.0,1197.0,0.0,1012.0,1012.0,0.0,740.0,740.0,0.0,464.0,464.0,0.0,365.0,365.0,0.0,634.0,634.0,0.0,1158.0,1158.0,0.0,1462.0,1462.0,0.0
2020-09-18,Friday,11625.0,11069.0,11639.0,8064.0,8622.0,11625.0,8678.0,34.7,1949.0,170.0,153.0,1552.0,3609.0,3609.0,0.0,1154.0,1154.0,0.0,1130.0,1130.0,0.0,944.0,944.0,0.0,502.0,502.0,0.0,367.0,367.0,0.0,682.0,682.0,0.0,1218.0,1218.0,0.0,1463.0,1463.0,0.0
2020-09-19,Saturday,12725.0,12223.0,12725.0,8678.0,9719.0,12725.0,9325.0,36.1,1732.0,170.0,122.0,2195.0,4311.0,4311.0,0.0,1324.0,1324.0,0.0,1305.0,1305.0,0.0,841.0,841.0,0.0,513.0,513.0,0.0,370.0,370.0,0.0,786.0,786.0,0.0,1220.0,1220.0,0.0,1553.0,1553.0,0.0
2020-09-20,Sunday,12220.0,11694.0,12220.0,9325.0,10888.0,12220.0,8954.0,35.7,1878.0,170.0,113.0,2143.0,4274.0,4274.0,0.0,1170.0,1170.0,0.0,1305.0,1305.0,0.0,971.0,971.0,0.0,506.0,506.0,0.0,321.0,321.0,0.0,773.0,773.0,0.0,840.0,840.0,0.0,1534.0,1534.0,0.0
2020-09-21,Monday,11925.0,11413.0,11925.0,8954.0,9987.0,11925.0,8475.0,32.2,1766.0,170.0,114.0,2136.0,4202.0,4202.0,0.0,1151.0,1151.0,0.0,1154.0,1154.0,0.0,891.0,891.0,0.0,505.0,505.0,0.0,293.0,293.0,0.0,787.0,787.0,0.0,1058.0,1058.0,0.0,1372.0,1372.0,0.0
2020-09-22,Tuesday,11422.0,11056.0,11422.0,8475.0,9497.0,11422.0,8503.0,32.0,1816.0,170.0,115.0,2134.0,4107.0,4107.0,0.0,1098.0,1098.0,0.0,1125.0,1125.0,0.0,867.0,867.0,0.0,428.0,428.0,0.0,320.0,320.0,0.0,669.0,669.0,0.0,1019.0,1019.0,0.0,1423.0,1423.0,0.0
2020-09-23,Wednesday,11384.0,10939.0,11384.0,8503.0,9468.0,11384.0,7827.0,30.7,1812.0,170.0,155.0,2134.0,3981.0,3981.0,0.0,1103.0,1103.0,0.0,1162.0,1162.0,0.0,842.0,842.0,0.0,466.0,466.0,0.0,322.0,322.0,0.0,610.0,610.0,0.0,1071.0,1071.0,0.0,1382.0,1382.0,0.0
2020-09-24,Thursday,11477.0,10978.0,11477.0,7827.0,9339.0,11477.0,7803.0,31.0,1791.0,170.0,187.0,2108.0,4062.0,4062.0,0.0,1076.0,1076.0,0.0,1101.0,1101.0,0.0,892.0,892.0,0.0,430.0,430.0,0.0,294.0,294.0,0.0,698.0,698.0,0.0,1018.0,1018.0,0.0,1407.0,1407.0,0.0
2020-09-25,Friday,10262.0,9767.0,10262.0,7634.0,7853.0,10262.0,7804.0,31.8,1744.0,170.0,117.0,2114.0,3350.0,3350.0,0.0,986.0,986.0,0.0,1048.0,1048.0,0.0,810.0,810.0,0.0,437.0,437.0,0.0,287.0,287.0,0.0,584.0,584.0,0.0,963.0,963.0,0.0,1302.0,1302.0,0.0
2020-09-26,Saturday,10714.0,10261.0,10714.0,7804.0,9250.0,10714.0,7876.0,31.7,1333.0,170.0,155.0,2545.0,3812.0,3812.0,0.0,1043.0,1043.0,0.0,1119.0,1119.0,0.0,840.0,840.0,0.0,417.0,417.0,0.0,309.0,309.0,0.0,415.0,415.0,0.0,956.0,956.0,0.0,1350.0,1350.0,0.0
2020-09-27,Sunday,11499.0,10979.0,11499.0,7876.0,9260.0,11499.0,8201.0,30.9,1196.0,170.0,186.0,2545.0,3863.0,3863.0,0.0,1127.0,1127.0,0.0,1230.0,1230.0,0.0,930.0,930.0,0.0,449.0,449.0,0.0,321.0,321.0,0.0,581.0,581.0,0.0,1039.0,1039.0,0.0,1439.0,1439.0,0.0
2020-09-28,Monday,12111.0,11743.0,12111.0,8201.0,9780.0,12111.0,8783.0,33.6,1251.0,170.0,188.0,2626.0,4171.0,4171.0,0.0,1198.0,1198.0,0.0,1173.0,1173.0,0.0,935.0,935.0,0.0,490.0,490.0,0.0,356.0,356.0,0.0,733.0,733.0,0.0,1171.0,1171.0,0.0,1516.0,1516.0,0.0
2020-09-29,Tuesday,12250.0,11819.0,12250.0,8783.0,10215.0,12250.0,9241.0,33.4,1120.0,170.0,153.0,2901.0,4236.0,4236.0,0.0,1239.0,1239.0,0.0,1253.0,1253.0,0.0,944.0,944.0,0.0,428.0,428.0,0.0,343.0,343.0,0.0,741.0,741.0,0.0,1156.0,1156.0,0.0,1479.0,1479.0,0.0
2020-09-30,Wednesday,12428.0,11913.0,12428.0,9241.0,10655.0,12428.0,9083.0,35.1,1140.0,170.0,187.0,2560.0,4186.0,4186.0,0.0,1196.0,1196.0,0.0,1244.0,1244.0,0.0,967.0,967.0,0.0,512.0,512.0,0.0,352.0,352.0,0.0,771.0,771.0,0.0,1153.0,1153.0,0.0,1532.0,1532.0,0.0
2020-10-01,Friday,7680.0,7039.0,7680.0,5055.0,5895.79,7680.0,4780.0,24.4,1079.0,0.0,185.0,953.0,2428.0,2428.0,0.0,724.0,724.0,0.0,914.0,914.0,0.0,633.0,633.0,0.0,301.0,301.0,0.0,215.0,215.0,0.0,215.0,215.0,0.0,695.0,695.0,0.0,914.0,914.0,0.0
2020-10-02,Monday,9172.0,8225.4,9172.0,5725.0,7657.5,9172.0,5670.0,26.3,2105.0,0.0,161.0,200.0,2920.0,2920.0,0.0,926.0,926.0,0.0,1046.0,1046.0,0.0,782.0,782.0,0.0,316.0,316.0,0.0,223.0,223.0,0.0,223.0,223.0,0.0,754.0,754.0,0.0,1046.0,1046.0,0.0
2020-10-03,Tuesday,9732.0,8901.0,9732.0,6266.0,8077.3,9732.0,6407.0,30.6,2084.0,0.0,165.0,825.0,3322.0,3322.0,0.0,1005.0,1005.0,0.0,1103.0,1103.0,0.0,750.0,750.0,0.0,337.0,337.0,0.0,234.0,234.0,0.0,234.0,234.0,0.0,813.0,813.0,0.0,1103.0,1103.0,0.0
2020-10-04,Friday,10095.0,9498.0,10095.0,6518.4,7632.0,10095.0,7051.04,35.7,939.0,85.0,197.0,1726.0,2725.0,2725.0,0.0,856.0,856.0,0.0,1250.0,1250.0,0.0,932.0,932.0,0.0,411.0,411.0,0.0,270.0,270.0,0.0,685.0,685.0,0.0,1021.0,1021.0,0.0,1348.0,1348.0,0.0
2020-10-05,Sunday,10210.0,9763.0,10210.0,7422.6,8971.2,10210.0,6804.5,35.9,664.0,170.0,157.0,2727.0,2979.0,2979.0,0.0,1057.0,1057.0,0.0,960.0,960.0,0.0,765.0,765.0,0.0,481.0,481.0,0.0,354.0,354.0,0.0,756.0,756.0,0.0,1109.0,1109.0,0.0,1302.0,1302.0,0.0
2020-10-06,Wednesday,11415.0,10999.0,11352.0,8519.2,9909.81,10804.0,8857.7,34.0,1163.0,170.0,124.0,1696.0,3659.0,3659.0,0.0,1059.0,1059.0,0.0,1280.0,1280.0,0.0,932.0,582.0,350.0,543.0,343.0,200.0,324.0,324.0,0.0,772.0,772.0,0.0,983.0,983.0,0.0,1447.0,1447.0,0.0
2020-10-07,Friday,10640.0,10289.0,10860.0,7437.1,8329.2,10640.0,7732.1,33.3,963.0,170.0,125.0,1701.0,3530.0,3530.0,0.0,1054.0,1054.0,0.0,1073.0,1073.0,0.0,731.0,731.0,0.0,437.0,437.0,0.0,342.0,342.0,0.0,611.0,611.0,0.0,1067.0,1067.0,0.0,1488.5,1488.5,0.0
2020-10-08,Monday,12246.0,11706.0,12246.0,9161.0,10363.3,12246.0,9322.6,33.8,1199.0,170.0,85.0,2034.0,3837.0,3837.0,0.0,1237.0,1237.0,0.0,1255.0,1255.0,0.0,997.0,997.0,0.0,533.0,533.0,0.0,355.0,355.0,0.0,805.0,805.0,0.0,1157.0,1157.0,0.0,1530.0,1530.0,0.0
2020-10-09,Thursday,11941.0,11454.0,11941.0,9121.0,9806.0,11941.0,8190.0,31.5,1298.0,170.0,184.0,1603.0,3979.0,3979.0,0.0,1192.0,1192.0,0.0,1225.0,1225.0,0.0,803.0,803.0,0.0,508.0,508.0,0.0,343.0,343.0,0.0,739.0,739.0,0.0,1153.0,1153.0,0.0,1512.0,1512.0,0.0
2020-10-10,Saturday,12650.0,12057.0,12650.0,8776.0,9646.0,12650.0,9451.0,35.3,1068.0,170.0,110.0,1613.0,4179.0,4179.0,0.0,1228.0,1228.0,0.0,1266.0,1266.0,0.0,944.0,944.0,0.0,505.0,505.0,0.0,368.0,368.0,0.0,761.0,761.0,0.0,1278.0,1278.0,0.0,1528.0,1528.0,0.0
2020-10-11,Tuesday,10084.0,9594.0,10084.0,6551.0,8409.0,10084.0,6624.0,33.0,1906.0,170.0,68.0,2066.0,3623.0,3623.0,0.0,1153.0,1153.0,0.0,895.0,895.0,0.0,680.0,680.0,0.0,365.0,365.0,0.0,272.0,272.0,0.0,561.0,561.0,0.0,893.0,893.0,0.0,1152.0,1152.0,0.0
2020-10-12,Thursday,8884.0,8369.0,8884.0,5534.0,7454.0,8884.0,5487.0,23.6,2325.0,85.0,182.0,2303.0,3089.0,3089.0,0.0,910.0,910.0,0.0,841.0,841.0,0.0,653.0,653.0,0.0,309.0,309.0,0.0,228.0,228.0,0.0,577.0,577.0,0.0,725.0,725.0,0.0,1037.0,1037.0,0.0
2020-10-13,Tuesday,12727.0,12102.0,12727.0,9317.0,10723.0,12727.0,9233.0,34.6,1228.0,170.0,107.0,1613.0,4261.0,4261.0,0.0,1270.0,1270.0,0.0,1289.0,1289.0,0.0,967.0,967.0,0.0,536.0,536.0,0.0,365.0,365.0,0.0,750.0,750.0,0.0,1209.0,1209.0,0.0,1455.0,1455.0,0.0
2020-10-14,Wednesday,12528.0,11936.0,12528.0,9233.0,10646.0,12528.0,9071.0,34.1,1276.0,170.0,107.0,1673.0,4114.0,4114.0,0.0,1199.0,1199.0,0.0,1275.0,1275.0,0.0,963.0,963.0,0.0,550.0,550.0,0.0,346.0,346.0,0.0,753.0,753.0,0.0,1233.0,1233.0,0.0,1503.0,1503.0,0.0
2020-10-15,Thursday,12684.0,12106.0,12684.0,9071.0,10583.0,12684.0,8616.0,34.4,1274.0,170.0,109.0,1673.0,4285.0,4285.0,0.0,1226.0,1226.0,0.0,1236.0,1236.0,0.0,984.0,984.0,0.0,539.0,539.0,0.0,343.0,343.0,0.0,769.0,769.0,0.0,1208.0,1208.0,0.0,1516.0,1516.0,0.0
2020-10-16,Friday,11984.0,11447.0,11984.0,8492.0,9142.0,11984.0,8859.0,35.5,1209.0,170.0,108.0,1673.0,3665.0,3665.0,0.0,1211.0,1211.0,0.0,1241.0,1241.0,0.0,989.0,989.0,0.0,531.0,531.0,0.0,380.0,380.0,0.0,756.0,756.0,0.0,1181.0,1181.0,0.0,1493.0,1493.0,0.0
2020-10-17,Saturday,12637.0,12031.0,12637.0,8773.0,9771.0,12637.0,8928.0,35.7,1278.0,170.0,107.0,1718.0,4203.0,4203.0,0.0,1127.0,1127.0,0.0,1290.0,1290.0,0.0,945.0,945.0,0.0,549.0,549.0,0.0,371.0,371.0,0.0,767.0,767.0,0.0,1243.0,1243.0,0.0,1536.0,1536.0,0.0
2020-10-18,Sunday,12512.0,11917.0,12512.0,8928.0,10327.0,12512.0,8862.0,34.4,1431.0,170.0,110.0,1538.0,4227.0,4227.0,0.0,1124.0,1124.0,0.0,1279.0,1279.0,0.0,981.0,981.0,0.0,525.0,525.0,0.0,341.0,341.0,0.0,750.0,750.0,0.0,1158.0,1158.0,0.0,1532.0,1532.0,0.0
2020-10-19,Monday,12659.0,12058.0,12659.0,8862.0,10188.0,12659.0,8975.0,33.5,1351.0,170.0,112.0,1538.0,4222.0,4222.0,0.0,1193.0,1193.0,0.0,1293.0,1293.0,0.0,998.0,998.0,0.0,537.0,537.0,0.0,354.0,354.0,0.0,769.0,769.0,0.0,1146.0,1146.0,0.0,1546.0,1546.0,0.0
2020-10-20,Tuesday,12538.0,11933.0,12538.0,8975.0,10568.0,12538.0,8976.0,34.2,1425.0,170.0,112.0,1538.0,4226.0,4226.0,0.0,1215.0,1215.0,0.0,1252.0,1252.0,0.0,934.0,934.0,0.0,540.0,540.0,0.0,339.0,339.0,0.0,778.0,778.0,0.0,1142.0,1142.0,0.0,1507.0,1507.0,0.0
2020-10-21,Wednesday,12026.0,11433.0,12026.0,8976.0,9957.0,12026.0,8238.0,33.0,1440.0,170.0,112.0,1538.0,4061.0,4061.0,0.0,1115.0,1115.0,0.0,1247.0,1247.0,0.0,945.0,945.0,0.0,528.0,528.0,0.0,285.0,285.0,0.0,759.0,759.0,0.0,1063.0,1063.0,0.0,1430.0,1430.0,0.0
2020-10-22,Thursday,9836.0,9354.0,10604.0,8238.0,9034.0,9836.0,6388.0,27.7,1477.0,170.0,109.0,1538.0,3647.0,3647.0,0.0,879.0,879.0,0.0,1018.0,1018.0,0.0,740.0,740.0,0.0,381.0,381.0,0.0,181.0,181.0,0.0,703.0,703.0,0.0,670.0,670.0,0.0,1135.0,1135.0,0.0
2020-10-23,Friday,8212.0,7734.0,9451.0,6045.0,6310.0,8212.0,6220.0,25.0,1305.0,170.0,74.0,1551.0,2802.0,2802.0,0.0,883.0,883.0,0.0,772.0,772.0,0.0,556.0,556.0,0.0,278.0,278.0,0.0,208.0,208.0,0.0,498.0,498.0,0.0,742.0,742.0,0.0,995.0,995.0,0.0
2020-10-24,Saturday,9790.0,9408.0,9790.0,6220.0,8031.0,9790.0,6872.0,26.8,1318.0,170.0,70.0,1911.0,3509.0,3509.0,0.0,1019.0,1019.0,0.0,900.0,900.0,0.0,731.0,731.0,0.0,385.0,385.0,0.0,248.0,248.0,0.0,560.0,560.0,0.0,884.0,884.0,0.0,1172.0,1172.0,0.0
2020-10-25,Sunday,10732.0,10230.0,10732.0,6872.0,8818.0,10732.0,7081.0,32.4,1327.0,170.0,70.0,1911.0,3771.0,3771.0,0.0,1067.0,1067.0,0.0,1009.0,1009.0,0.0,823.0,823.0,0.0,444.0,444.0,0.0,296.0,296.0,0.0,578.0,578.0,0.0,972.0,972.0,0.0,1270.0,1270.0,0.0
2020-10-26,Monday,10705.0,10189.0,10705.0,7081.0,8505.0,10705.0,7336.0,32.5,1209.0,170.0,69.0,1911.0,3697.0,3697.0,0.0,1019.0,1019.0,0.0,1033.0,1033.0,0.0,829.0,829.0,0.0,427.0,427.0,0.0,297.0,297.0,0.0,607.0,607.0,0.0,997.0,997.0,0.0,1283.0,1283.0,0.0
2020-10-27,Tuesday,11294.0,10665.0,11294.0,7336.0,9190.0,11294.0,7680.0,32.8,1432.0,170.0,72.0,1611.0,3946.0,3946.0,0.0,1187.0,1187.0,0.0,1044.0,1044.0,0.0,899.0,899.0,0.0,460.0,460.0,0.0,300.0,300.0,0.0,638.0,638.0,0.0,1016.0,1016.0,0.0,1175.0,1175.0,0.0
2020-10-28,Wednesday,11381.0,10885.0,11381.0,7680.0,9518.0,11381.0,7802.0,33.4,1458.0,170.0,72.0,1636.0,3966.0,3966.0,0.0,1097.0,1097.0,0.0,1078.0,1078.0,0.0,898.0,898.0,0.0,593.0,593.0,0.0,298.0,298.0,0.0,644.0,644.0,0.0,1048.0,1048.0,0.0,1263.0,1263.0,0.0
2020-10-29,Thursday,12085.0,11453.0,12085.0,7802.0,9689.0,12085.0,7368.0,34.5,1390.0,170.0,72.0,1816.0,4220.0,4220.0,0.0,1265.0,1265.0,0.0,1132.0,1132.0,0.0,903.0,903.0,0.0,509.0,509.0,0.0,299.0,299.0,0.0,672.0,672.0,0.0,1121.0,1121.0,0.0,1332.0,1332.0,0.0
2020-10-30,Friday,11107.0,10540.0,11107.0,7244.0,8265.0,11107.0,7322.0,35.2,1374.0,165.0,71.0,1651.0,3549.0,3549.0,0.0,1117.0,1117.0,0.0,1055.0,1055.0,0.0,916.0,916.0,0.0,489.0,489.0,0.0,333.0,333.0,0.0,592.0,592.0,0.0,1154.0,1154.0,0.0,1335.0,1335.0,0.0
2020-10-31,Saturday,11266.0,10665.0,11266.0,7322.0,8600.0,11266.0,7783.0,31.6,1352.0,87.0,70.0,1651.0,3971.0,3971.0,0.0,1106.0,1106.0,0.0,1097.0,1097.0,0.0,861.0,861.0,0.0,435.0,435.0,0.0,277.0,277.0,0.0,662.0,662.0,0.0,928.0,928.0,0.0,1328.0,1328.0,0.0
2020-11-01,Saturday,8653.0,7960.0,8653.0,4780.0,6786.02,8653.0,5133.0,17.0,1034.0,0.0,155.0,952.0,2856.0,2856.0,0.0,901.0,901.0,0.0,1024.0,1024.0,0.0,656.0,656.0,0.0,319.0,319.0,0.0,232.0,232.0,0.0,232.0,232.0,0.0,716.0,716.0,0.0,1024.0,1024.0,0.0
2020-11-02,Tuesday,9224.0,8290.0,9224.0,5670.0,8030.57,9224.0,5734.0,27.0,1525.0,0.0,161.0,740.0,3014.0,3014.0,0.0,898.0,898.0,0.0,1061.0,1061.0,0.0,753.0,753.0,0.0,319.0,319.0,0.0,217.0,217.0,0.0,217.0,217.0,0.0,750.0,750.0,0.0,1061.0,1061.0,0.0
2020-11-03,Wednesday,9954.0,9220.0,9954.0,6407.0,8257.6,9954.0,6769.0,32.0,2052.0,0.0,165.0,967.0,3477.0,3477.0,0.0,980.0,980.0,0.0,1134.0,1134.0,0.0,782.0,782.0,0.0,334.0,334.0,0.0,270.0,270.0,0.0,270.0,270.0,0.0,839.0,839.0,0.0,1134.0,1134.0,0.0
2020-11-04,Saturday,7375.0,6916.0,8665.1,7051.04,8127.36,7375.0,4722.9,37.0,1169.0,85.0,198.0,1941.0,2335.0,2335.0,0.0,894.0,894.0,0.0,504.0,504.0,0.0,252.0,252.0,0.0,103.0,103.0,0.0,273.0,273.0,0.0,758.0,758.0,0.0,1012.0,1012.0,0.0,785.0,785.0,0.0
2020-11-05,Monday,11068.0,10678.0,11068.0,6804.5,8619.2,11068.0,7893.8,35.0,902.0,170.0,194.0,2382.0,3309.0,3309.0,0.0,1062.0,1062.0,0.0,1176.0,1176.0,0.0,959.0,959.0,0.0,504.0,504.0,0.0,361.0,361.0,0.0,693.0,693.0,0.0,1183.0,1183.0,0.0,1431.0,1431.0,0.0
2020-11-06,Thursday,11211.0,10708.0,11261.0,8857.7,9492.0,11211.0,7827.7,31.4,1047.0,170.0,134.0,1695.0,3563.0,3563.0,0.0,987.0,987.0,0.0,1148.0,1148.0,0.0,920.0,920.0,0.0,466.0,466.0,0.0,327.0,327.0,0.0,766.0,766.0,0.0,1062.0,1062.0,0.0,1469.0,1469.0,0.0
2020-11-07,Saturday,10538.0,10143.0,10538.0,7732.1,9120.3,10538.0,8021.1,31.6,834.0,170.0,126.0,2151.0,3628.0,3628.0,0.0,1072.0,1072.0,0.0,1038.0,1038.0,0.0,720.0,720.0,0.0,369.0,369.0,0.0,317.0,317.0,0.0,726.0,726.0,0.0,1078.0,1078.0,0.0,1456.6666666666667,1456.6666666666667,0.0
2020-11-08,Tuesday,12246.0,11629.0,12246.0,9322.6,10051.7,12246.0,9148.9,34.5,1215.0,170.0,85.0,2033.0,3848.0,3848.0,0.0,1115.0,1115.0,0.0,1293.0,1293.0,0.0,984.0,984.0,0.0,487.0,487.0,0.0,368.0,368.0,0.0,782.0,782.0,0.0,1200.0,1200.0,0.0,1444.3333333333333,1444.3333333333333,0.0
2020-11-09,Friday,11259.0,10878.0,11392.0,7994.0,8559.0,11259.0,8529.0,32.8,1271.0,170.0,185.0,1422.0,3517.0,3517.0,0.0,1206.0,1206.0,0.0,1206.0,1206.0,0.0,832.0,832.0,0.0,474.0,474.0,0.0,348.0,348.0,0.0,717.0,717.0,0.0,1146.0,1146.0,0.0,1432.0,1432.0,0.0
2020-11-10,Sunday,12759.0,12198.0,12759.0,9451.0,10648.0,12759.0,9260.0,35.0,1054.0,170.0,110.0,1613.0,4332.0,4332.0,0.0,1216.0,1216.0,0.0,1270.0,1270.0,0.0,988.0,988.0,0.0,546.0,546.0,0.0,362.0,362.0,0.0,763.0,763.0,0.0,1203.0,1203.0,0.0,1518.0,1518.0,0.0
2020-11-11,Wednesday,9996.0,9318.0,9996.0,6624.0,8245.0,9996.0,6630.0,34.0,1969.0,170.0,69.0,2096.0,3530.0,3530.0,0.0,1054.0,1054.0,0.0,899.0,899.0,0.0,699.0,699.0,0.0,374.0,374.0,0.0,235.0,235.0,0.0,551.0,551.0,0.0,872.0,872.0,0.0,1104.0,1104.0,0.0
2020-11-12,Friday,7871.0,7514.0,7871.0,5487.0,6316.0,7871.0,5083.0,20.7,2218.0,85.0,181.0,2524.0,2498.0,2498.0,0.0,908.0,908.0,0.0,774.0,774.0,0.0,631.0,631.0,0.0,295.0,295.0,0.0,223.0,223.0,0.0,533.0,533.0,0.0,702.0,702.0,0.0,950.0,950.0,0.0
2020-11-13,Friday,8915.0,8327.0,8915.0,6243.0,6891.0,8915.0,6298.0,33.8,1808.0,109.0,72.0,2096.0,2970.0,2970.0,0.0,941.0,941.0,0.0,803.0,803.0,0.0,651.0,651.0,0.0,365.0,365.0,0.0,237.0,237.0,0.0,509.0,509.0,0.0,837.0,837.0,0.0,1014.0,1014.0,0.0
2020-11-14,Saturday,9822.0,9248.0,9822.0,6298.0,7632.0,9822.0,6653.0,33.0,1900.0,170.0,72.0,2066.0,3511.0,3511.0,0.0,1049.0,1049.0,0.0,857.0,857.0,0.0,705.0,705.0,0.0,369.0,369.0,0.0,260.0,260.0,0.0,565.0,565.0,0.0,859.0,859.0,0.0,1073.0,1073.0,0.0
2020-11-15,Sunday,9729.0,9180.0,9729.0,6653.0,8157.0,9729.0,6624.0,31.8,1892.0,170.0,72.0,1851.0,3550.0,3550.0,0.0,1018.0,1018.0,0.0,866.0,866.0,0.0,691.0,691.0,0.0,352.0,352.0,0.0,250.0,250.0,0.0,555.0,555.0,0.0,828.0,828.0,0.0,1070.0,1070.0,0.0
2020-11-16,Monday,9719.0,9170.0,9719.0,6624.0,8109.0,9719.0,6530.0,30.5,2013.0,170.0,74.0,2192.0,3541.0,3541.0,0.0,998.0,998.0,0.0,884.0,884.0,0.0,695.0,695.0,0.0,349.0,349.0,0.0,246.0,246.0,0.0,576.0,576.0,0.0,806.0,806.0,0.0,1075.0,1075.0,0.0
2020-11-17,Tuesday,9633.0,9087.0,9633.0,6530.0,7960.0,9633.0,6346.0,31.4,1911.0,170.0,72.0,2342.0,3563.0,3563.0,0.0,981.0,981.0,0.0,877.0,877.0,0.0,688.0,688.0,0.0,288.0,288.0,0.0,241.0,241.0,0.0,560.0,560.0,0.0,811.0,811.0,0.0,1078.0,1078.0,0.0
2020-11-18,Wednesday,9429.0,8802.0,9429.0,6346.0,7952.0,9429.0,6301.0,30.6,1860.0,170.0,72.0,2192.0,3368.0,3368.0,0.0,991.0,991.0,0.0,850.0,850.0,0.0,668.0,668.0,0.0,297.0,297.0,0.0,244.0,244.0,0.0,558.0,558.0,0.0,770.0,770.0,0.0,1056.0,1056.0,0.0
2020-11-19,Thursday,9284.0,8850.0,9429.0,6346.0,7892.0,9284.0,6208.0,29.9,1952.0,105.0,69.0,1932.0,3311.0,3311.0,0.0,959.0,959.0,0.0,844.0,844.0,0.0,675.0,675.0,0.0,330.0,330.0,0.0,344.0,344.0,0.0,539.0,539.0,0.0,787.0,787.0,0.0,1061.0,1061.0,0.0
2020-11-20,Friday,8454.0,7877.0,8454.0,6031.0,6631.0,8454.0,5883.0,29.9,2422.0,170.0,73.0,1872.0,2708.0,2708.0,0.0,884.0,884.0,0.0,790.0,790.0,0.0,650.0,650.0,0.0,303.0,303.0,0.0,244.0,244.0,0.0,512.0,512.0,0.0,774.0,774.0,0.0,1012.0,1012.0,0.0
2020-11-21,Saturday,9321.0,8701.0,9321.0,5883.0,7371.0,9321.0,6066.0,27.2,1665.0,170.0,116.0,1912.0,3294.0,3294.0,0.0,1000.0,1000.0,0.0,830.0,830.0,0.0,688.0,688.0,0.0,323.0,323.0,0.0,230.0,230.0,0.0,558.0,558.0,0.0,746.0,746.0,0.0,1032.0,1032.0,0.0
2020-11-22,Sunday,8989.0,8569.0,8989.0,6066.0,7488.0,8989.0,5537.0,27.4,1769.0,110.0,69.0,1922.0,3223.0,3223.0,0.0,968.0,968.0,0.0,841.0,841.0,0.0,651.0,651.0,0.0,306.0,306.0,0.0,220.0,220.0,0.0,596.0,596.0,0.0,723.0,723.0,0.0,1041.0,1041.0,0.0
2020-11-23,Monday,8867.0,8407.0,8867.0,5537.0,7154.0,8867.0,5543.0,27.4,1680.0,170.0,70.0,1902.0,3156.0,3156.0,0.0,949.0,949.0,0.0,825.0,825.0,0.0,637.0,637.0,0.0,306.0,306.0,0.0,214.0,214.0,0.0,590.0,590.0,0.0,708.0,708.0,0.0,1022.0,1022.0,0.0
2020-11-24,Tuesday,8762.0,8259.0,8762.0,5543.0,7246.0,8762.0,5605.0,27.4,1573.0,170.0,103.0,1485.0,3042.0,3042.0,0.0,889.0,889.0,0.0,849.0,849.0,0.0,634.0,634.0,0.0,308.0,308.0,0.0,242.0,242.0,0.0,566.0,566.0,0.0,711.0,711.0,0.0,1018.0,1018.0,0.0
2020-11-25,Wednesday,8900.0,8324.0,8900.0,5605.0,7387.0,8900.0,5537.0,27.4,1501.0,170.0,103.0,2019.0,3133.0,3133.0,0.0,880.0,880.0,0.0,843.0,843.0,0.0,655.0,655.0,0.0,309.0,309.0,0.0,235.0,235.0,0.0,561.0,561.0,0.0,689.0,689.0,0.0,1019.0,1019.0,0.0
2020-11-26,Thursday,8926.0,8439.0,8926.0,5537.0,7437.0,8926.0,5587.0,27.4,1501.0,170.0,104.0,2019.0,3127.0,3127.0,0.0,963.0,963.0,0.0,825.0,825.0,0.0,662.0,662.0,0.0,321.0,321.0,0.0,234.0,234.0,0.0,567.0,567.0,0.0,709.0,709.0,0.0,1031.0,1031.0,0.0
2020-11-27,Friday,7828.0,7234.0,7828.0,5587.0,6082.0,7828.0,5330.0,27.8,1403.0,170.0,105.0,1619.0,2397.0,2397.0,0.0,794.0,794.0,0.0,759.0,759.0,0.0,612.0,612.0,0.0,301.0,301.0,0.0,223.0,223.0,0.0,513.0,513.0,0.0,697.0,697.0,0.0,938.0,938.0,0.0
2020-11-28,Saturday,9056.0,8553.0,9056.0,5330.0,6841.0,9056.0,5683.0,29.8,1378.0,170.0,103.0,1619.0,3168.0,3168.0,0.0,1008.0,1008.0,0.0,835.0,835.0,0.0,667.0,667.0,0.0,322.0,322.0,0.0,236.0,236.0,0.0,555.0,555.0,0.0,726.0,726.0,0.0,1036.0,1036.0,0.0
2020-11-29,Sunday,9055.0,8431.0,9055.0,5683.0,7473.0,9055.0,5628.0,29.7,1527.0,170.0,106.0,1619.0,3150.0,3150.0,0.0,949.0,949.0,0.0,850.0,850.0,0.0,653.0,653.0,0.0,309.0,309.0,0.0,232.0,232.0,0.0,557.0,557.0,0.0,726.0,726.0,0.0,1005.0,1005.0,0.0
2020-11-30,Monday,9074.0,8456.0,9074.0,5628.0,7479.0,9074.0,5633.0,30.7,1698.0,170.0,105.0,1449.0,3185.0,3185.0,0.0,952.0,952.0,0.0,851.0,851.0,0.0,625.0,625.0,0.0,314.0,314.0,0.0,232.0,232.0,0.0,566.0,566.0,0.0,707.0,707.0,0.0,1024.0,1024.0,0.0
2020-12-01,Sunday,8561.0,7909.0,8561.0,5133.0,6493.12,8561.0,5029.0,17.1,934.0,0.0,190.0,953.0,2736.0,2736.0,0.0,915.0,915.0,0.0,1038.0,1038.0,0.0,691.0,691.0,0.0,319.0,319.0,0.0,235.0,235.0,0.0,235.0,235.0,0.0,702.0,702.0,0.0,1038.0,1038.0,0.0
2020-12-02,Wednesday,9305.0,8371.0,9305.0,5734.0,8072.8,9305.0,5752.0,27.1,1735.0,0.0,162.0,740.0,3057.0,3057.0,0.0,907.0,907.0,0.0,1079.0,1079.0,0.0,723.0,723.0,0.0,326.0,326.0,0.0,229.0,229.0,0.0,229.0,229.0,0.0,742.0,742.0,0.0,1079.0,1079.0,0.0
2020-12-02,Wednesday,9305.0,8371.0,9305.0,5734.0,8072.8,9305.0,5752.0,27.1,1735.0,0.0,162.0,740.0,3057.0,3057.0,0.0,907.0,907.0,0.0,1079.0,1079.0,0.0,723.0,723.0,0.0,326.0,326.0,0.0,229.0,229.0,0.0,229.0,229.0,0.0,742.0,742.0,0.0,1079.0,1079.0,0.0
2020-12-03,Thursday,10623.0,9871.0,10623.0,6769.0,8799.3,10623.0,7270.0,33.1,2051.0,0.0,166.0,967.0,3615.0,3615.0,0.0,1145.0,1145.0,0.0,1256.0,1256.0,0.0,827.0,827.0,0.0,357.0,357.0,0.0,263.0,263.0,0.0,263.0,263.0,0.0,889.0,889.0,0.0,1256.0,1256.0,0.0
2020-12-04,Sunday,8865.0,8355.0,8865.0,4722.9,6074.8,8865.0,5923.6,31.9,1119.0,85.0,197.0,1601.0,2295.0,2295.0,0.0,826.0,826.0,0.0,1083.0,1083.0,0.0,674.0,674.0,0.0,327.0,327.0,0.0,273.0,273.0,0.0,725.0,725.0,0.0,880.0,880.0,0.0,1272.0,1272.0,0.0
2020-12-05,Tuesday,11513.0,10940.0,11513.0,7893.8,9211.8,11513.0,8291.0,36.5,969.0,170.0,195.0,2343.0,3356.0,3356.0,0.0,1059.0,1059.0,0.0,1268.0,1268.0,0.0,954.0,954.0,0.0,494.0,494.0,0.0,358.0,358.0,0.0,752.0,752.0,0.0,1185.0,1185.0,0.0,1514.0,1514.0,0.0
2020-12-06,Friday,10167.0,9687.0,10698.0,7016.0,7773.9,10167.0,7512.4,31.7,986.0,170.0,132.0,2116.0,3137.0,3137.0,0.0,930.0,930.0,0.0,1074.0,1074.0,0.0,865.0,865.0,0.0,416.0,416.0,0.0,316.0,316.0,0.0,686.0,686.0,0.0,1011.0,1011.0,0.0,1252.0,1252.0,0.0
2020-12-07,Sunday,10886.0,10507.0,10886.0,8021.1,9400.9,10886.0,8140.7,31.6,858.0,170.0,126.0,2041.0,3546.0,3546.0,0.0,1132.0,1132.0,0.0,1147.0,1147.0,0.0,891.0,891.0,0.0,399.0,399.0,0.0,325.0,325.0,0.0,728.0,728.0,0.0,1015.0,1015.0,0.0,1350.3333333333333,1350.3333333333333,0.0
2020-12-08,Wednesday,12238.0,11819.0,12284.0,9148.9,10458.18,12238.0,9307.9,33.8,1165.0,170.0,76.0,2213.0,3949.0,3949.0,0.0,1215.0,1215.0,0.0,1281.0,1281.0,0.0,1011.0,1011.0,0.0,514.0,514.0,0.0,355.0,355.0,0.0,797.0,797.0,0.0,1157.0,1157.0,0.0,1448.6666666666667,1448.6666666666667,0.0
2020-12-09,Saturday,12229.0,11745.0,12229.0,8529.0,9638.0,12229.0,9316.0,34.4,1385.0,170.0,184.0,1461.0,4039.0,4039.0,0.0,1171.0,1171.0,0.0,1274.0,1274.0,0.0,954.0,954.0,0.0,486.0,486.0,0.0,344.0,344.0,0.0,749.0,749.0,0.0,1181.0,1181.0,0.0,1547.0,1547.0,0.0
2020-12-10,Monday,12722.0,12029.0,12722.0,9260.0,10495.0,12722.0,9317.0,33.0,1235.0,170.0,107.0,1613.0,4291.0,4291.0,0.0,1240.0,1240.0,0.0,1282.0,1282.0,0.0,969.0,969.0,0.0,542.0,542.0,0.0,361.0,361.0,0.0,733.0,733.0,0.0,1150.0,1150.0,0.0,1461.0,1461.0,0.0
2020-12-11,Thursday,10193.0,9511.0,10193.0,6630.0,8484.0,10193.0,6280.0,33.5,1918.0,170.0,69.0,2096.0,3693.0,3693.0,0.0,991.0,991.0,0.0,873.0,873.0,0.0,686.0,686.0,0.0,386.0,386.0,0.0,267.0,267.0,0.0,583.0,583.0,0.0,901.0,901.0,0.0,1131.0,1131.0,0.0
2020-12-12,Saturday,8743.0,8294.0,8743.0,5083.0,6644.0,8743.0,5400.0,22.7,2286.0,85.0,183.0,2541.0,3001.0,3001.0,0.0,856.0,856.0,0.0,836.0,836.0,0.0,659.0,659.0,0.0,318.0,318.0,0.0,229.0,229.0,0.0,582.0,582.0,0.0,763.0,763.0,0.0,1050.0,1050.0,0.0
2020-12-13,Sunday,8699.0,8230.0,8699.0,5400.0,7111.0,8699.0,5589.0,25.7,2298.0,85.0,184.0,2466.0,2968.0,2968.0,0.0,866.0,866.0,0.0,857.0,857.0,0.0,624.0,624.0,0.0,311.0,311.0,0.0,235.0,235.0,0.0,573.0,573.0,0.0,759.0,759.0,0.0,1037.0,1037.0,0.0
2020-12-14,Monday,8877.0,8396.0,8877.0,5589.0,7260.0,8877.0,5649.0,26.7,2539.0,85.0,182.0,2276.0,3050.0,3050.0,0.0,866.0,866.0,0.0,870.0,870.0,0.0,674.0,674.0,0.0,316.0,316.0,0.0,230.0,230.0,0.0,585.0,585.0,0.0,747.0,747.0,0.0,1058.0,1058.0,0.0
2020-12-15,Tuesday,8816.0,8413.0,8816.0,5649.0,7160.0,8816.0,5537.0,24.5,2462.0,85.0,186.0,2228.0,3014.0,3014.0,0.0,953.0,953.0,0.0,873.0,873.0,0.0,674.0,674.0,0.0,318.0,318.0,0.0,227.0,227.0,0.0,556.0,556.0,0.0,733.0,733.0,0.0,1065.0,1065.0,0.0
2020-12-16,Wednesday,7679.0,7263.0,7679.0,5537.0,6211.0,7679.0,4961.0,26.8,2512.0,85.0,184.0,2113.0,2305.0,2305.0,0.0,762.0,762.0,0.0,829.0,829.0,0.0,622.0,622.0,0.0,298.0,298.0,0.0,227.0,227.0,0.0,547.0,547.0,0.0,700.0,700.0,0.0,973.0,973.0,0.0
2020-12-17,Thursday,8546.0,8050.0,8546.0,4961.0,6877.0,8546.0,5405.0,26.0,2550.0,85.0,184.0,2113.0,2708.0,2708.0,0.0,958.0,958.0,0.0,839.0,839.0,0.0,677.0,677.0,0.0,321.0,321.0,0.0,237.0,237.0,0.0,572.0,572.0,0.0,696.0,696.0,0.0,1042.0,1042.0,0.0
2020-12-18,Friday,7888.0,7408.0,7888.0,5405.0,5988.0,7888.0,4945.0,24.2,2306.0,85.0,186.0,2113.0,2351.0,2351.0,0.0,824.0,824.0,0.0,793.0,793.0,0.0,663.0,663.0,0.0,295.0,295.0,0.0,226.0,226.0,0.0,559.0,559.0,0.0,687.0,687.0,0.0,1010.0,1010.0,0.0
2020-12-19,Saturday,8602.0,8069.0,8602.0,4945.0,6253.0,8602.0,5335.0,24.0,2495.0,85.0,185.0,2113.0,2798.0,2798.0,0.0,869.0,869.0,0.0,832.0,832.0,0.0,688.0,688.0,0.0,280.0,280.0,0.0,240.0,240.0,0.0,578.0,578.0,0.0,711.0,711.0,0.0,1073.0,1073.0,0.0
2020-12-20,Sunday,8763.0,8215.0,8763.0,5335.0,7251.0,8763.0,5558.0,24.6,2247.0,85.0,195.0,2454.0,2938.0,2938.0,0.0,816.0,816.0,0.0,869.0,869.0,0.0,680.0,680.0,0.0,310.0,310.0,0.0,245.0,245.0,0.0,581.0,581.0,0.0,708.0,708.0,0.0,1068.0,1068.0,0.0
2020-12-21,Monday,8862.0,8478.0,8862.0,5558.0,7108.0,8862.0,5505.0,24.9,2316.0,85.0,190.0,2825.0,3004.0,3004.0,0.0,958.0,958.0,0.0,880.0,880.0,0.0,707.0,707.0,0.0,309.0,309.0,0.0,240.0,240.0,0.0,565.0,565.0,0.0,745.0,745.0,0.0,1070.0,1070.0,0.0
2020-12-22,Tuesday,8860.0,8499.0,8860.0,5505.0,7089.0,8860.0,5555.0,25.4,2790.0,85.0,190.0,2675.0,3076.0,3076.0,0.0,887.0,887.0,0.0,879.0,879.0,0.0,687.0,687.0,0.0,320.0,320.0,0.0,231.0,231.0,0.0,603.0,603.0,0.0,730.0,730.0,0.0,1086.0,1086.0,0.0
2020-12-23,Wednesday,8950.0,8447.0,8950.0,5555.0,6930.0,8950.0,5510.0,26.0,3125.0,85.0,182.0,2254.0,2957.0,2957.0,0.0,1011.0,1011.0,0.0,886.0,886.0,0.0,678.0,678.0,0.0,314.0,314.0,0.0,220.0,220.0,0.0,588.0,588.0,0.0,730.0,730.0,0.0,1063.0,1063.0,0.0
2020-12-24,Thursday,8838.0,8385.0,8838.0,5510.0,7129.0,8838.0,5614.0,27.0,3040.0,85.0,181.0,2254.0,2998.0,2998.0,0.0,887.0,887.0,0.0,867.0,867.0,0.0,710.0,710.0,0.0,309.0,309.0,0.0,232.0,232.0,0.0,594.0,594.0,0.0,744.0,744.0,0.0,1044.0,1044.0,0.0
2020-12-25,Friday,7815.0,7367.0,7815.0,5614.0,6248.0,7815.0,5081.0,26.7,3193.0,85.0,183.0,1913.0,2396.0,2396.0,0.0,815.0,815.0,0.0,793.0,793.0,0.0,660.0,660.0,0.0,292.0,292.0,0.0,227.0,227.0,0.0,525.0,525.0,0.0,682.0,682.0,0.0,977.0,977.0,0.0
2020-12-26,Saturday,8775.0,8310.0,8775.0,5081.0,6305.0,8775.0,5545.0,26.4,3201.0,85.0,183.0,1913.0,2953.0,2953.0,0.0,904.0,904.0,0.0,846.0,846.0,0.0,687.0,687.0,0.0,311.0,311.0,0.0,235.0,235.0,0.0,576.0,576.0,0.0,725.0,725.0,0.0,1073.0,1073.0,0.0
2020-12-27,Sunday,8843.0,8384.0,8843.0,5545.0,7231.0,8843.0,5588.0,25.0,3311.0,85.0,184.0,1913.0,3033.0,3033.0,0.0,858.0,858.0,0.0,861.0,861.0,0.0,696.0,696.0,0.0,301.0,301.0,0.0,240.0,240.0,0.0,597.0,597.0,0.0,719.0,719.0,0.0,1079.0,1079.0,0.0
2020-12-28,Monday,8808.0,8367.0,8808.0,5588.0,7026.0,8808.0,5419.0,25.4,3367.0,85.0,184.0,1913.0,2957.0,2957.0,0.0,878.0,878.0,0.0,866.0,866.0,0.0,710.0,710.0,0.0,313.0,313.0,0.0,239.0,239.0,0.0,585.0,585.0,0.0,727.0,727.0,0.0,1092.0,1092.0,0.0
2020-12-29,Tuesday,8945.0,8384.0,8945.0,5419.0,7434.0,8945.0,5616.0,25.8,3493.0,85.0,185.0,1763.0,2981.0,2981.0,0.0,885.0,885.0,0.0,872.0,872.0,0.0,700.0,700.0,0.0,314.0,314.0,0.0,248.0,248.0,0.0,575.0,575.0,0.0,739.0,739.0,0.0,1070.0,1070.0,0.0
2020-12-30,Wednesday,8911.0,8329.0,8911.0,5616.0,7367.0,8911.0,5571.0,26.6,3589.0,85.0,185.0,1490.0,2960.0,2960.0,0.0,876.0,876.0,0.0,873.0,873.0,0.0,699.0,699.0,0.0,311.0,311.0,0.0,236.0,236.0,0.0,575.0,575.0,0.0,721.0,721.0,0.0,1078.0,1078.0,0.0
2020-12-31,Thursday,8853.0,8348.0,8853.0,5571.0,7275.0,8853.0,5422.0,26.3,3702.0,170.0,184.0,1629.0,2939.0,2939.0,0.0,931.0,931.0,0.0,851.0,851.0,0.0,696.0,696.0,0.0,309.0,309.0,0.0,233.0,233.0,0.0,598.0,598.0,0.0,716.0,716.0,0.0,1075.0,1075.0,0.0
2021-01-01,Saturday,8985.0,8654.0,8985.0,5492.0,7339.0,8985.0,5745.0,26.4,4000.0,160.0,144.0,3068.0,3061.0,3061.0,0.0,985.0,985.0,0.0,888.0,888.0,0.0,723.0,723.0,0.0,341.0,341.0,0.0,234.0,234.0,0.0,613.0,613.0,0.0,748.0,748.0,0.0,1061.0,1061.0,0.0
2021-01-02,Monday,9074.0,8746.0,9074.0,5589.0,7901.0,9074.0,5579.0,22.4,2879.0,170.0,183.0,2876.0,3025.0,3025.0,0.0,844.0,844.0,0.0,969.0,969.0,0.0,805.0,805.0,0.0,337.0,337.0,0.0,247.0,247.0,0.0,679.0,679.0,0.0,740.0,740.0,0.0,1100.0,1100.0,0.0
2021-01-03,Monday,10988.0,10458.0,10988.0,7475.0,9520.0,10988.0,7631.0,33.5,2715.0,86.0,160.0,1815.0,3884.0,3884.0,0.0,1082.0,1082.0,0.0,1082.0,1082.0,0.0,807.0,807.0,0.0,379.0,379.0,0.0,295.0,295.0,0.0,669.0,669.0,0.0,982.0,982.0,0.0,1278.0,1278.0,0.0
2021-01-04,Thursday,12893.0,12228.0,12893.0,9266.0,11079.0,12893.0,9558.0,35.3,1237.0,444.0,124.0,1690.0,4555.0,4555.0,0.0,1271.0,1271.0,0.0,1305.0,1305.0,0.0,1015.0,1015.0,0.0,377.0,377.0,0.0,340.0,340.0,0.0,655.0,655.0,0.0,1192.0,1192.0,0.0,1518.0,1518.0,0.0
2021-01-05,Saturday,11665.0,11227.0,11665.0,8040.0,8860.0,11665.0,8818.0,36.2,1281.0,220.0,205.0,1500.0,3746.0,3746.0,0.0,1144.0,1144.0,0.0,1287.0,1287.0,0.0,958.0,958.0,0.0,441.0,441.0,0.0,409.0,409.0,0.0,624.0,624.0,0.0,1023.0,1023.0,0.0,1595.0,1595.0,0.0
2021-01-06,Tuesday,11612.0,11026.0,11612.0,7967.0,9351.0,11612.0,8407.0,30.1,1591.0,294.0,210.0,2131.0,3896.0,3896.0,0.0,1106.0,1106.0,0.0,1306.0,1306.0,0.0,984.0,984.0,0.0,447.0,447.0,0.0,300.0,300.0,0.0,812.0,812.0,0.0,921.0,921.0,0.0,1254.0,1254.0,0.0
2021-01-07,Thursday,10097.0,9625.0,10097.0,7754.0,8476.0,10097.0,6911.0,28.0,1010.0,295.0,204.0,1233.0,3492.0,3492.0,0.0,1079.0,1079.0,0.0,1022.0,1022.0,0.0,820.0,820.0,0.0,400.0,400.0,0.0,249.0,249.0,0.0,661.0,661.0,0.0,857.0,857.0,0.0,1045.0,1045.0,0.0
2021-01-08,Sunday,11508.0,10959.0,11583.0,8249.0,9171.0,11508.0,8488.0,31.5,931.0,289.0,105.0,1612.0,3498.0,3498.0,0.0,989.0,989.0,0.0,1282.0,1282.0,0.0,887.0,887.0,0.0,471.0,471.0,0.0,358.0,358.0,0.0,810.0,810.0,0.0,1143.0,1143.0,0.0,1521.0,1521.0,0.0
2021-01-09,Wednesday,13075.0,12420.0,13141.0,9966.0,11135.0,13075.0,9850.0,33.6,1867.0,201.0,94.0,2973.0,4358.0,4358.0,0.0,1318.0,1318.0,0.0,1242.0,1242.0,0.0,966.0,966.0,0.0,540.0,540.0,0.0,389.0,389.0,0.0,804.0,804.0,0.0,1221.0,1221.0,0.0,1582.0,1582.0,0.0
2021-01-10,Friday,12308.0,11807.0,12425.0,8983.0,9693.0,12308.0,9633.0,33.8,2015.0,10.0,0.0,2516.0,3992.0,3992.0,0.0,1210.0,1210.0,0.0,1260.0,1260.0,0.0,1035.0,1035.0,0.0,565.0,565.0,0.0,339.0,339.0,0.0,733.0,733.0,0.0,1179.0,1179.0,0.0,1494.0,1494.0,0.0
2021-01-11,Monday,10331.0,9937.0,10331.0,7312.0,9044.0,10331.0,6986.0,31.1,1887.0,3.0,0.0,2567.0,3896.0,3896.0,0.0,1209.0,1209.0,0.0,919.0,919.0,0.0,733.0,733.0,0.0,390.0,390.0,0.0,256.0,256.0,0.0,576.0,576.0,0.0,847.0,847.0,0.0,1111.0,1111.0,0.0
2021-01-12,Wednesday,9537.0,9099.0,9537.0,6127.0,8254.0,9537.0,6013.0,31.2,1807.0,0.0,0.0,4037.0,3481.0,3481.0,0.0,1052.0,1052.0,0.0,890.0,890.0,0.0,705.0,705.0,0.0,342.0,342.0,0.0,244.0,244.0,0.0,599.0,599.0,0.0,742.0,742.0,0.0,1044.0,1044.0,0.0
2021-01-13,Wednesday,9243.0,8788.0,9243.0,5886.0,7599.0,9243.0,5855.0,22.9,3785.0,170.0,183.0,1409.0,3039.0,3039.0,0.0,1003.0,1003.0,0.0,941.0,941.0,0.0,773.0,773.0,0.0,326.0,326.0,0.0,239.0,239.0,0.0,639.0,639.0,0.0,733.0,733.0,0.0,1095.0,1095.0,0.0
2021-01-14,Thursday,9125.0,8791.0,9125.0,5855.0,7847.0,9125.0,5857.0,24.1,3985.0,170.0,186.0,1599.0,3031.0,3031.0,0.0,1025.0,1025.0,0.0,926.0,926.0,0.0,792.0,792.0,0.0,319.0,319.0,0.0,233.0,233.0,0.0,635.0,635.0,0.0,737.0,737.0,0.0,1093.0,1093.0,0.0
2021-01-15,Friday,8182.0,7819.0,8182.0,5857.0,6647.0,8182.0,5310.0,24.3,3787.0,170.0,184.0,1599.0,2422.0,2422.0,0.0,892.0,892.0,0.0,889.0,889.0,0.0,746.0,746.0,0.0,311.0,311.0,0.0,233.0,233.0,0.0,583.0,583.0,0.0,715.0,715.0,0.0,1028.0,1028.0,0.0
2021-01-16,Saturday,9165.0,8771.0,9165.0,5310.0,7421.0,9165.0,5531.0,23.6,3867.0,170.0,185.0,1599.0,2990.0,2990.0,0.0,1007.0,1007.0,0.0,929.0,929.0,0.0,779.0,779.0,0.0,326.0,326.0,0.0,245.0,245.0,0.0,634.0,634.0,0.0,766.0,766.0,0.0,1095.0,1095.0,0.0
2021-01-17,Sunday,9232.0,8817.0,9232.0,5531.0,7797.0,9232.0,5746.0,23.2,3835.0,170.0,186.0,1599.0,3102.0,3102.0,0.0,1002.0,1002.0,0.0,968.0,968.0,0.0,780.0,780.0,0.0,334.0,334.0,0.0,237.0,237.0,0.0,657.0,657.0,0.0,751.0,751.0,0.0,986.0,986.0,0.0
2021-01-18,Monday,9297.0,8927.0,9297.0,5746.0,7758.0,9297.0,5711.0,23.9,3843.0,170.0,185.0,1599.0,3087.0,3087.0,0.0,984.0,984.0,0.0,966.0,966.0,0.0,806.0,806.0,0.0,331.0,331.0,0.0,242.0,242.0,0.0,671.0,671.0,0.0,748.0,748.0,0.0,1092.0,1092.0,0.0
2021-01-19,Tuesday,9380.0,8954.0,9380.0,5711.0,7888.0,9380.0,5941.0,24.0,3778.0,170.0,186.0,1599.0,3078.0,3078.0,0.0,1032.0,1032.0,0.0,960.0,960.0,0.0,810.0,810.0,0.0,329.0,329.0,0.0,233.0,233.0,0.0,664.0,664.0,0.0,746.0,746.0,0.0,1102.0,1102.0,0.0
2021-01-20,Wednesday,9241.0,8797.0,9241.0,5941.0,8147.0,9241.0,5735.0,22.5,4011.0,170.0,185.0,1409.0,3045.0,3045.0,0.0,976.0,976.0,0.0,979.0,979.0,0.0,763.0,763.0,0.0,311.0,311.0,0.0,235.0,235.0,0.0,666.0,666.0,0.0,740.0,740.0,0.0,1082.0,1082.0,0.0
2021-01-21,Thursday,9279.0,8844.0,9279.0,5735.0,8118.0,9279.0,5661.0,25.7,4009.0,170.0,183.0,1409.0,3062.0,3062.0,0.0,927.0,927.0,0.0,950.0,950.0,0.0,800.0,800.0,0.0,339.0,339.0,0.0,239.0,239.0,0.0,680.0,680.0,0.0,756.0,756.0,0.0,1091.0,1091.0,0.0
2021-01-22,Friday,8189.0,7806.0,8189.0,5661.0,6681.0,8189.0,5304.0,23.6,3884.0,170.0,183.0,1589.0,2451.0,2451.0,0.0,828.0,828.0,0.0,874.0,874.0,0.0,747.0,747.0,0.0,313.0,313.0,0.0,230.0,230.0,0.0,631.0,631.0,0.0,716.0,716.0,0.0,1016.0,1016.0,0.0
2021-01-23,Saturday,9242.0,8810.0,9242.0,5304.0,7711.0,9242.0,5644.0,22.0,3687.0,170.0,183.0,1954.0,2986.0,2986.0,0.0,894.0,894.0,0.0,973.0,973.0,0.0,829.0,829.0,0.0,327.0,327.0,0.0,245.0,245.0,0.0,695.0,695.0,0.0,750.0,750.0,0.0,1111.0,1111.0,0.0
2021-01-24,Sunday,9104.0,8822.0,9104.0,5644.0,7846.0,9104.0,5675.0,24.6,3633.0,170.0,182.0,1690.0,3048.0,3048.0,0.0,925.0,925.0,0.0,962.0,962.0,0.0,794.0,794.0,0.0,339.0,339.0,0.0,237.0,237.0,0.0,675.0,675.0,0.0,744.0,744.0,0.0,1098.0,1098.0,0.0
2021-01-25,Monday,9278.0,8815.0,9278.0,5675.0,7893.0,9278.0,5815.0,26.0,3546.0,170.0,161.0,2102.0,3017.0,3017.0,0.0,907.0,907.0,0.0,982.0,982.0,0.0,780.0,780.0,0.0,336.0,336.0,0.0,238.0,238.0,0.0,702.0,702.0,0.0,753.0,753.0,0.0,1100.0,1100.0,0.0
2021-01-26,Tuesday,9240.0,8872.0,9240.0,5815.0,7917.0,9240.0,5748.0,24.3,2981.0,170.0,163.0,2876.0,2995.0,2995.0,0.0,950.0,950.0,0.0,986.0,986.0,0.0,803.0,803.0,0.0,334.0,334.0,0.0,229.0,229.0,0.0,706.0,706.0,0.0,769.0,769.0,0.0,1100.0,1100.0,0.0
2021-01-27,Wednesday,9272.0,8781.0,9272.0,5748.0,7919.0,9272.0,5741.0,23.8,2905.0,170.0,163.0,2876.0,3025.0,3025.0,0.0,848.0,848.0,0.0,987.0,987.0,0.0,785.0,785.0,0.0,330.0,330.0,0.0,236.0,236.0,0.0,710.0,710.0,0.0,760.0,760.0,0.0,1100.0,1100.0,0.0
2021-01-28,Thursday,9240.0,8844.0,9240.0,5741.0,8054.0,9240.0,5736.0,24.0,2980.0,170.0,172.0,2876.0,2987.0,2987.0,0.0,938.0,938.0,0.0,972.0,972.0,0.0,819.0,819.0,0.0,336.0,336.0,0.0,236.0,236.0,0.0,705.0,705.0,0.0,753.0,753.0,0.0,1098.0,1098.0,0.0
2021-01-29,Friday,8348.0,7939.0,8348.0,5736.0,6916.0,8348.0,5459.0,25.4,2901.0,170.0,175.0,2876.0,2448.0,2448.0,0.0,854.0,854.0,0.0,916.0,916.0,0.0,753.0,753.0,0.0,315.0,315.0,0.0,224.0,224.0,0.0,677.0,677.0,0.0,719.0,719.0,0.0,1033.0,1033.0,0.0
2021-01-30,Saturday,9075.0,8596.0,9075.0,5459.0,7578.0,9075.0,5628.0,23.8,2769.0,170.0,176.0,2876.0,2895.0,2895.0,0.0,887.0,887.0,0.0,952.0,952.0,0.0,752.0,752.0,0.0,355.0,355.0,0.0,238.0,238.0,0.0,673.0,673.0,0.0,754.0,754.0,0.0,1090.0,1090.0,0.0
2021-01-31,Sunday,9188.0,8790.0,9188.0,5628.0,7989.0,9188.0,5589.0,22.1,2940.0,170.0,188.0,2876.0,2964.0,2964.0,0.0,899.0,899.0,0.0,989.0,989.0,0.0,793.0,793.0,0.0,333.0,333.0,0.0,247.0,247.0,0.0,722.0,722.0,0.0,730.0,730.0,0.0,1113.0,1113.0,0.0
2021-02-01,Sunday,9156.0,8709.0,9156.0,5745.0,7659.0,9156.0,5706.0,23.0,4044.0,159.0,144.0,3038.0,3233.0,3233.0,0.0,892.0,892.0,0.0,892.0,892.0,0.0,725.0,725.0,0.0,341.0,341.0,0.0,240.0,240.0,0.0,614.0,614.0,0.0,751.0,751.0,0.0,1021.0,1021.0,0.0
2021-02-02,Tuesday,9234.0,8750.0,9234.0,5579.0,7990.0,9234.0,5643.0,25.4,2786.0,170.0,160.0,2431.0,2981.0,2981.0,0.0,888.0,888.0,0.0,963.0,963.0,0.0,799.0,799.0,0.0,330.0,330.0,0.0,239.0,239.0,0.0,688.0,688.0,0.0,754.0,754.0,0.0,1108.0,1108.0,0.0
2021-02-03,Tuesday,10798.0,10421.0,10798.0,7631.0,9540.0,10798.0,7437.0,33.7,2664.0,85.0,160.0,1725.0,3747.0,3747.0,0.0,1128.0,1128.0,0.0,1086.0,1086.0,0.0,874.0,874.0,0.0,383.0,383.0,0.0,290.0,290.0,0.0,686.0,686.0,0.0,931.0,931.0,0.0,1296.0,1296.0,0.0
2021-02-04,Friday,11995.0,11243.0,11995.0,9352.0,9745.0,11995.0,9463.0,37.0,882.0,294.0,125.0,2071.0,3792.0,3792.0,0.0,1152.0,1152.0,0.0,1274.0,1274.0,0.0,1008.0,1008.0,0.0,373.0,373.0,0.0,309.0,309.0,0.0,705.0,705.0,0.0,1154.0,1154.0,0.0,1476.0,1476.0,0.0
2021-02-05,Sunday,12738.0,12237.0,12738.0,8818.0,11158.0,12738.0,8411.0,36.2,1512.0,224.0,210.0,1479.0,4370.0,4370.0,0.0,1343.0,1343.0,0.0,1272.0,1272.0,0.0,900.0,900.0,0.0,406.0,406.0,0.0,423.0,423.0,0.0,773.0,773.0,0.0,1276.0,1276.0,0.0,1474.0,1474.0,0.0
2021-02-06,Wednesday,13014.0,12380.0,13014.0,8407.0,10311.0,13014.0,9686.0,34.0,1642.0,294.0,210.0,2213.0,4333.0,4333.0,0.0,1190.0,1190.0,0.0,1342.0,1342.0,0.0,1013.0,1013.0,0.0,523.0,523.0,0.0,381.0,381.0,0.0,789.0,789.0,0.0,1240.0,1240.0,0.0,1569.0,1569.0,0.0
2021-02-07,Friday,9942.0,9500.0,9969.0,6911.0,7379.0,9942.0,7594.0,29.5,913.0,294.0,203.0,1234.0,3023.0,3023.0,0.0,1034.0,1034.0,0.0,1066.0,1066.0,0.0,825.0,825.0,0.0,389.0,389.0,0.0,302.0,302.0,0.0,688.0,688.0,0.0,983.0,983.0,0.0,1190.0,1190.0,0.0
2021-02-08,Monday,11788.0,11022.0,11824.0,8488.0,9739.0,11788.0,8777.0,33.0,1096.0,292.0,112.0,1654.0,3628.0,3628.0,0.0,1028.0,1028.0,0.0,1245.0,1245.0,0.0,944.0,944.0,0.0,498.0,498.0,0.0,341.0,341.0,0.0,835.0,835.0,0.0,1083.0,1083.0,0.0,1420.0,1420.0,0.0
2021-02-09,Thursday,12964.0,12388.0,12964.0,9850.0,11166.0,12964.0,9181.0,34.5,1869.0,206.0,80.0,2896.0,4430.0,4430.0,0.0,1313.0,1313.0,0.0,1234.0,1234.0,0.0,930.0,930.0,0.0,551.0,551.0,0.0,380.0,380.0,0.0,747.0,747.0,0.0,1230.0,1230.0,0.0,1573.0,1573.0,0.0
2021-02-10,Saturday,13178.0,12619.0,13178.0,9633.0,10805.0,13178.0,9621.0,35.2,1950.0,4.0,0.0,2446.0,4562.0,4562.0,0.0,1243.0,1243.0,0.0,1342.0,1342.0,0.0,1045.0,1045.0,0.0,536.0,536.0,0.0,375.0,375.0,0.0,723.0,723.0,0.0,1232.0,1232.0,0.0,1561.0,1561.0,0.0
2021-02-11,Tuesday,10274.0,9813.0,10274.0,6986.0,8757.0,10274.0,7085.0,30.4,2124.0,6.0,0.0,2492.0,3794.0,3794.0,0.0,1245.0,1245.0,0.0,899.0,899.0,0.0,727.0,727.0,0.0,384.0,384.0,0.0,251.0,251.0,0.0,563.0,563.0,0.0,839.0,839.0,0.0,1111.0,1111.0,0.0
2021-02-12,Thursday,9588.0,9175.0,9588.0,6013.0,8400.0,9588.0,6104.0,30.5,2214.0,0.0,0.0,4032.0,3546.0,3546.0,0.0,1078.0,1078.0,0.0,873.0,873.0,0.0,706.0,706.0,0.0,331.0,331.0,0.0,248.0,248.0,0.0,593.0,593.0,0.0,751.0,751.0,0.0,1049.0,1049.0,0.0
2021-02-13,Saturday,9370.0,8804.0,9370.0,5581.0,7956.0,9370.0,5977.0,29.6,3283.0,170.0,160.0,1625.0,2942.0,2942.0,0.0,937.0,937.0,0.0,974.0,974.0,0.0,835.0,835.0,0.0,342.0,342.0,0.0,241.0,241.0,0.0,647.0,647.0,0.0,757.0,757.0,0.0,1129.0,1129.0,0.0
2021-02-14,Sunday,9370.0,8973.0,9370.0,5977.0,8389.0,9370.0,6019.0,29.8,3284.0,170.0,160.0,1625.0,3189.0,3189.0,0.0,951.0,951.0,0.0,959.0,959.0,0.0,787.0,787.0,0.0,344.0,344.0,0.0,242.0,242.0,0.0,648.0,648.0,0.0,724.0,724.0,0.0,1129.0,1129.0,0.0
2021-02-15,Monday,9418.0,9009.0,9418.0,6019.0,8346.0,9418.0,6129.0,30.0,3121.0,170.0,160.0,1985.0,3215.0,3215.0,0.0,899.0,899.0,0.0,948.0,948.0,0.0,821.0,821.0,0.0,340.0,340.0,0.0,242.0,242.0,0.0,654.0,654.0,0.0,784.0,784.0,0.0,1106.0,1106.0,0.0
2021-02-16,Tuesday,9545.0,9113.0,9545.0,6129.0,8313.0,9545.0,6195.0,30.0,2888.0,170.0,160.0,1985.0,3260.0,3260.0,0.0,922.0,922.0,0.0,996.0,996.0,0.0,774.0,774.0,0.0,346.0,346.0,0.0,227.0,227.0,0.0,670.0,670.0,0.0,774.0,774.0,0.0,1144.0,1144.0,0.0
2021-02-17,Wednesday,9519.0,9074.0,9519.0,6195.0,8201.0,9519.0,6093.0,29.4,2808.0,170.0,160.0,1985.0,3343.0,3343.0,0.0,863.0,863.0,0.0,939.0,939.0,0.0,813.0,813.0,0.0,341.0,341.0,0.0,235.0,235.0,0.0,656.0,656.0,0.0,770.0,770.0,0.0,1114.0,1114.0,0.0
2021-02-18,Thursday,9529.0,9166.0,9529.0,6093.0,8441.0,9529.0,6242.0,31.8,2873.0,170.0,160.0,1620.0,3292.0,3292.0,0.0,925.0,925.0,0.0,962.0,962.0,0.0,817.0,817.0,0.0,354.0,354.0,0.0,229.0,229.0,0.0,664.0,664.0,0.0,784.0,784.0,0.0,1139.0,1139.0,0.0
2021-02-19,Friday,8526.0,8145.0,8526.0,6242.0,7330.0,8526.0,5984.0,31.2,2986.0,170.0,160.0,1620.0,2704.0,2704.0,0.0,855.0,855.0,0.0,901.0,901.0,0.0,764.0,764.0,0.0,318.0,318.0,0.0,239.0,239.0,0.0,593.0,593.0,0.0,766.0,766.0,0.0,1005.0,1005.0,0.0
2021-02-20,Saturday,9150.0,8887.0,9150.0,5984.0,7557.0,9150.0,5905.0,26.1,2992.0,170.0,160.0,1550.0,3027.0,3027.0,0.0,981.0,981.0,0.0,984.0,984.0,0.0,787.0,787.0,0.0,346.0,346.0,0.0,241.0,241.0,0.0,685.0,685.0,0.0,760.0,760.0,0.0,1076.0,1076.0,0.0
2021-02-21,Sunday,8450.0,8046.0,8450.0,5905.0,7264.0,8450.0,5627.0,31.9,2669.0,170.0,160.0,1851.0,2560.0,2560.0,0.0,730.0,730.0,0.0,978.0,978.0,0.0,779.0,779.0,0.0,332.0,332.0,0.0,229.0,229.0,0.0,616.0,616.0,0.0,758.0,758.0,0.0,1064.0,1064.0,0.0
2021-02-22,Monday,9576.0,9211.0,9576.0,5627.0,8379.0,9576.0,6290.0,30.8,2370.0,170.0,160.0,1836.0,3280.0,3280.0,0.0,928.0,928.0,0.0,983.0,983.0,0.0,829.0,829.0,0.0,351.0,351.0,0.0,226.0,226.0,0.0,659.0,659.0,0.0,793.0,793.0,0.0,1162.0,1162.0,0.0
2021-02-23,Tuesday,9640.0,9339.0,9640.0,6290.0,8446.0,9640.0,6401.0,30.9,2710.0,170.0,160.0,1731.0,3380.0,3380.0,0.0,978.0,978.0,0.0,1004.0,1004.0,0.0,801.0,801.0,0.0,340.0,340.0,0.0,241.0,241.0,0.0,665.0,665.0,0.0,793.0,793.0,0.0,1137.0,1137.0,0.0
2021-02-24,Wednesday,9709.0,9436.0,9709.0,6401.0,8665.0,9709.0,5856.0,31.3,2527.0,170.0,160.0,1743.0,3409.0,3409.0,0.0,976.0,976.0,0.0,1007.0,1007.0,0.0,828.0,828.0,0.0,340.0,340.0,0.0,241.0,241.0,0.0,672.0,672.0,0.0,823.0,823.0,0.0,1140.0,1140.0,0.0
2021-02-25,Thursday,10039.0,9602.0,10039.0,5856.0,8807.0,10039.0,6537.0,32.8,2613.0,170.0,160.0,1689.0,3533.0,3533.0,0.0,1012.0,1012.0,0.0,1018.0,1018.0,0.0,807.0,807.0,0.0,345.0,345.0,0.0,262.0,262.0,0.0,643.0,643.0,0.0,810.0,810.0,0.0,1172.0,1172.0,0.0
2021-02-26,Friday,9102.0,8677.0,9102.0,6537.0,7755.0,9102.0,6678.0,33.4,2449.0,170.0,160.0,1652.0,2980.0,2980.0,0.0,857.0,857.0,0.0,969.0,969.0,0.0,784.0,784.0,0.0,324.0,324.0,0.0,242.0,242.0,0.0,591.0,591.0,0.0,834.0,834.0,0.0,1096.0,1096.0,0.0
2021-02-27,Saturday,10386.0,9959.0,10386.0,6678.0,8686.0,10386.0,7236.0,34.2,2509.0,170.0,160.0,1638.0,3595.0,3595.0,0.0,1017.0,1017.0,0.0,1058.0,1058.0,0.0,869.0,869.0,0.0,357.0,357.0,0.0,282.0,282.0,0.0,638.0,638.0,0.0,938.0,938.0,0.0,1205.0,1205.0,0.0
2021-02-28,Sunday,10603.0,10308.0,10603.0,7236.0,9477.0,10603.0,7475.0,33.6,2689.0,170.0,160.0,1658.0,3865.0,3865.0,0.0,901.0,901.0,0.0,1088.0,1088.0,0.0,881.0,881.0,0.0,365.0,365.0,0.0,279.0,279.0,0.0,675.0,675.0,0.0,951.0,951.0,0.0,1303.0,1303.0,0.0
2021-03-01,Sunday,8863.0,8318.0,8863.0,5435.0,7151.0,8863.0,5580.0,27.4,4174.0,170.0,195.0,1262.0,2918.0,2918.0,0.0,873.0,873.0,0.0,870.0,870.0,0.0,721.0,721.0,0.0,316.0,316.0,0.0,245.0,245.0,0.0,583.0,583.0,0.0,714.0,714.0,0.0,1078.0,1078.0,0.0
2021-03-02,Wednesday,9179.0,8852.0,9179.0,5643.0,7975.0,9179.0,5794.0,26.8,3270.0,170.0,195.0,2019.0,3063.0,3063.0,0.0,882.0,882.0,0.0,973.0,973.0,0.0,797.0,797.0,0.0,335.0,335.0,0.0,248.0,248.0,0.0,699.0,699.0,0.0,752.0,752.0,0.0,1103.0,1103.0,0.0
2021-03-03,Wednesday,10755.0,10312.0,10755.0,7437.0,9209.0,10755.0,6990.0,33.4,2694.0,62.0,160.0,1678.0,3639.0,3639.0,0.0,1115.0,1115.0,0.0,1074.0,1074.0,0.0,895.0,895.0,0.0,388.0,388.0,0.0,294.0,294.0,0.0,706.0,706.0,0.0,947.0,947.0,0.0,1254.0,1254.0,0.0
2021-03-04,Saturday,13018.0,12263.0,13018.0,9365.0,10126.0,13018.0,9606.0,34.9,1151.0,295.0,159.0,1872.0,4377.0,4377.0,0.0,1233.0,1233.0,0.0,1361.0,1361.0,0.0,1024.0,1024.0,0.0,445.0,445.0,0.0,328.0,328.0,0.0,754.0,754.0,0.0,1189.0,1189.0,0.0,1552.0,1552.0,0.0
2021-03-05,Monday,12943.0,12405.0,12943.0,8411.0,10219.0,12943.0,7650.0,34.5,1640.0,221.0,209.0,1472.0,4312.0,4312.0,0.0,1319.0,1319.0,0.0,1205.0,1205.0,0.0,1063.0,1063.0,0.0,480.0,480.0,0.0,401.0,401.0,0.0,763.0,763.0,0.0,1232.0,1232.0,0.0,1630.0,1630.0,0.0
2021-03-06,Thursday,12754.0,12192.0,12754.0,9686.0,11290.0,12754.0,9086.0,34.4,1597.0,294.0,210.0,1502.0,4248.0,4248.0,0.0,1272.0,1272.0,0.0,1281.0,1281.0,0.0,1013.0,1013.0,0.0,503.0,503.0,0.0,336.0,336.0,0.0,772.0,772.0,0.0,1175.0,1175.0,0.0,1592.0,1592.0,0.0
2021-03-07,Saturday,11515.0,11000.0,11515.0,7594.0,9422.0,11515.0,8335.0,33.0,1007.0,294.0,202.0,1245.0,3842.0,3842.0,0.0,1150.0,1150.0,0.0,1185.0,1185.0,0.0,897.0,897.0,0.0,445.0,445.0,0.0,322.0,322.0,0.0,743.0,743.0,0.0,1039.0,1039.0,0.0,1377.0,1377.0,0.0
2021-03-08,Tuesday,12060.0,11544.0,12060.0,8777.0,10153.0,12060.0,8984.0,34.4,1326.0,293.0,110.0,1363.0,3905.0,3905.0,0.0,1122.0,1122.0,0.0,1250.0,1250.0,0.0,954.0,954.0,0.0,528.0,528.0,0.0,342.0,342.0,0.0,796.0,796.0,0.0,1157.0,1157.0,0.0,1490.0,1490.0,0.0
2021-03-09,Friday,12602.0,11981.0,12615.0,9051.0,9805.0,12602.0,9992.0,35.8,1855.0,211.0,73.0,2516.0,3972.0,3972.0,0.0,1270.0,1270.0,0.0,1290.0,1290.0,0.0,978.0,978.0,0.0,539.0,539.0,0.0,369.0,369.0,0.0,809.0,809.0,0.0,1202.0,1202.0,0.0,1552.0,1552.0,0.0
2021-03-10,Sunday,11569.0,11131.0,12173.0,9621.0,10430.0,11569.0,8660.0,33.1,1903.0,3.0,0.0,2620.0,4196.0,4196.0,0.0,1166.0,1166.0,0.0,1091.0,1091.0,0.0,753.0,753.0,0.0,413.0,413.0,0.0,365.0,365.0,0.0,585.0,585.0,0.0,1219.0,1219.0,0.0,1343.0,1343.0,0.0
2021-03-11,Wednesday,10389.0,9907.0,10389.0,7085.0,8791.0,10389.0,6838.0,31.0,2359.0,5.0,0.0,2500.0,3840.0,3840.0,0.0,1222.0,1222.0,0.0,928.0,928.0,0.0,745.0,745.0,0.0,384.0,384.0,0.0,254.0,254.0,0.0,576.0,576.0,0.0,843.0,843.0,0.0,1115.0,1115.0,0.0
2021-03-12,Friday,8300.0,7953.0,8300.0,6104.0,6698.0,8300.0,5694.0,30.4,2041.0,0.0,0.0,4002.0,2812.0,2812.0,0.0,900.0,900.0,0.0,821.0,821.0,0.0,655.0,655.0,0.0,321.0,321.0,0.0,246.0,246.0,0.0,541.0,541.0,0.0,693.0,693.0,0.0,964.0,964.0,0.0
2021-03-13,Saturday,9432.0,8885.0,9432.0,8017.0,9212.0,9432.0,7189.0,33.7,2211.0,170.0,160.0,1091.0,3205.0,3205.0,0.0,1148.0,1148.0,0.0,884.0,884.0,0.0,645.0,645.0,0.0,285.0,285.0,0.0,270.0,270.0,0.0,544.0,544.0,0.0,792.0,792.0,0.0,1112.0,1112.0,0.0
2021-03-14,Sunday,10957.0,10459.0,10957.0,7189.0,9132.0,10957.0,7672.0,31.2,2242.0,170.0,160.0,1001.0,3808.0,3808.0,0.0,1221.0,1221.0,0.0,1065.0,1065.0,0.0,843.0,843.0,0.0,353.0,353.0,0.0,276.0,276.0,0.0,693.0,693.0,0.0,959.0,959.0,0.0,1241.0,1241.0,0.0
2021-03-15,Monday,11505.0,10871.0,11505.0,7672.0,9445.0,11505.0,7932.0,32.5,2220.0,170.0,160.0,981.0,3931.0,3931.0,0.0,1133.0,1133.0,0.0,1150.0,1150.0,0.0,929.0,929.0,0.0,406.0,406.0,0.0,262.0,262.0,0.0,713.0,713.0,0.0,1012.0,1012.0,0.0,1335.0,1335.0,0.0
2021-03-16,Tuesday,11595.0,11089.0,11595.0,7932.0,9886.0,11595.0,8081.0,35.2,2030.0,170.0,160.0,1170.0,4012.0,4012.0,0.0,1227.0,1227.0,0.0,1130.0,1130.0,0.0,957.0,957.0,0.0,418.0,418.0,0.0,280.0,280.0,0.0,721.0,721.0,0.0,999.0,999.0,0.0,1345.0,1345.0,0.0
2021-03-17,Wednesday,10952.0,10636.0,10952.0,8081.0,9616.0,10952.0,7942.0,34.8,1597.0,170.0,160.0,1205.0,3650.0,3650.0,0.0,1068.0,1068.0,0.0,1171.0,1171.0,0.0,978.0,978.0,0.0,420.0,420.0,0.0,273.0,273.0,0.0,734.0,734.0,0.0,1032.0,1032.0,0.0,1310.0,1310.0,0.0
2021-03-18,Thursday,11701.0,11153.0,11701.0,7942.0,10120.0,11701.0,8189.0,35.5,1571.0,170.0,160.0,1194.0,3995.0,3995.0,0.0,1172.0,1172.0,0.0,1183.0,1183.0,0.0,922.0,922.0,0.0,422.0,422.0,0.0,277.0,277.0,0.0,738.0,738.0,0.0,1072.0,1072.0,0.0,1372.0,1372.0,0.0
2021-03-19,Friday,10846.0,10360.0,10846.0,8189.0,8737.0,10846.0,8133.0,35.0,1703.0,170.0,160.0,1215.0,3458.0,3458.0,0.0,1119.0,1119.0,0.0,1164.0,1164.0,0.0,925.0,925.0,0.0,396.0,396.0,0.0,277.0,277.0,0.0,706.0,706.0,0.0,1022.0,1022.0,0.0,1293.0,1293.0,0.0
2021-03-20,Saturday,12176.0,11574.0,12176.0,8133.0,9578.0,12176.0,8679.0,35.2,1813.0,170.0,160.0,1533.0,4167.0,4167.0,0.0,1242.0,1242.0,0.0,1233.0,1233.0,0.0,973.0,973.0,0.0,438.0,438.0,0.0,302.0,302.0,0.0,717.0,717.0,0.0,1094.0,1094.0,0.0,1408.0,1408.0,0.0
2021-03-21,Sunday,12525.0,11910.0,12525.0,8679.0,10584.0,12525.0,9207.0,37.1,1593.0,170.0,190.0,1554.0,4375.0,4375.0,0.0,1252.0,1252.0,0.0,1284.0,1284.0,0.0,957.0,957.0,0.0,456.0,456.0,0.0,314.0,314.0,0.0,735.0,735.0,0.0,1144.0,1144.0,0.0,1393.0,1393.0,0.0
2021-03-22,Monday,12565.0,11869.0,12565.0,9207.0,10862.0,12565.0,9127.0,36.8,1358.0,170.0,190.0,1682.0,4250.0,4250.0,0.0,1263.0,1263.0,0.0,1260.0,1260.0,0.0,989.0,989.0,0.0,455.0,455.0,0.0,323.0,323.0,0.0,778.0,778.0,0.0,1113.0,1113.0,0.0,1438.0,1438.0,0.0
2021-03-23,Tuesday,12643.0,12076.0,12643.0,9127.0,11146.0,12643.0,9488.0,37.7,1041.0,170.0,160.0,2081.0,4331.0,4331.0,0.0,1310.0,1310.0,0.0,1324.0,1324.0,0.0,992.0,992.0,0.0,470.0,470.0,0.0,305.0,305.0,0.0,778.0,778.0,0.0,1116.0,1116.0,0.0,1450.0,1450.0,0.0
2021-03-24,Wednesday,12790.0,12125.0,12790.0,9488.0,11126.0,12790.0,9560.0,37.6,2341.0,295.0,160.0,1863.0,4324.0,4324.0,0.0,1247.0,1247.0,0.0,1319.0,1319.0,0.0,1016.0,1016.0,0.0,469.0,469.0,0.0,333.0,333.0,0.0,744.0,744.0,0.0,1190.0,1190.0,0.0,1483.0,1483.0,0.0
2021-03-25,Thursday,12717.0,12125.0,12717.0,9560.0,11023.0,12717.0,8760.0,37.4,2327.0,294.0,160.0,1677.0,4324.0,4324.0,0.0,1247.0,1247.0,0.0,1319.0,1319.0,0.0,1016.0,1016.0,0.0,469.0,469.0,0.0,333.0,333.0,0.0,744.0,744.0,0.0,1190.0,1190.0,0.0,1483.0,1483.0,0.0
2021-03-26,Friday,11129.0,10469.0,11129.0,8760.0,9413.0,11129.0,8585.0,37.6,1684.0,294.0,160.0,1544.0,3606.0,3606.0,0.0,916.0,916.0,0.0,1188.0,1188.0,0.0,970.0,970.0,0.0,407.0,407.0,0.0,277.0,277.0,0.0,681.0,681.0,0.0,1085.0,1085.0,0.0,1339.0,1339.0,0.0
2021-03-27,Saturday,12446.0,11859.0,12446.0,8585.0,10425.0,12446.0,9015.0,36.7,1930.0,294.0,160.0,1579.0,4299.0,4299.0,0.0,1323.0,1323.0,0.0,1292.0,1292.0,0.0,1018.0,1018.0,0.0,428.0,428.0,0.0,316.0,316.0,0.0,780.0,780.0,0.0,991.0,991.0,0.0,1412.0,1412.0,0.0
2021-03-28,Sunday,12634.0,11927.0,12634.0,9015.0,10542.0,12634.0,9206.0,36.8,1164.0,294.0,160.0,1615.0,4327.0,4327.0,0.0,1181.0,1181.0,0.0,1327.0,1327.0,0.0,1039.0,1039.0,0.0,433.0,433.0,0.0,294.0,294.0,0.0,779.0,779.0,0.0,1104.0,1104.0,0.0,1443.0,1443.0,0.0
2021-03-29,Monday,12050.0,11562.0,12050.0,9206.0,11016.0,12050.0,7935.0,35.0,1428.0,294.0,160.0,1624.0,4054.0,4054.0,0.0,1129.0,1129.0,0.0,1258.0,1258.0,0.0,993.0,993.0,0.0,466.0,466.0,0.0,321.0,321.0,0.0,767.0,767.0,0.0,1122.0,1122.0,0.0,1452.0,1452.0,0.0
2021-03-30,Tuesday,11407.0,10886.0,11407.0,7935.0,8688.0,11407.0,9059.0,35.2,1103.0,294.0,160.0,1639.0,3873.0,3873.0,0.0,1157.0,1157.0,0.0,1253.0,1253.0,0.0,697.0,697.0,0.0,337.0,337.0,0.0,297.0,297.0,0.0,651.0,651.0,0.0,1117.0,1117.0,0.0,1504.0,1504.0,0.0
2021-03-31,Wednesday,12403.0,11877.0,12403.0,9059.0,9878.0,12403.0,9266.0,35.3,1276.0,294.0,127.0,1450.0,4450.0,4450.0,0.0,1306.0,1306.0,0.0,1277.0,1277.0,0.0,903.0,903.0,0.0,288.0,288.0,0.0,335.0,335.0,0.0,680.0,680.0,0.0,1115.0,1115.0,0.0,1523.0,1523.0,0.0
2021-04-01,Monday,8921.0,8478.0,8921.0,5580.0,7183.0,8921.0,5551.0,28.2,4217.0,170.0,195.0,1099.0,3027.0,3027.0,0.0,882.0,882.0,0.0,885.0,885.0,0.0,737.0,737.0,0.0,311.0,311.0,0.0,236.0,236.0,0.0,598.0,598.0,0.0,717.0,717.0,0.0,1085.0,1085.0,0.0
2021-04-02,Thursday,9193.0,8793.0,9193.0,5794.0,8234.0,9193.0,5859.0,28.3,2772.0,170.0,160.0,2019.0,3036.0,3036.0,0.0,910.0,910.0,0.0,971.0,971.0,0.0,805.0,805.0,0.0,328.0,328.0,0.0,237.0,237.0,0.0,611.0,611.0,0.0,780.0,780.0,0.0,1115.0,1115.0,0.0
2021-04-03,Thursday,10640.0,10224.0,10640.0,6990.0,9014.0,10640.0,7363.0,32.4,2675.0,85.0,160.0,1652.0,3643.0,3643.0,0.0,1139.0,1139.0,0.0,1065.0,1065.0,0.0,879.0,879.0,0.0,369.0,369.0,0.0,278.0,278.0,0.0,680.0,680.0,0.0,914.0,914.0,0.0,1257.0,1257.0,0.0
2021-04-04,Sunday,8524.0,8191.0,11756.2,9606.0,11262.0,8524.0,6383.0,36.6,1393.0,294.0,170.0,1916.0,4055.0,4055.0,0.0,1145.0,1145.0,0.0,166.0,166.0,0.0,89.0,89.0,0.0,308.0,308.0,0.0,258.0,258.0,0.0,532.0,532.0,0.0,913.0,913.0,0.0,725.0,725.0,0.0
2021-04-05,Tuesday,11394.0,10917.0,11394.0,7650.0,9490.0,11394.0,7825.0,31.4,1608.0,223.0,208.0,1453.0,3967.0,3967.0,0.0,1185.0,1185.0,0.0,1208.0,1208.0,0.0,914.0,914.0,0.0,377.0,377.0,0.0,347.0,347.0,0.0,626.0,626.0,0.0,1004.0,1004.0,0.0,1289.0,1289.0,0.0
2021-04-06,Friday,12215.0,11697.0,12275.0,9086.0,9954.0,12215.0,8452.0,35.9,1167.0,294.0,210.0,1501.0,4025.0,4025.0,0.0,1243.0,1243.0,0.0,1164.0,1164.0,0.0,959.0,959.0,0.0,396.0,396.0,0.0,353.0,353.0,0.0,769.0,769.0,0.0,1209.0,1209.0,0.0,1579.0,1579.0,0.0
2021-04-07,Sunday,11704.0,11288.0,11704.0,8335.0,9453.0,11704.0,8654.0,29.6,1397.0,294.0,177.0,1320.0,3890.0,3890.0,0.0,1104.0,1104.0,0.0,1268.0,1268.0,0.0,1006.0,1006.0,0.0,462.0,462.0,0.0,341.0,341.0,0.0,760.0,760.0,0.0,1068.0,1068.0,0.0,1389.0,1389.0,0.0
2021-04-08,Wednesday,11997.0,11412.0,12194.0,8984.0,10077.0,11997.0,9461.0,34.2,1316.0,294.0,110.0,1473.0,3941.0,3941.0,0.0,1116.0,1116.0,0.0,1239.0,1239.0,0.0,961.0,961.0,0.0,336.0,336.0,0.0,366.0,366.0,0.0,814.0,814.0,0.0,1189.0,1189.0,0.0,1450.0,1450.0,0.0
2021-04-09,Saturday,13343.0,12652.0,13343.0,9938.0,10530.0,13343.0,10120.0,34.5,1959.0,202.0,121.0,2448.0,4344.0,4344.0,0.0,1257.0,1257.0,0.0,1366.0,1366.0,0.0,955.0,955.0,0.0,587.0,587.0,0.0,370.0,370.0,0.0,803.0,803.0,0.0,1297.0,1297.0,0.0,1673.0,1673.0,0.0
2021-04-10,Monday,12425.0,11837.0,12425.0,8660.0,10354.0,12425.0,9235.0,33.4,2257.0,6.0,0.0,2483.0,4550.0,4550.0,0.0,1203.0,1203.0,0.0,1253.0,1253.0,0.0,724.0,724.0,0.0,461.0,461.0,0.0,358.0,358.0,0.0,607.0,607.0,0.0,1182.0,1182.0,0.0,1499.0,1499.0,0.0
2021-04-11,Thursday,10114.0,9581.0,10114.0,6838.0,8919.0,10114.0,6471.0,31.4,2428.0,5.0,0.0,2551.0,3641.0,3641.0,0.0,1248.0,1248.0,0.0,882.0,882.0,0.0,728.0,728.0,0.0,371.0,371.0,0.0,251.0,251.0,0.0,570.0,570.0,0.0,806.0,806.0,0.0,1084.0,1084.0,0.0
2021-04-12,Saturday,9409.0,9006.0,9409.0,5694.0,7235.0,9409.0,6053.0,26.7,1749.0,0.0,0.0,4164.0,3413.0,3413.0,0.0,1059.0,1059.0,0.0,873.0,873.0,0.0,692.0,692.0,0.0,335.0,335.0,0.0,253.0,253.0,0.0,601.0,601.0,0.0,752.0,752.0,0.0,1028.0,1028.0,0.0
2021-04-13,Tuesday,13308.0,12717.0,13308.0,10030.0,11347.0,13308.0,9531.0,36.9,2048.0,219.0,160.0,1582.0,4246.0,4246.0,0.0,1338.0,1338.0,0.0,1428.0,1428.0,0.0,1056.0,1056.0,0.0,493.0,493.0,0.0,383.0,383.0,0.0,833.0,833.0,0.0,1301.0,1301.0,0.0,1639.0,1639.0,0.0
2021-04-14,Wednesday,13058.0,12460.0,13058.0,9531.0,10094.0,13058.0,9520.0,37.0,1784.0,220.0,160.0,1584.0,4013.0,4013.0,0.0,1313.0,1313.0,0.0,1461.0,1461.0,0.0,1099.0,1099.0,0.0,517.0,517.0,0.0,380.0,380.0,0.0,796.0,796.0,0.0,1290.0,1290.0,0.0,1591.0,1591.0,0.0
2021-04-15,Thursday,13380.0,12738.0,13380.0,9520.0,10902.0,13380.0,9140.0,35.5,1782.0,217.0,195.0,1806.0,4189.0,4189.0,0.0,1371.0,1371.0,0.0,1485.0,1485.0,0.0,1100.0,1100.0,0.0,513.0,513.0,0.0,381.0,381.0,0.0,793.0,793.0,0.0,1289.0,1289.0,0.0,1617.0,1617.0,0.0
2021-04-16,Friday,12705.0,12290.0,12712.0,9126.0,9873.0,12705.0,4853.0,36.1,1403.0,220.0,195.0,1736.0,3979.0,3979.0,0.0,1290.0,1290.0,0.0,1413.0,1413.0,0.0,1111.0,1111.0,0.0,484.0,484.0,0.0,383.0,383.0,0.0,798.0,798.0,0.0,1263.0,1263.0,0.0,1569.0,1569.0,0.0
2021-04-17,Saturday,11940.0,11455.0,11940.0,4853.0,8237.0,11940.0,7957.0,33.0,1188.0,219.0,160.0,1715.0,3844.0,3844.0,0.0,1309.0,1309.0,0.0,1375.0,1375.0,0.0,959.0,959.0,0.0,418.0,418.0,0.0,335.0,335.0,0.0,574.0,574.0,0.0,1127.0,1127.0,0.0,1514.0,1514.0,0.0
2021-04-18,Sunday,12661.0,12120.0,12661.0,7957.0,9873.0,12661.0,8761.0,34.3,1566.0,219.0,169.0,1735.0,4043.0,4043.0,0.0,1278.0,1278.0,0.0,1413.0,1413.0,0.0,1078.0,1078.0,0.0,446.0,446.0,0.0,339.0,339.0,0.0,697.0,697.0,0.0,1246.0,1246.0,0.0,1580.0,1580.0,0.0
2021-04-19,Monday,12961.0,12524.0,12961.0,8761.0,10158.0,12961.0,9565.0,36.9,1476.0,220.0,169.0,1805.0,4291.0,4291.0,0.0,1304.0,1304.0,0.0,1439.0,1439.0,0.0,1072.0,1072.0,0.0,451.0,451.0,0.0,356.0,356.0,0.0,751.0,751.0,0.0,1254.0,1254.0,0.0,1606.0,1606.0,0.0
2021-04-20,Tuesday,13228.0,12685.0,13296.0,9565.0,10747.0,13228.0,10015.0,36.9,1417.0,223.0,195.0,1823.0,4292.0,4292.0,0.0,1308.0,1308.0,0.0,1488.0,1488.0,0.0,1101.0,1101.0,0.0,501.0,501.0,0.0,378.0,378.0,0.0,726.0,726.0,0.0,1283.0,1283.0,0.0,1608.0,1608.0,0.0
2021-04-21,Wednesday,12542.0,11938.0,12542.0,10015.0,11129.0,12542.0,8089.0,36.5,1561.0,221.0,195.0,1825.0,4343.0,4343.0,0.0,1280.0,1280.0,0.0,851.0,851.0,0.0,1049.0,1049.0,0.0,515.0,515.0,0.0,356.0,356.0,0.0,815.0,815.0,0.0,1176.0,1176.0,0.0,1553.0,1553.0,0.0
2021-04-22,Thursday,12409.0,11790.0,12409.0,8089.0,9864.0,12409.0,8277.0,33.0,1404.0,218.0,175.0,1794.0,4049.0,4049.0,0.0,1297.0,1297.0,0.0,1162.0,1162.0,0.0,994.0,994.0,0.0,512.0,512.0,0.0,358.0,358.0,0.0,685.0,685.0,0.0,1194.0,1194.0,0.0,1539.0,1539.0,0.0
2021-04-23,Friday,11853.0,11326.0,11853.0,8277.0,9072.0,11853.0,7962.0,34.9,1364.0,221.0,195.0,1795.0,3584.0,3584.0,0.0,1289.0,1289.0,0.0,1215.0,1215.0,0.0,1018.0,1018.0,0.0,469.0,469.0,0.0,356.0,356.0,0.0,755.0,755.0,0.0,1174.0,1174.0,0.0,1466.0,1466.0,0.0
2021-04-24,Saturday,13007.0,12410.0,13007.0,7962.0,10005.0,13007.0,9129.0,38.0,1349.0,226.0,195.0,1734.0,4142.0,4142.0,0.0,1284.0,1284.0,0.0,1388.0,1388.0,0.0,1117.0,1117.0,0.0,509.0,509.0,0.0,377.0,377.0,0.0,790.0,790.0,0.0,1197.0,1197.0,0.0,1606.0,1606.0,0.0
2021-04-25,Sunday,13520.0,12734.0,13520.0,9129.0,11145.0,13520.0,9950.0,39.5,1272.0,221.0,195.0,1942.0,4299.0,4299.0,0.0,1349.0,1349.0,0.0,1461.0,1461.0,0.0,1073.0,1073.0,0.0,535.0,535.0,0.0,376.0,376.0,0.0,765.0,765.0,0.0,1290.0,1290.0,0.0,1586.0,1586.0,0.0
2021-04-26,Monday,13777.0,13065.0,13777.0,9950.0,11508.0,13777.0,10354.0,39.4,1494.0,219.0,195.0,1500.0,4451.0,4451.0,0.0,1380.0,1380.0,0.0,1453.0,1453.0,0.0,1103.0,1103.0,0.0,535.0,535.0,0.0,406.0,406.0,0.0,798.0,798.0,0.0,1318.0,1318.0,0.0,1621.0,1621.0,0.0
2021-04-27,Tuesday,14097.0,13371.0,13792.0,10354.0,11614.0,13792.0,10603.0,38.0,1517.0,220.0,195.0,1502.0,4588.0,4543.0,45.0,1348.0,1348.0,0.0,1484.0,1447.0,37.0,1133.0,1089.0,44.0,545.0,545.0,0.0,392.0,392.0,0.0,845.0,791.0,54.0,1328.0,1288.0,40.0,1708.0,1653.0,55.0
2021-04-28,Wednesday,12949.0,12298.0,13260.0,10603.0,11773.0,12949.0,9243.0,37.1,1950.0,294.0,195.0,1539.0,4566.0,4566.0,0.0,1382.0,1382.0,0.0,1229.0,1229.0,0.0,1012.0,1012.0,0.0,522.0,522.0,0.0,395.0,395.0,0.0,231.0,231.0,0.0,1272.0,1272.0,0.0,1689.0,1689.0,0.0
2021-04-29,Thursday,13788.0,12967.0,13788.0,9243.0,11323.0,13788.0,9403.0,36.7,1976.0,221.0,195.0,1469.0,4605.0,4605.0,0.0,1370.0,1370.0,0.0,1224.0,1224.0,0.0,1072.0,1072.0,0.0,558.0,558.0,0.0,422.0,422.0,0.0,772.0,772.0,0.0,1324.0,1324.0,0.0,1620.0,1620.0,0.0
2021-04-30,Friday,13289.0,12555.0,13289.0,9396.0,10454.0,13289.0,8081.0,37.2,1809.0,221.0,195.0,1464.0,4154.0,4154.0,0.0,1337.0,1337.0,0.0,1373.0,1373.0,0.0,1073.0,1073.0,0.0,504.0,504.0,0.0,404.0,404.0,0.0,789.0,789.0,0.0,1299.0,1299.0,0.0,1622.0,1622.0,0.0
2021-05-01,Tuesday,8993.0,8619.0,8993.0,5551.0,7342.0,8993.0,5622.0,29.2,3768.0,170.0,185.0,1409.0,3040.0,3040.0,0.0,1031.0,1031.0,0.0,894.0,894.0,0.0,718.0,718.0,0.0,322.0,322.0,0.0,245.0,245.0,0.0,574.0,574.0,0.0,728.0,728.0,0.0,1067.0,1067.0,0.0
2021-05-02,Friday,8291.0,7836.0,8291.0,5859.0,6894.0,8291.0,5490.0,29.5,2806.0,170.0,160.0,2019.0,2454.0,2454.0,0.0,787.0,787.0,0.0,898.0,898.0,0.0,788.0,788.0,0.0,300.0,300.0,0.0,233.0,233.0,0.0,635.0,635.0,0.0,718.0,718.0,0.0,1023.0,1023.0,0.0
2021-05-03,Friday,9947.0,9348.0,9947.0,7363.0,7951.0,9947.0,7300.0,32.5,2423.0,85.0,160.0,1311.0,3185.0,3185.0,0.0,1005.0,1005.0,0.0,991.0,991.0,0.0,826.0,826.0,0.0,350.0,350.0,0.0,262.0,262.0,0.0,614.0,614.0,0.0,896.0,896.0,0.0,1219.0,1219.0,0.0
2021-05-04,Monday,11347.0,10853.0,11347.0,6383.0,8996.0,11347.0,8101.0,33.7,1106.0,294.0,160.0,1443.0,3765.0,3765.0,0.0,1211.0,1211.0,0.0,1199.0,1199.0,0.0,870.0,870.0,0.0,404.0,404.0,0.0,285.0,285.0,0.0,743.0,743.0,0.0,1049.0,1049.0,0.0,1327.0,1327.0,0.0
2021-05-05,Wednesday,11620.0,11121.0,11620.0,7825.0,9733.0,11620.0,8254.0,34.5,1832.0,221.0,207.0,1508.0,4161.0,4161.0,0.0,1312.0,1312.0,0.0,904.0,904.0,0.0,958.0,958.0,0.0,486.0,486.0,0.0,367.0,367.0,0.0,647.0,647.0,0.0,1174.0,1174.0,0.0,1112.0,1112.0,0.0
2021-05-06,Saturday,11262.0,11035.0,11821.0,8346.0,9887.0,11262.0,8658.0,34.0,1609.0,294.0,210.0,1518.0,3988.0,3988.0,0.0,1207.0,1207.0,0.0,1185.0,1185.0,0.0,922.0,922.0,0.0,424.0,424.0,0.0,336.0,336.0,0.0,654.0,654.0,0.0,1014.0,1014.0,0.0,1305.0,1305.0,0.0
2021-05-07,Monday,12477.0,11862.0,12477.0,8654.0,10231.0,12477.0,9364.0,33.7,990.0,294.0,175.0,1296.0,4087.0,4087.0,0.0,1225.0,1225.0,0.0,1317.0,1317.0,0.0,1008.0,1008.0,0.0,486.0,486.0,0.0,342.0,342.0,0.0,784.0,784.0,0.0,1140.0,1140.0,0.0,1473.0,1473.0,0.0
2021-05-08,Thursday,12438.0,11803.0,12438.0,9461.0,10725.0,12438.0,9018.0,35.6,1336.0,292.0,112.0,1593.0,4027.0,4027.0,0.0,1076.0,1076.0,0.0,1332.0,1332.0,0.0,988.0,988.0,0.0,436.0,436.0,0.0,379.0,379.0,0.0,813.0,813.0,0.0,1185.0,1185.0,0.0,1567.0,1567.0,0.0
2021-05-09,Sunday,13148.0,12423.0,13148.0,10120.0,11723.0,13148.0,9847.0,35.4,2158.0,205.0,125.0,2562.0,4572.0,4572.0,0.0,1222.0,1222.0,0.0,1244.0,1244.0,0.0,973.0,973.0,0.0,572.0,572.0,0.0,408.0,408.0,0.0,800.0,800.0,0.0,1193.0,1193.0,0.0,1439.0,1439.0,0.0
2021-05-10,Tuesday,12406.0,11943.0,12406.0,9235.0,10505.0,12406.0,9024.0,32.6,2348.0,5.0,0.0,2554.0,4309.0,4309.0,0.0,1286.0,1286.0,0.0,1257.0,1257.0,0.0,955.0,955.0,0.0,459.0,459.0,0.0,348.0,348.0,0.0,714.0,714.0,0.0,1125.0,1125.0,0.0,1490.0,1490.0,0.0
2021-05-11,Friday,8681.0,8374.0,8681.0,6407.0,7413.0,8681.0,6094.0,31.2,2231.0,4.0,0.0,2564.0,3010.0,3010.0,0.0,1022.0,1022.0,0.0,818.0,818.0,0.0,681.0,681.0,0.0,349.0,349.0,0.0,233.0,233.0,0.0,541.0,541.0,0.0,742.0,742.0,0.0,978.0,978.0,0.0
2021-05-12,Saturday,9231.0,8791.0,9231.0,6053.0,7990.0,9231.0,5334.0,24.2,1496.0,0.0,0.0,4444.0,3309.0,3309.0,0.0,999.0,999.0,0.0,877.0,877.0,0.0,687.0,687.0,0.0,333.0,333.0,0.0,249.0,249.0,0.0,606.0,606.0,0.0,750.0,750.0,0.0,981.0,981.0,0.0
2021-05-13,Thursday,9099.0,8659.0,9385.0,6502.0,7235.0,9099.0,6732.0,34.5,1328.0,295.0,208.0,1439.0,2526.0,2526.0,0.0,914.0,914.0,0.0,937.0,937.0,0.0,673.0,673.0,0.0,351.0,351.0,0.0,325.0,325.0,0.0,536.0,536.0,0.0,1075.0,1075.0,0.0,1322.0,1322.0,0.0
2021-05-14,Friday,9780.0,9368.0,9961.0,6470.0,6995.0,9780.0,6568.0,34.6,1271.0,294.0,208.0,1499.0,2625.0,2625.0,0.0,799.0,799.0,0.0,1066.0,1066.0,0.0,915.0,915.0,0.0,395.0,395.0,0.0,303.0,303.0,0.0,649.0,649.0,0.0,1240.0,1240.0,0.0,1376.0,1376.0,0.0
2021-05-15,Saturday,8766.0,8375.0,9208.0,6568.0,7607.0,8766.0,7153.0,36.2,1355.0,294.0,207.0,1524.0,2402.0,2402.0,0.0,894.0,894.0,0.0,959.0,959.0,0.0,762.0,762.0,0.0,366.0,366.0,0.0,344.0,344.0,0.0,652.0,652.0,0.0,781.0,781.0,0.0,1215.0,1215.0,0.0
2021-05-16,Sunday,10787.0,10306.0,10845.0,7153.0,8466.0,10787.0,8256.0,36.4,1184.0,294.0,209.0,1966.0,3050.0,3050.0,0.0,1169.0,1169.0,0.0,1092.0,1092.0,0.0,913.0,913.0,0.0,390.0,390.0,0.0,361.0,361.0,0.0,749.0,749.0,0.0,1178.0,1178.0,0.0,1404.0,1404.0,0.0
2021-05-17,Monday,11192.0,10721.0,11491.0,8256.0,9442.0,11192.0,8788.0,36.7,1206.0,294.0,209.0,2075.0,3310.0,3310.0,0.0,1256.0,1256.0,0.0,1145.0,1145.0,0.0,753.0,753.0,0.0,427.0,427.0,0.0,401.0,401.0,0.0,752.0,752.0,0.0,1279.0,1279.0,0.0,1398.0,1398.0,0.0
2021-05-18,Tuesday,10978.0,10535.0,11234.0,8788.0,10113.0,10978.0,8781.0,35.7,1591.0,294.0,210.0,2105.0,3073.0,3073.0,0.0,1313.0,1313.0,0.0,1286.0,1286.0,0.0,892.0,892.0,0.0,398.0,398.0,0.0,371.0,371.0,0.0,787.0,787.0,0.0,1217.0,1217.0,0.0,1198.0,1198.0,0.0
2021-05-19,Wednesday,12768.0,12059.0,12865.0,8781.0,10283.0,12768.0,9867.0,35.8,1156.0,294.0,200.0,2158.0,3819.0,3819.0,0.0,1310.0,1310.0,0.0,1369.0,1369.0,0.0,979.0,979.0,0.0,503.0,503.0,0.0,392.0,392.0,0.0,821.0,821.0,0.0,1273.0,1273.0,0.0,1593.0,1593.0,0.0
2021-05-20,Thursday,11980.0,11434.0,12395.0,9867.0,10760.0,11980.0,8870.0,35.9,1081.0,294.0,205.0,1817.0,3820.0,3820.0,0.0,1307.0,1307.0,0.0,1146.0,1146.0,0.0,773.0,773.0,0.0,362.0,362.0,0.0,400.0,400.0,0.0,701.0,701.0,0.0,1299.0,1299.0,0.0,1626.0,1626.0,0.0
2021-05-21,Friday,12519.0,11954.0,12561.0,8870.0,9546.0,12519.0,9349.0,37.0,1256.0,294.0,205.0,1840.0,3778.0,3778.0,0.0,1323.0,1323.0,0.0,1226.0,1226.0,0.0,1026.0,1026.0,0.0,497.0,497.0,0.0,408.0,408.0,0.0,794.0,794.0,0.0,1297.0,1297.0,0.0,1605.0,1605.0,0.0
2021-05-22,Saturday,13417.0,12710.0,13417.0,9349.0,10561.0,13417.0,10560.0,37.3,953.0,294.0,205.0,1756.0,4259.0,4259.0,0.0,1308.0,1308.0,0.0,1346.0,1346.0,0.0,1046.0,1046.0,0.0,566.0,566.0,0.0,427.0,427.0,0.0,777.0,777.0,0.0,1325.0,1325.0,0.0,1656.0,1656.0,0.0
2021-05-23,Sunday,13357.0,12679.0,13357.0,10560.0,12021.0,13357.0,10785.0,37.8,1414.0,294.0,205.0,1727.0,4570.0,4570.0,0.0,1111.0,1111.0,0.0,1403.0,1403.0,0.0,936.0,936.0,0.0,565.0,565.0,0.0,397.0,397.0,0.0,746.0,746.0,0.0,1262.0,1262.0,0.0,1689.0,1689.0,0.0
2021-05-24,Monday,12353.0,11730.0,13012.0,10785.0,11835.0,12353.0,7904.0,38.1,1263.0,294.0,205.0,1722.0,4695.0,4695.0,0.0,949.0,949.0,0.0,1152.0,1152.0,0.0,1047.0,1047.0,0.0,310.0,310.0,0.0,404.0,404.0,0.0,679.0,679.0,0.0,964.0,964.0,0.0,1530.0,1530.0,0.0
2021-05-25,Tuesday,11907.0,11312.0,11907.0,7904.0,10365.0,11907.0,8403.0,34.6,1317.0,294.0,205.0,1522.0,4275.0,4275.0,0.0,1305.0,1305.0,0.0,1116.0,1116.0,0.0,595.0,595.0,0.0,446.0,446.0,0.0,202.0,202.0,0.0,805.0,805.0,0.0,1161.0,1161.0,0.0,1407.0,1407.0,0.0
2021-05-26,Wednesday,11529.0,11008.0,11529.0,8403.0,8780.0,11529.0,8441.0,30.0,1601.0,294.0,205.0,1616.0,3827.0,3827.0,0.0,1199.0,1199.0,0.0,1131.0,1131.0,0.0,957.0,957.0,0.0,508.0,508.0,0.0,267.0,267.0,0.0,783.0,783.0,0.0,1042.0,1042.0,0.0,1294.0,1294.0,0.0
2021-05-27,Thursday,11749.0,11344.0,11953.0,8441.0,9506.0,11749.0,8812.0,32.1,1441.0,294.0,205.0,1625.0,4013.0,4013.0,0.0,1249.0,1249.0,0.0,1075.0,1075.0,0.0,866.0,866.0,0.0,550.0,550.0,0.0,350.0,350.0,0.0,566.0,566.0,0.0,1155.0,1155.0,0.0,1520.0,1520.0,0.0
2021-05-28,Friday,11780.0,11198.0,12044.0,8754.0,9064.0,11780.0,9215.0,33.7,1435.0,294.0,205.0,1839.0,3748.0,3748.0,0.0,1304.0,1304.0,0.0,1015.0,1015.0,0.0,919.0,919.0,0.0,514.0,514.0,0.0,344.0,344.0,0.0,645.0,645.0,0.0,1197.0,1197.0,0.0,1512.0,1512.0,0.0
2021-05-29,Saturday,13171.0,12600.0,13272.0,9215.0,10341.0,13171.0,10128.0,35.5,1457.0,295.0,210.0,1844.0,4453.0,4453.0,0.0,1331.0,1331.0,0.0,1224.0,1224.0,0.0,974.0,974.0,0.0,578.0,578.0,0.0,402.0,402.0,0.0,808.0,808.0,0.0,1244.0,1244.0,0.0,1586.0,1586.0,0.0
2021-05-30,Sunday,12994.0,12319.0,13016.0,10128.0,11332.0,12994.0,9893.0,35.4,1759.0,294.0,210.0,1754.0,4121.0,4121.0,0.0,1342.0,1342.0,0.0,1251.0,1251.0,0.0,1005.0,1005.0,0.0,552.0,552.0,0.0,412.0,412.0,0.0,809.0,809.0,0.0,1263.0,1263.0,0.0,1564.0,1564.0,0.0
2021-05-31,Monday,11840.0,11348.0,12706.0,9868.0,10075.0,11840.0,8088.0,35.4,1892.0,294.0,210.0,1751.0,4079.0,4079.0,0.0,1268.0,1268.0,0.0,1169.0,1169.0,0.0,915.0,915.0,0.0,416.0,416.0,0.0,338.0,338.0,0.0,713.0,713.0,0.0,1035.0,1035.0,0.0,1415.0,1415.0,0.0
2021-06-01,Wednesday,9073.0,8635.0,9073.0,5622.0,7533.0,9073.0,5765.0,30.0,3709.0,170.0,195.0,1599.0,3041.0,3041.0,0.0,991.0,991.0,0.0,912.0,912.0,0.0,739.0,739.0,0.0,316.0,316.0,0.0,223.0,223.0,0.0,577.0,577.0,0.0,745.0,745.0,0.0,1091.0,1091.0,0.0
2021-06-02,Saturday,9277.0,8885.0,9277.0,5490.0,7523.0,9277.0,5790.0,28.7,2793.0,170.0,160.0,2019.0,3050.0,3050.0,0.0,938.0,938.0,0.0,970.0,970.0,0.0,820.0,820.0,0.0,335.0,335.0,0.0,242.0,242.0,0.0,654.0,654.0,0.0,766.0,766.0,0.0,1110.0,1110.0,0.0
2021-06-03,Saturday,10781.0,10345.0,10781.0,7300.0,8314.0,10781.0,7628.0,33.0,2036.0,85.0,160.0,1455.0,3879.0,3879.0,0.0,1043.0,1043.0,0.0,1100.0,1100.0,0.0,808.0,808.0,0.0,259.0,259.0,0.0,296.0,296.0,0.0,653.0,653.0,0.0,993.0,993.0,0.0,1314.0,1314.0,0.0
2021-06-04,Tuesday,11958.0,11398.0,11958.0,8101.0,9994.0,11958.0,8789.0,34.5,1743.0,294.0,160.0,1665.0,3967.0,3967.0,0.0,1154.0,1154.0,0.0,1289.0,1289.0,0.0,978.0,978.0,0.0,433.0,433.0,0.0,314.0,314.0,0.0,775.0,775.0,0.0,1050.0,1050.0,0.0,1438.0,1438.0,0.0
2021-06-05,Thursday,12527.0,12067.0,12527.0,8254.0,9841.0,12527.0,8176.0,33.6,1857.0,224.0,207.0,1452.0,4209.0,4209.0,0.0,1316.0,1316.0,0.0,1291.0,1291.0,0.0,1034.0,1034.0,0.0,498.0,498.0,0.0,368.0,368.0,0.0,701.0,701.0,0.0,1172.0,1172.0,0.0,1478.0,1478.0,0.0
2021-06-06,Sunday,10227.0,9892.0,10906.0,8658.0,10141.0,10227.0,8378.0,34.4,1603.0,294.0,210.0,1502.0,3728.0,3728.0,0.0,1026.0,1026.0,0.0,1104.0,1104.0,0.0,826.0,826.0,0.0,446.0,446.0,0.0,181.0,181.0,0.0,692.0,692.0,0.0,962.0,962.0,0.0,927.0,927.0,0.0
2021-06-07,Tuesday,12433.0,11798.0,12433.0,9364.0,10488.0,12433.0,9247.0,34.5,1201.0,294.0,176.0,1645.0,4037.0,4037.0,0.0,1195.0,1195.0,0.0,1185.0,1185.0,0.0,1009.0,1009.0,0.0,460.0,460.0,0.0,365.0,365.0,0.0,786.0,786.0,0.0,1189.0,1189.0,0.0,1572.0,1572.0,0.0
2021-06-08,Friday,12179.0,11416.0,12179.0,8983.0,9711.0,12179.0,8816.0,34.4,1328.0,289.0,112.0,1238.0,3559.0,3559.0,0.0,1092.0,1092.0,0.0,1302.0,1302.0,0.0,1062.0,1062.0,0.0,460.0,460.0,0.0,377.0,377.0,0.0,835.0,835.0,0.0,1155.0,1155.0,0.0,1574.0,1574.0,0.0
2021-06-09,Monday,13082.0,12409.0,13082.0,9847.0,11421.0,13082.0,9634.0,34.8,2512.0,209.0,85.0,2152.0,4547.0,4547.0,0.0,1236.0,1236.0,0.0,1337.0,1337.0,0.0,962.0,962.0,0.0,475.0,475.0,0.0,345.0,345.0,0.0,770.0,770.0,0.0,1203.0,1203.0,0.0,1534.0,1534.0,0.0
2021-06-10,Wednesday,12829.0,12329.0,12829.0,9024.0,10784.0,12829.0,9243.0,32.5,2382.0,5.0,0.0,2470.0,4358.0,4358.0,0.0,1334.0,1334.0,0.0,1323.0,1323.0,0.0,996.0,996.0,0.0,492.0,492.0,0.0,342.0,342.0,0.0,740.0,740.0,0.0,1203.0,1203.0,0.0,1541.0,1541.0,0.0
2021-06-11,Saturday,9659.0,9224.0,9659.0,6094.0,7845.0,9659.0,6465.0,30.1,2314.0,3.0,0.0,2516.0,3560.0,3560.0,0.0,1076.0,1076.0,0.0,869.0,869.0,0.0,716.0,716.0,0.0,359.0,359.0,0.0,252.0,252.0,0.0,557.0,557.0,0.0,777.0,777.0,0.0,1058.0,1058.0,0.0
2021-06-11,Saturday,9659.0,9224.0,9659.0,6094.0,7845.0,9659.0,6465.0,30.1,2314.0,3.0,0.0,2516.0,3560.0,3560.0,0.0,1076.0,1076.0,0.0,869.0,869.0,0.0,716.0,716.0,0.0,359.0,359.0,0.0,252.0,252.0,0.0,557.0,557.0,0.0,777.0,777.0,0.0,1058.0,1058.0,0.0
2021-06-12,Monday,8671.0,8178.0,8671.0,5334.0,7593.0,8671.0,5648.0,21.4,1643.0,0.0,0.0,4435.0,2971.0,2971.0,0.0,986.0,986.0,0.0,861.0,861.0,0.0,661.0,661.0,0.0,310.0,310.0,0.0,245.0,245.0,0.0,577.0,577.0,0.0,636.0,636.0,0.0,931.0,931.0,0.0
2021-06-13,Sunday,12792.0,12244.0,12792.0,9302.0,10836.0,12792.0,9441.0,27.5,1609.0,295.0,205.0,1865.0,4427.0,4427.0,0.0,1240.0,1240.0,0.0,1293.0,1293.0,0.0,896.0,896.0,0.0,513.0,513.0,0.0,356.0,356.0,0.0,786.0,786.0,0.0,1193.0,1193.0,0.0,1540.0,1540.0,0.0
2021-06-14,Monday,12749.0,12191.0,12776.0,9441.0,10959.0,12749.0,9623.0,33.6,1630.0,294.0,205.0,1866.0,4358.0,4358.0,0.0,1279.0,1279.0,0.0,1266.0,1266.0,0.0,989.0,989.0,0.0,483.0,483.0,0.0,357.0,357.0,0.0,787.0,787.0,0.0,1168.0,1168.0,0.0,1504.0,1504.0,0.0
2021-06-15,Tuesday,12352.0,11797.0,12406.0,9623.0,10948.0,12352.0,8918.0,33.2,1639.0,294.0,205.0,1865.0,4299.0,4299.0,0.0,1264.0,1264.0,0.0,1279.0,1279.0,0.0,967.0,967.0,0.0,525.0,525.0,0.0,332.0,332.0,0.0,704.0,704.0,0.0,994.0,994.0,0.0,1433.0,1433.0,0.0
2021-06-16,Wednesday,11896.0,11285.0,11896.0,8918.0,9945.0,11896.0,8550.0,29.4,1285.0,294.0,205.0,1863.0,4105.0,4105.0,0.0,1141.0,1141.0,0.0,1180.0,1180.0,0.0,943.0,943.0,0.0,493.0,493.0,0.0,310.0,310.0,0.0,797.0,797.0,0.0,1030.0,1030.0,0.0,1286.0,1286.0,0.0
2021-06-17,Thursday,11600.0,11090.0,11600.0,8550.0,9766.0,11600.0,7634.0,30.6,1303.0,294.0,205.0,1611.0,4093.0,4093.0,0.0,1221.0,1221.0,0.0,1049.0,1049.0,0.0,967.0,967.0,0.0,496.0,496.0,0.0,293.0,293.0,0.0,763.0,763.0,0.0,972.0,972.0,0.0,1236.0,1236.0,0.0
2021-06-18,Friday,10628.0,10139.0,10703.0,7369.0,8115.0,10628.0,7676.0,31.0,1185.0,294.0,205.0,1705.0,3478.0,3478.0,0.0,1124.0,1124.0,0.0,1075.0,1075.0,0.0,880.0,880.0,0.0,438.0,438.0,0.0,292.0,292.0,0.0,698.0,698.0,0.0,946.0,946.0,0.0,1208.0,1208.0,0.0
2021-06-19,Saturday,10821.0,10232.0,10821.0,7676.0,8530.0,10821.0,7929.0,27.0,1269.0,294.0,205.0,1558.0,3723.0,3723.0,0.0,1003.0,1003.0,0.0,1064.0,1064.0,0.0,857.0,857.0,0.0,433.0,433.0,0.0,295.0,295.0,0.0,725.0,725.0,0.0,957.0,957.0,0.0,1175.0,1175.0,0.0
2021-06-20,Sunday,11276.0,10901.0,11276.0,7929.0,9409.0,11276.0,8241.0,27.9,1370.0,294.0,205.0,1570.0,4053.0,4053.0,0.0,1203.0,1203.0,0.0,1063.0,1063.0,0.0,894.0,894.0,0.0,427.0,427.0,0.0,280.0,280.0,0.0,751.0,751.0,0.0,1010.0,1010.0,0.0,1220.0,1220.0,0.0
2021-06-21,Monday,12356.0,11566.0,12356.0,8241.0,10314.0,12356.0,8623.0,31.6,1385.0,294.0,179.0,1453.0,4166.0,4166.0,0.0,1163.0,1163.0,0.0,1256.0,1256.0,0.0,983.0,983.0,0.0,510.0,510.0,0.0,298.0,298.0,0.0,784.0,784.0,0.0,1053.0,1053.0,0.0,1353.0,1353.0,0.0
2021-06-22,Tuesday,12106.0,11623.0,12145.0,8623.0,9884.0,12106.0,8988.0,29.9,1359.0,294.0,181.0,1046.0,4084.0,4084.0,0.0,1244.0,1244.0,0.0,1308.0,1308.0,0.0,896.0,896.0,0.0,462.0,462.0,0.0,329.0,329.0,0.0,788.0,788.0,0.0,1113.0,1113.0,0.0,1399.0,1399.0,0.0
2021-06-23,Wednesday,12611.0,11981.0,12611.0,8988.0,10676.0,12611.0,9434.0,33.7,1281.0,294.0,206.0,1045.0,4267.0,4267.0,0.0,1294.0,1294.0,0.0,1292.0,1292.0,0.0,975.0,975.0,0.0,481.0,481.0,0.0,353.0,353.0,0.0,791.0,791.0,0.0,1144.0,1144.0,0.0,1384.0,1384.0,0.0
2021-06-24,Thursday,12604.0,11999.0,12604.0,9434.0,10725.0,12604.0,9074.0,32.7,1317.0,294.0,204.0,1046.0,4272.0,4272.0,0.0,1165.0,1165.0,0.0,1289.0,1289.0,0.0,989.0,989.0,0.0,516.0,516.0,0.0,362.0,362.0,0.0,794.0,794.0,0.0,1164.0,1164.0,0.0,1448.0,1448.0,0.0
2021-06-25,Friday,12025.0,11499.0,12105.0,9062.0,9590.0,12025.0,9213.0,34.1,1067.0,294.0,205.0,1042.0,3866.0,3866.0,0.0,1220.0,1220.0,0.0,1272.0,1272.0,0.0,1001.0,1001.0,0.0,453.0,453.0,0.0,343.0,343.0,0.0,787.0,787.0,0.0,1114.0,1114.0,0.0,1443.0,1443.0,0.0
2021-06-26,Saturday,12938.0,12262.0,12938.0,9213.0,10063.0,12938.0,9637.0,32.9,1021.0,294.0,205.0,1045.0,4360.0,4360.0,0.0,1330.0,1330.0,0.0,1259.0,1259.0,0.0,1050.0,1050.0,0.0,489.0,489.0,0.0,353.0,353.0,0.0,786.0,786.0,0.0,1151.0,1151.0,0.0,1484.0,1484.0,0.0
2021-06-27,Sunday,12792.0,12113.0,12815.0,9637.0,10888.0,12792.0,9856.0,34.0,1289.0,294.0,205.0,1042.0,4330.0,4330.0,0.0,1239.0,1239.0,0.0,1355.0,1355.0,0.0,999.0,999.0,0.0,475.0,475.0,0.0,339.0,339.0,0.0,727.0,727.0,0.0,1174.0,1174.0,0.0,1475.0,1475.0,0.0
2021-06-28,Monday,12335.0,11881.0,12544.0,9856.0,10694.0,12335.0,8946.0,32.1,1191.0,295.0,205.0,1043.0,4411.0,4411.0,0.0,1254.0,1254.0,0.0,1235.0,1235.0,0.0,961.0,961.0,0.0,423.0,423.0,0.0,354.0,354.0,0.0,638.0,638.0,0.0,1114.0,1114.0,0.0,1491.0,1491.0,0.0
2021-06-29,Tuesday,11425.0,10896.0,12147.0,8946.0,9751.0,11425.0,8675.0,31.5,1222.0,294.0,206.0,1049.0,3895.0,3895.0,0.0,1213.0,1213.0,0.0,1166.0,1166.0,0.0,816.0,816.0,0.0,415.0,415.0,0.0,359.0,359.0,0.0,699.0,699.0,0.0,957.0,957.0,0.0,1376.0,1376.0,0.0
2021-06-30,Wednesday,10217.0,9804.0,10567.0,8675.0,9931.0,10217.0,7754.0,32.6,1115.0,295.0,206.0,1047.0,3435.0,3435.0,0.0,1117.0,1117.0,0.0,1105.0,1105.0,0.0,690.0,690.0,0.0,331.0,331.0,0.0,380.0,380.0,0.0,610.0,610.0,0.0,853.0,853.0,0.0,1283.0,1283.0,0.0
2021-07-01,Thursday,9116.0,8753.0,9116.0,5765.0,7752.0,9116.0,5922.0,30.2,3763.0,170.0,195.0,1599.0,3108.0,3108.0,0.0,1039.0,1039.0,0.0,883.0,883.0,0.0,750.0,750.0,0.0,324.0,324.0,0.0,233.0,233.0,0.0,585.0,585.0,0.0,743.0,743.0,0.0,1088.0,1088.0,0.0
2021-07-02,Sunday,9201.0,8718.0,9201.0,5790.0,8127.0,9201.0,5839.0,26.4,2815.0,170.0,160.0,2019.0,3007.0,3007.0,0.0,847.0,847.0,0.0,974.0,974.0,0.0,820.0,820.0,0.0,320.0,320.0,0.0,240.0,240.0,0.0,675.0,675.0,0.0,740.0,740.0,0.0,1095.0,1095.0,0.0
2021-07-03,Sunday,10951.0,10654.0,10951.0,7628.0,9720.0,10951.0,7805.0,33.2,1894.0,170.0,160.0,1204.0,3999.0,3999.0,0.0,1091.0,1091.0,0.0,1103.0,1103.0,0.0,865.0,865.0,0.0,371.0,371.0,0.0,293.0,293.0,0.0,689.0,689.0,0.0,1013.0,1013.0,0.0,1230.0,1230.0,0.0
2021-07-04,Wednesday,12651.0,11973.0,12651.0,8789.0,10450.0,12651.0,9403.0,36.2,2049.0,294.0,160.0,1351.0,4193.0,4193.0,0.0,1173.0,1173.0,0.0,1357.0,1357.0,0.0,997.0,997.0,0.0,469.0,469.0,0.0,333.0,333.0,0.0,763.0,763.0,0.0,1171.0,1171.0,0.0,1517.0,1517.0,0.0
2021-07-05,Friday,11125.0,10752.0,11204.0,8176.0,9641.0,11125.0,8185.0,36.3,1383.0,221.0,207.0,1454.0,4020.0,4020.0,0.0,1307.0,1307.0,0.0,1016.0,1016.0,0.0,475.0,475.0,0.0,508.0,508.0,0.0,342.0,342.0,0.0,455.0,455.0,0.0,1140.0,1140.0,0.0,1489.0,1489.0,0.0
2021-07-06,Monday,10869.0,10619.0,11066.0,8378.0,10513.0,10869.0,8374.0,34.5,1587.0,295.0,210.0,1505.0,4008.0,4008.0,0.0,1196.0,1196.0,0.0,1084.0,1084.0,0.0,764.0,764.0,0.0,458.0,458.0,0.0,204.0,204.0,0.0,737.0,737.0,0.0,1076.0,1076.0,0.0,1092.0,1092.0,0.0
2021-07-07,Wednesday,11698.0,11209.0,11741.0,9247.0,10165.0,11698.0,8693.0,31.1,1170.0,294.0,175.0,1645.0,3934.0,3934.0,0.0,1100.0,1100.0,0.0,1235.0,1235.0,0.0,956.0,956.0,0.0,443.0,443.0,0.0,319.0,319.0,0.0,804.0,804.0,0.0,1098.0,1098.0,0.0,1320.0,1320.0,0.0
2021-07-08,Saturday,12159.0,11558.0,12159.0,8816.0,10128.0,12159.0,9118.0,32.8,1278.0,290.0,113.0,1228.0,3960.0,3960.0,0.0,1055.0,1055.0,0.0,1248.0,1248.0,0.0,1022.0,1022.0,0.0,490.0,490.0,0.0,345.0,345.0,0.0,819.0,819.0,0.0,1121.0,1121.0,0.0,1498.0,1498.0,0.0
2021-07-09,Tuesday,13060.0,12400.0,13060.0,9634.0,11003.0,13060.0,9638.0,32.0,2627.0,204.0,0.0,2142.0,4463.0,4463.0,0.0,1279.0,1279.0,0.0,1255.0,1255.0,0.0,1030.0,1030.0,0.0,564.0,564.0,0.0,354.0,354.0,0.0,790.0,790.0,0.0,1190.0,1190.0,0.0,1475.0,1475.0,0.0
2021-07-10,Thursday,12972.0,12396.0,12972.0,9243.0,11291.0,12972.0,8955.0,34.6,2397.0,9.0,0.0,2515.0,4567.0,4567.0,0.0,1255.0,1255.0,0.0,1294.0,1294.0,0.0,997.0,997.0,0.0,510.0,510.0,0.0,323.0,323.0,0.0,668.0,668.0,0.0,1217.0,1217.0,0.0,1565.0,1565.0,0.0
2021-07-11,Sunday,9785.0,9373.0,9785.0,6465.0,8399.0,9785.0,6364.0,30.5,2507.0,4.0,0.0,2484.0,3633.0,3633.0,0.0,1096.0,1096.0,0.0,911.0,911.0,0.0,717.0,717.0,0.0,359.0,359.0,0.0,249.0,249.0,0.0,575.0,575.0,0.0,772.0,772.0,0.0,1061.0,1061.0,0.0
2021-07-12,Tuesday,9321.0,8929.0,9321.0,5648.0,8001.0,9321.0,5912.0,23.3,1646.0,0.0,0.0,4359.0,3321.0,3321.0,0.0,1047.0,1047.0,0.0,897.0,897.0,0.0,708.0,708.0,0.0,329.0,329.0,0.0,243.0,243.0,0.0,592.0,592.0,0.0,746.0,746.0,0.0,1046.0,1046.0,0.0
2021-07-13,Tuesday,12838.0,12242.0,12884.0,9837.0,10878.0,12838.0,9708.0,34.0,1601.0,294.0,153.0,1300.0,4298.0,4298.0,0.0,1193.0,1193.0,0.0,1391.0,1391.0,0.0,1032.0,1032.0,0.0,481.0,481.0,0.0,363.0,363.0,0.0,774.0,774.0,0.0,1173.0,1173.0,0.0,1537.0,1537.0,0.0
2021-07-14,Wednesday,13077.0,12483.0,13165.0,9708.0,10846.0,13077.0,10230.0,33.8,1607.0,294.0,142.0,1300.0,4359.0,4359.0,0.0,1307.0,1307.0,0.0,1402.0,1402.0,0.0,1009.0,1009.0,0.0,470.0,470.0,0.0,366.0,366.0,0.0,782.0,782.0,0.0,1216.0,1216.0,0.0,1572.0,1572.0,0.0
2021-07-15,Thursday,13525.0,12759.0,13525.0,10230.0,11549.0,13525.0,9916.0,35.7,1621.0,294.0,142.0,1190.0,4465.0,4465.0,0.0,1319.0,1319.0,0.0,1386.0,1386.0,0.0,1042.0,1042.0,0.0,535.0,535.0,0.0,398.0,398.0,0.0,783.0,783.0,0.0,1232.0,1232.0,0.0,1599.0,1599.0,0.0
2021-07-16,Friday,12830.0,12169.0,12864.0,9765.0,10643.0,12830.0,9712.0,34.7,1433.0,295.0,143.0,1037.0,4008.0,4008.0,0.0,1255.0,1255.0,0.0,1417.0,1417.0,0.0,1086.0,1086.0,0.0,491.0,491.0,0.0,384.0,384.0,0.0,776.0,776.0,0.0,1157.0,1157.0,0.0,1595.0,1595.0,0.0
2021-07-17,Saturday,13056.0,12501.0,13056.0,9712.0,10670.0,13056.0,9707.0,33.4,1901.0,223.0,111.0,880.0,4313.0,4313.0,0.0,1307.0,1307.0,0.0,1341.0,1341.0,0.0,1022.0,1022.0,0.0,500.0,500.0,0.0,397.0,397.0,0.0,786.0,786.0,0.0,1209.0,1209.0,0.0,1626.0,1626.0,0.0
2021-07-18,Sunday,12953.0,12339.0,12953.0,9707.0,11210.0,12953.0,9616.0,34.8,1697.0,219.0,107.0,1241.0,4126.0,4126.0,0.0,1308.0,1308.0,0.0,1384.0,1384.0,0.0,1024.0,1024.0,0.0,531.0,531.0,0.0,392.0,392.0,0.0,792.0,792.0,0.0,1161.0,1161.0,0.0,1621.0,1621.0,0.0
2021-07-19,Monday,11940.0,11427.0,12268.0,9616.0,10232.0,11940.0,7804.0,31.9,1341.0,218.0,107.0,1494.0,3368.0,3368.0,0.0,1273.0,1273.0,0.0,1281.0,1281.0,0.0,1009.0,1009.0,0.0,519.0,519.0,0.0,403.0,403.0,0.0,822.0,822.0,0.0,1205.0,1205.0,0.0,1547.0,1547.0,0.0
2021-07-20,Tuesday,10960.0,10411.0,11271.0,7624.0,8011.0,10960.0,7441.0,32.6,1368.0,221.0,108.0,2066.0,2949.0,2949.0,0.0,1020.0,1020.0,0.0,1154.0,1154.0,0.0,1002.0,1002.0,0.0,491.0,491.0,0.0,376.0,376.0,0.0,802.0,802.0,0.0,1177.0,1177.0,0.0,1440.0,1440.0,0.0
2021-07-21,Wednesday,11298.0,10819.0,11389.0,7114.0,7208.0,11298.0,8278.0,32.5,1328.0,223.0,108.0,1878.0,3010.0,3010.0,0.0,990.0,990.0,0.0,1276.0,1276.0,0.0,1026.0,1026.0,0.0,503.0,503.0,0.0,400.0,400.0,0.0,824.0,824.0,0.0,1255.0,1255.0,0.0,1535.0,1535.0,0.0
2021-07-22,Thursday,10908.0,10347.0,11208.0,8251.0,8576.0,10908.0,7820.0,34.8,1336.0,225.0,107.0,1895.0,2909.0,2909.0,0.0,1073.0,1073.0,0.0,1320.0,1320.0,0.0,899.0,899.0,0.0,294.0,294.0,0.0,368.0,368.0,0.0,802.0,802.0,0.0,1183.0,1183.0,0.0,1499.0,1499.0,0.0
2021-07-23,Friday,10303.0,9844.0,10902.0,7324.0,7507.0,10303.0,7343.0,31.0,1230.0,221.0,107.0,1961.0,2763.0,2763.0,0.0,864.0,864.0,0.0,1183.0,1183.0,0.0,938.0,938.0,0.0,477.0,477.0,0.0,336.0,336.0,0.0,800.0,800.0,0.0,1094.0,1094.0,0.0,1389.0,1389.0,0.0
2021-07-24,Saturday,10620.0,10012.0,10637.0,7334.0,7609.0,10620.0,7807.0,31.1,1247.0,219.0,106.0,1566.0,2796.0,2796.0,0.0,847.0,847.0,0.0,1223.0,1223.0,0.0,984.0,984.0,0.0,480.0,480.0,0.0,272.0,272.0,0.0,835.0,835.0,0.0,1132.0,1132.0,0.0,1443.0,1443.0,0.0
2021-07-25,Sunday,11285.0,10649.0,11332.0,7807.0,8451.0,11285.0,8322.0,34.0,1180.0,211.0,109.0,1775.0,2926.0,2926.0,0.0,971.0,971.0,0.0,1304.0,1304.0,0.0,1003.0,1003.0,0.0,501.0,501.0,0.0,393.0,393.0,0.0,820.0,820.0,0.0,1196.0,1196.0,0.0,1535.0,1535.0,0.0
2021-07-26,Monday,11354.0,10858.0,11419.0,8322.0,9002.0,11354.0,8171.0,35.2,969.0,289.0,109.0,1775.0,3149.0,3149.0,0.0,921.0,921.0,0.0,1295.0,1295.0,0.0,1035.0,1035.0,0.0,533.0,533.0,0.0,384.0,384.0,0.0,812.0,812.0,0.0,1235.0,1235.0,0.0,1494.0,1494.0,0.0
2021-07-27,Tuesday,10551.0,10053.0,10752.0,8120.0,8473.0,10551.0,7385.0,34.0,886.0,294.0,136.0,1701.0,2883.0,2883.0,0.0,787.0,787.0,0.0,1245.0,1245.0,0.0,1025.0,1025.0,0.0,532.0,532.0,0.0,285.0,285.0,0.0,822.0,822.0,0.0,1093.0,1093.0,0.0,1381.0,1381.0,0.0
2021-07-28,Wednesday,10400.0,9940.0,10487.0,7385.0,8068.0,10400.0,6927.0,31.0,856.0,291.0,111.0,1635.0,2831.0,2831.0,0.0,869.0,869.0,0.0,1273.0,1273.0,0.0,1000.0,1000.0,0.0,489.0,489.0,0.0,252.0,252.0,0.0,794.0,794.0,0.0,1070.0,1070.0,0.0,1362.0,1362.0,0.0
2021-07-29,Thursday,9309.0,8861.0,9680.0,6682.0,6782.0,9309.0,6958.0,28.5,856.0,292.0,111.0,1651.0,2709.0,2709.0,0.0,788.0,788.0,0.0,1019.0,1019.0,0.0,864.0,864.0,0.0,476.0,476.0,0.0,284.0,284.0,0.0,784.0,784.0,0.0,1021.0,1021.0,0.0,916.0,916.0,0.0
2021-07-30,Friday,10204.0,9659.0,10295.0,6793.0,7206.0,10204.0,7252.0,31.2,851.0,294.0,110.0,1635.0,2753.0,2753.0,0.0,788.0,788.0,0.0,1184.0,1184.0,0.0,957.0,957.0,0.0,456.0,456.0,0.0,299.0,299.0,0.0,806.0,806.0,0.0,1059.0,1059.0,0.0,1357.0,1357.0,0.0
2021-07-31,Saturday,10777.0,10156.0,10844.0,7252.0,7841.0,10777.0,8249.0,32.2,861.0,288.0,108.0,2044.0,2938.0,2938.0,0.0,861.0,861.0,0.0,1252.0,1252.0,0.0,1004.0,1004.0,0.0,464.0,464.0,0.0,344.0,344.0,0.0,816.0,816.0,0.0,1047.0,1047.0,0.0,1430.0,1430.0,0.0
2021-08-01,Friday,8158.0,7846.0,8158.0,5922.0,6485.0,8158.0,5529.0,29.4,3547.0,170.0,184.0,1599.0,2560.0,2560.0,0.0,929.0,929.0,0.0,826.0,826.0,0.0,714.0,714.0,0.0,314.0,314.0,0.0,231.0,231.0,0.0,557.0,557.0,0.0,709.0,709.0,0.0,1006.0,1006.0,0.0
2021-08-01,Friday,8158.0,7846.0,8158.0,5922.0,6485.0,8158.0,5529.0,29.4,3547.0,170.0,184.0,1599.0,2560.0,2560.0,0.0,929.0,929.0,0.0,826.0,826.0,0.0,714.0,714.0,0.0,314.0,314.0,0.0,231.0,231.0,0.0,557.0,557.0,0.0,709.0,709.0,0.0,1006.0,1006.0,0.0
2021-08-03,Monday,11416.0,10941.0,11416.0,7805.0,9652.0,11416.0,7915.0,32.2,1985.0,170.0,160.0,1023.0,4092.0,4092.0,0.0,1125.0,1125.0,0.0,1119.0,1119.0,0.0,898.0,898.0,0.0,378.0,378.0,0.0,282.0,282.0,0.0,686.0,686.0,0.0,1050.0,1050.0,0.0,1311.0,1311.0,0.0
2021-08-04,Thursday,12854.0,11986.0,12854.0,9403.0,10322.0,12854.0,7301.0,33.5,1849.0,294.0,130.0,1353.0,4207.0,4207.0,0.0,1244.0,1244.0,0.0,1363.0,1363.0,0.0,991.0,991.0,0.0,462.0,462.0,0.0,312.0,312.0,0.0,723.0,723.0,0.0,1195.0,1195.0,0.0,1489.0,1489.0,0.0
2021-08-05,Saturday,12734.0,12144.0,12734.0,8185.0,9510.0,12734.0,8936.0,35.5,1579.0,224.0,210.0,1456.0,4349.0,4349.0,0.0,1353.0,1353.0,0.0,1164.0,1164.0,0.0,979.0,979.0,0.0,486.0,486.0,0.0,355.0,355.0,0.0,620.0,620.0,0.0,1244.0,1244.0,0.0,1594.0,1594.0,0.0
2021-08-06,Tuesday,12411.0,11765.0,12411.0,8374.0,9916.0,12411.0,9143.0,31.1,1242.0,294.0,210.0,1843.0,4082.0,4082.0,0.0,1248.0,1248.0,0.0,1339.0,1339.0,0.0,987.0,987.0,0.0,480.0,480.0,0.0,316.0,316.0,0.0,732.0,732.0,0.0,1050.0,1050.0,0.0,1531.0,1531.0,0.0
2021-08-07,Thursday,12358.0,11769.0,12358.0,8693.0,10115.0,12358.0,8845.0,32.6,1164.0,294.0,178.0,1645.0,4011.0,4011.0,0.0,1196.0,1196.0,0.0,1281.0,1281.0,0.0,1056.0,1056.0,0.0,519.0,519.0,0.0,342.0,342.0,0.0,804.0,804.0,0.0,1123.0,1123.0,0.0,1437.0,1437.0,0.0
2021-08-08,Sunday,12290.0,11649.0,12290.0,9118.0,10130.0,12290.0,9504.0,32.4,1196.0,293.0,110.0,1228.0,3884.0,3884.0,0.0,1137.0,1137.0,0.0,1271.0,1271.0,0.0,1038.0,1038.0,0.0,493.0,493.0,0.0,333.0,333.0,0.0,812.0,812.0,0.0,1158.0,1158.0,0.0,1523.0,1523.0,0.0
2021-08-09,Wednesday,13130.0,12592.0,13130.0,9638.0,11201.0,13130.0,9736.0,33.1,2618.0,205.0,0.0,2152.0,4494.0,4494.0,0.0,1321.0,1321.0,0.0,1307.0,1307.0,0.0,974.0,974.0,0.0,569.0,569.0,0.0,371.0,371.0,0.0,830.0,830.0,0.0,1219.0,1219.0,0.0,1507.0,1507.0,0.0
2021-08-10,Friday,12349.0,11818.0,12457.0,8924.0,9556.0,12349.0,9555.0,35.2,2159.0,13.0,0.0,2532.0,3962.0,3962.0,0.0,1235.0,1235.0,0.0,1272.0,1272.0,0.0,1022.0,1022.0,0.0,489.0,489.0,0.0,370.0,370.0,0.0,699.0,699.0,0.0,1230.0,1230.0,0.0,1539.0,1539.0,0.0
2021-08-10,Friday,12349.0,11818.0,12457.0,8924.0,9556.0,12349.0,9555.0,35.2,2159.0,13.0,0.0,2532.0,3962.0,3962.0,0.0,1235.0,1235.0,0.0,1272.0,1272.0,0.0,1022.0,1022.0,0.0,489.0,489.0,0.0,370.0,370.0,0.0,699.0,699.0,0.0,1230.0,1230.0,0.0,1539.0,1539.0,0.0
2021-08-12,Wednesday,9460.0,9056.0,9460.0,5912.0,8037.0,9460.0,5983.0,28.0,1595.0,0.0,0.0,4298.0,3357.0,3357.0,0.0,1129.0,1129.0,0.0,912.0,912.0,0.0,701.0,701.0,0.0,342.0,342.0,0.0,247.0,247.0,0.0,586.0,586.0,0.0,756.0,756.0,0.0,1026.0,1026.0,0.0
2021-08-13,Friday,11840.0,11304.0,11998.0,8636.0,9304.0,11840.0,9046.0,32.5,1467.0,294.0,113.0,1396.0,3751.0,3751.0,0.0,1152.0,1152.0,0.0,1176.0,1176.0,0.0,928.0,928.0,0.0,472.0,472.0,0.0,352.0,352.0,0.0,816.0,816.0,0.0,1140.0,1140.0,0.0,1517.0,1517.0,0.0
2021-08-14,Saturday,12706.0,12044.0,12706.0,9046.0,10835.0,12706.0,9182.0,34.0,1535.0,289.0,113.0,1395.0,4206.0,4206.0,0.0,1223.0,1223.0,0.0,1215.0,1215.0,0.0,986.0,986.0,0.0,470.0,470.0,0.0,378.0,378.0,0.0,809.0,809.0,0.0,1182.0,1182.0,0.0,1575.0,1575.0,0.0
2021-08-15,Sunday,12487.0,11759.0,12584.0,9182.0,9887.0,12487.0,9738.0,33.8,1481.0,289.0,111.0,1407.0,3771.0,3771.0,0.0,1189.0,1189.0,0.0,1325.0,1325.0,0.0,990.0,990.0,0.0,506.0,506.0,0.0,370.0,370.0,0.0,795.0,795.0,0.0,1181.0,1181.0,0.0,1632.0,1632.0,0.0
2021-08-16,Monday,12987.0,12325.0,12987.0,9738.0,10707.0,12987.0,9487.0,32.8,1396.0,288.0,109.0,1396.0,4325.0,4325.0,0.0,1333.0,1333.0,0.0,1290.0,1290.0,0.0,991.0,991.0,0.0,506.0,506.0,0.0,375.0,375.0,0.0,800.0,800.0,0.0,1136.0,1136.0,0.0,1569.0,1569.0,0.0
2021-08-17,Tuesday,12675.0,12148.0,12675.0,9487.0,10648.0,12675.0,9172.0,32.4,1608.0,287.0,107.0,1476.0,4275.0,4275.0,0.0,1261.0,1261.0,0.0,1289.0,1289.0,0.0,986.0,986.0,0.0,484.0,484.0,0.0,356.0,356.0,0.0,805.0,805.0,0.0,1155.0,1155.0,0.0,1537.0,1537.0,0.0
2021-08-18,Wednesday,12526.0,11895.0,12526.0,9172.0,10515.0,12526.0,9323.0,32.1,1742.0,292.0,107.0,1475.0,4279.0,4279.0,0.0,1218.0,1218.0,0.0,1273.0,1273.0,0.0,953.0,953.0,0.0,460.0,460.0,0.0,328.0,328.0,0.0,831.0,831.0,0.0,1050.0,1050.0,0.0,1503.0,1503.0,0.0
2021-08-19,Thursday,12531.0,11889.0,12531.0,9323.0,10634.0,12531.0,8456.0,31.4,1584.0,291.0,107.0,1476.0,4213.0,4213.0,0.0,1213.0,1213.0,0.0,1275.0,1275.0,0.0,973.0,973.0,0.0,478.0,478.0,0.0,333.0,333.0,0.0,834.0,834.0,0.0,1106.0,1106.0,0.0,1464.0,1464.0,0.0
2021-08-20,Friday,11651.0,11063.0,11651.0,8414.0,8811.0,11651.0,9084.0,31.6,1324.0,289.0,107.0,1486.0,3727.0,3727.0,0.0,1124.0,1124.0,0.0,1190.0,1190.0,0.0,943.0,943.0,0.0,466.0,466.0,0.0,308.0,308.0,0.0,767.0,767.0,0.0,1088.0,1088.0,0.0,1450.0,1450.0,0.0
2021-08-21,Saturday,12686.0,12112.0,12686.0,9084.0,10166.0,12686.0,9676.0,33.3,1511.0,289.0,106.0,1476.0,4257.0,4257.0,0.0,1237.0,1237.0,0.0,1261.0,1261.0,0.0,963.0,963.0,0.0,496.0,496.0,0.0,367.0,367.0,0.0,802.0,802.0,0.0,1183.0,1183.0,0.0,1546.0,1546.0,0.0
2021-08-22,Sunday,13271.0,12665.0,13271.0,9676.0,11340.0,13271.0,10099.0,34.5,1621.0,289.0,107.0,1475.0,4534.0,4534.0,0.0,1320.0,1320.0,0.0,1357.0,1357.0,0.0,901.0,901.0,0.0,496.0,496.0,0.0,376.0,376.0,0.0,820.0,820.0,0.0,1210.0,1210.0,0.0,1651.0,1651.0,0.0
2021-08-23,Monday,12491.0,11820.0,12491.0,10099.0,11327.0,12491.0,9254.0,33.0,1880.0,291.0,110.0,1586.0,4297.0,4297.0,0.0,1267.0,1267.0,0.0,1234.0,1234.0,0.0,828.0,828.0,0.0,313.0,313.0,0.0,380.0,380.0,0.0,724.0,724.0,0.0,1133.0,1133.0,0.0,1644.0,1644.0,0.0
2021-08-24,Tuesday,12864.0,12265.0,12864.0,9254.0,11120.0,12864.0,9650.0,34.2,1937.0,287.0,106.0,1585.0,4436.0,4436.0,0.0,1358.0,1358.0,0.0,1259.0,1259.0,0.0,926.0,926.0,0.0,401.0,401.0,0.0,381.0,381.0,0.0,772.0,772.0,0.0,1184.0,1184.0,0.0,1548.0,1548.0,0.0
2021-08-25,Wednesday,12919.0,12303.0,12919.0,9650.0,11048.0,12919.0,9513.0,32.6,2008.0,292.0,108.0,1585.0,4510.0,4510.0,0.0,1252.0,1252.0,0.0,1282.0,1282.0,0.0,908.0,908.0,0.0,463.0,463.0,0.0,381.0,381.0,0.0,829.0,829.0,0.0,1127.0,1127.0,0.0,1551.0,1551.0,0.0
2021-08-26,Thursday,12416.0,11915.0,12416.0,9513.0,11031.0,12416.0,8871.0,32.2,2510.0,290.0,107.0,1216.0,4241.0,4241.0,0.0,1359.0,1359.0,0.0,1154.0,1154.0,0.0,918.0,918.0,0.0,477.0,477.0,0.0,367.0,367.0,0.0,744.0,744.0,0.0,1185.0,1185.0,0.0,1470.0,1470.0,0.0
2021-08-27,Friday,12120.0,11596.0,12153.0,8617.0,9423.0,12120.0,9230.0,33.2,1895.0,292.0,104.0,1575.0,3850.0,3850.0,0.0,1257.0,1257.0,0.0,1193.0,1193.0,0.0,905.0,905.0,0.0,535.0,535.0,0.0,374.0,374.0,0.0,756.0,756.0,0.0,1223.0,1223.0,0.0,1503.0,1503.0,0.0
2021-08-28,Saturday,12743.0,12173.0,12743.0,9230.0,10251.0,12743.0,9836.0,34.0,1908.0,292.0,108.0,1988.0,4446.0,4446.0,0.0,1302.0,1302.0,0.0,1205.0,1205.0,0.0,954.0,954.0,0.0,562.0,562.0,0.0,298.0,298.0,0.0,768.0,768.0,0.0,1183.0,1183.0,0.0,1455.0,1455.0,0.0
2021-08-29,Sunday,12893.0,12147.0,12893.0,9836.0,10869.0,12893.0,9622.0,32.8,1933.0,290.0,99.0,2207.0,4320.0,4320.0,0.0,1257.0,1257.0,0.0,1206.0,1206.0,0.0,960.0,960.0,0.0,540.0,540.0,0.0,380.0,380.0,0.0,747.0,747.0,0.0,1207.0,1207.0,0.0,1530.0,1530.0,0.0
2021-08-30,Monday,12868.0,12234.0,12868.0,9622.0,10470.0,12868.0,9804.0,32.5,2127.0,204.0,103.0,3062.0,4306.0,4306.0,0.0,1284.0,1284.0,0.0,1275.0,1275.0,0.0,1000.0,1000.0,0.0,500.0,500.0,0.0,374.0,374.0,0.0,780.0,780.0,0.0,1178.0,1178.0,0.0,1537.0,1537.0,0.0
2021-08-31,Tuesday,13185.0,12413.0,13185.0,9804.0,11410.0,13185.0,9966.0,33.4,2208.0,202.0,98.0,2539.0,4403.0,4403.0,0.0,1362.0,1362.0,0.0,1227.0,1227.0,0.0,924.0,924.0,0.0,552.0,552.0,0.0,405.0,405.0,0.0,768.0,768.0,0.0,1205.0,1205.0,0.0,1567.0,1567.0,0.0
2021-09-01,Saturday,9141.0,8767.0,9141.0,5529.0,7014.0,9141.0,5757.0,27.6,3410.0,170.0,182.0,1599.0,3069.0,3069.0,0.0,1053.0,1053.0,0.0,913.0,913.0,0.0,761.0,761.0,0.0,329.0,329.0,0.0,243.0,243.0,0.0,579.0,579.0,0.0,733.0,733.0,0.0,1087.0,1087.0,0.0
2021-09-01,Saturday,9141.0,8767.0,9141.0,5529.0,7014.0,9141.0,5757.0,27.6,3410.0,170.0,182.0,1599.0,3069.0,3069.0,0.0,1053.0,1053.0,0.0,913.0,913.0,0.0,761.0,761.0,0.0,329.0,329.0,0.0,243.0,243.0,0.0,579.0,579.0,0.0,733.0,733.0,0.0,1087.0,1087.0,0.0
2021-09-03,Tuesday,11147.0,10643.0,11147.0,7915.0,9091.0,11147.0,7989.0,31.3,2224.0,170.0,160.0,1997.0,4007.0,4007.0,0.0,1046.0,1046.0,0.0,1148.0,1148.0,0.0,872.0,872.0,0.0,372.0,372.0,0.0,291.0,291.0,0.0,679.0,679.0,0.0,993.0,993.0,0.0,1235.0,1235.0,0.0
2021-09-04,Friday,11655.0,11048.0,11655.0,7301.0,8629.0,11655.0,8974.0,34.7,1754.0,294.0,158.0,1629.0,3717.0,3717.0,0.0,1148.0,1148.0,0.0,1087.0,1087.0,0.0,878.0,878.0,0.0,445.0,445.0,0.0,347.0,347.0,0.0,716.0,716.0,0.0,1205.0,1205.0,0.0,1505.0,1505.0,0.0
2021-09-05,Sunday,10978.0,10588.0,11358.0,8936.0,10714.0,10978.0,7793.0,34.7,1730.0,221.0,207.0,1430.0,3817.0,3817.0,0.0,1227.0,1227.0,0.0,1115.0,1115.0,0.0,792.0,792.0,0.0,441.0,441.0,0.0,273.0,273.0,0.0,619.0,619.0,0.0,1034.0,1034.0,0.0,1270.0,1270.0,0.0
2021-09-06,Wednesday,12803.0,12236.0,12803.0,9143.0,10589.0,12803.0,9754.0,32.7,1287.0,293.0,205.0,1845.0,4226.0,4226.0,0.0,1300.0,1300.0,0.0,1251.0,1251.0,0.0,971.0,971.0,0.0,532.0,532.0,0.0,374.0,374.0,0.0,815.0,815.0,0.0,1207.0,1207.0,0.0,1560.0,1560.0,0.0
2021-09-07,Friday,12113.0,11572.0,12439.0,8751.0,9162.0,12113.0,9523.0,33.2,1174.0,294.0,176.0,1567.0,3737.0,3737.0,0.0,1195.0,1195.0,0.0,1304.0,1304.0,0.0,1041.0,1041.0,0.0,533.0,533.0,0.0,337.0,337.0,0.0,800.0,800.0,0.0,1154.0,1154.0,0.0,1471.0,1471.0,0.0
2021-09-08,Monday,12524.0,11978.0,12524.0,9504.0,10702.0,12524.0,9658.0,33.7,1196.0,289.0,107.0,1216.0,4067.0,4067.0,0.0,1180.0,1180.0,0.0,1322.0,1322.0,0.0,1006.0,1006.0,0.0,479.0,479.0,0.0,379.0,379.0,0.0,806.0,806.0,0.0,1151.0,1151.0,0.0,1588.0,1588.0,0.0
2021-09-09,Thursday,13314.0,12707.0,13314.0,9736.0,11320.0,13314.0,9309.0,32.0,2554.0,205.0,0.0,2148.0,4429.0,4429.0,0.0,1311.0,1311.0,0.0,1352.0,1352.0,0.0,1007.0,1007.0,0.0,574.0,574.0,0.0,396.0,396.0,0.0,805.0,805.0,0.0,1224.0,1224.0,0.0,1609.0,1609.0,0.0
2021-09-11,Tuesday,10228.0,10040.0,10228.0,6601.0,8626.0,10228.0,6738.0,31.6,2553.0,3.0,0.0,2584.0,3822.0,3822.0,0.0,1348.0,1348.0,0.0,925.0,925.0,0.0,756.0,756.0,0.0,386.0,386.0,0.0,245.0,245.0,0.0,618.0,618.0,0.0,846.0,846.0,0.0,1094.0,1094.0,0.0
2021-09-12,Thursday,9444.0,9277.0,9444.0,5983.0,8186.0,9444.0,6056.0,28.8,1828.0,0.0,0.0,4050.0,3525.0,3525.0,0.0,1114.0,1114.0,0.0,903.0,903.0,0.0,709.0,709.0,0.0,330.0,330.0,0.0,241.0,241.0,0.0,628.0,628.0,0.0,756.0,756.0,0.0,1071.0,1071.0,0.0
2021-09-13,Monday,12951.0,12292.0,12951.0,10028.0,11105.0,12951.0,9433.0,33.5,2614.0,8.0,0.0,2529.0,4359.0,4359.0,0.0,1229.0,1229.0,0.0,1330.0,1330.0,0.0,993.0,993.0,0.0,569.0,569.0,0.0,372.0,372.0,0.0,734.0,734.0,0.0,1208.0,1208.0,0.0,1498.0,1498.0,0.0
2021-09-14,Tuesday,12442.0,11828.0,12442.0,9433.0,10553.0,12442.0,9339.0,31.8,2354.0,8.0,0.0,2591.0,4253.0,4253.0,0.0,1255.0,1255.0,0.0,1173.0,1173.0,0.0,1019.0,1019.0,0.0,586.0,586.0,0.0,329.0,329.0,0.0,747.0,747.0,0.0,1169.0,1169.0,0.0,1297.0,1297.0,0.0
2021-09-15,Wednesday,13085.0,12409.0,13085.0,9339.0,11168.0,13085.0,9348.0,35.3,2378.0,8.0,0.0,2805.0,4636.0,4636.0,0.0,1327.0,1327.0,0.0,1330.0,1330.0,0.0,962.0,962.0,0.0,425.0,425.0,0.0,358.0,358.0,0.0,720.0,720.0,0.0,1207.0,1207.0,0.0,1444.0,1444.0,0.0
2021-09-16,Thursday,13020.0,12448.0,13020.0,9348.0,11051.0,13020.0,8814.0,33.2,2297.0,7.0,0.0,2758.0,4565.0,4565.0,0.0,1258.0,1258.0,0.0,1296.0,1296.0,0.0,985.0,985.0,0.0,542.0,542.0,0.0,365.0,365.0,0.0,737.0,737.0,0.0,1166.0,1166.0,0.0,1534.0,1534.0,0.0
2021-09-17,Friday,11735.0,11238.0,12082.0,8491.0,8941.0,11735.0,8939.0,32.5,2157.0,6.0,0.0,2884.0,3777.0,3777.0,0.0,1086.0,1086.0,0.0,1202.0,1202.0,0.0,1026.0,1026.0,0.0,503.0,503.0,0.0,336.0,336.0,0.0,730.0,730.0,0.0,1134.0,1134.0,0.0,1444.0,1444.0,0.0
2021-09-18,Saturday,12647.0,12111.0,12647.0,8939.0,10002.0,12647.0,9076.0,33.4,2419.0,8.0,0.0,2795.0,4517.0,4517.0,0.0,1276.0,1276.0,0.0,1204.0,1204.0,0.0,982.0,982.0,0.0,479.0,479.0,0.0,320.0,320.0,0.0,752.0,752.0,0.0,1140.0,1140.0,0.0,1441.0,1441.0,0.0
2021-09-19,Sunday,12370.0,11833.0,12370.0,9076.0,10431.0,12370.0,9021.0,31.1,2334.0,7.0,0.0,2601.0,4349.0,4349.0,0.0,1227.0,1227.0,0.0,1274.0,1274.0,0.0,1014.0,1014.0,0.0,521.0,521.0,0.0,309.0,309.0,0.0,729.0,729.0,0.0,1062.0,1062.0,0.0,1348.0,1348.0,0.0
2021-09-20,Monday,12571.0,11926.0,12571.0,9021.0,10671.0,12571.0,9046.0,30.8,2425.0,5.0,0.0,2618.0,4364.0,4364.0,0.0,1249.0,1249.0,0.0,1278.0,1278.0,0.0,994.0,994.0,0.0,555.0,555.0,0.0,311.0,311.0,0.0,700.0,700.0,0.0,1082.0,1082.0,0.0,1393.0,1393.0,0.0
2021-09-21,Tuesday,12403.0,11898.0,12523.0,9046.0,10511.0,12403.0,9183.0,32.7,2480.0,5.0,0.0,2575.0,4452.0,4452.0,0.0,1202.0,1202.0,0.0,1200.0,1200.0,0.0,979.0,979.0,0.0,516.0,516.0,0.0,325.0,325.0,0.0,735.0,735.0,0.0,1116.0,1116.0,0.0,1373.0,1373.0,0.0
2021-09-22,Wednesday,12491.0,11955.0,12491.0,9183.0,10870.0,12491.0,9408.0,33.6,2451.0,5.0,0.0,2615.0,4486.0,4486.0,0.0,1287.0,1287.0,0.0,1188.0,1188.0,0.0,957.0,957.0,0.0,509.0,509.0,0.0,322.0,322.0,0.0,786.0,786.0,0.0,1069.0,1069.0,0.0,1351.0,1351.0,0.0
2021-09-23,Thursday,13052.0,12472.0,13052.0,9408.0,11229.0,13052.0,9117.0,34.3,2354.0,7.0,0.0,2513.0,4557.0,4557.0,0.0,1331.0,1331.0,0.0,1253.0,1253.0,0.0,974.0,974.0,0.0,558.0,558.0,0.0,366.0,366.0,0.0,735.0,735.0,0.0,1213.0,1213.0,0.0,1485.0,1485.0,0.0
2021-09-24,Friday,12696.0,12116.0,12762.0,9117.0,9875.0,12696.0,9880.0,35.7,2231.0,6.0,0.0,2519.0,4125.0,4125.0,0.0,1262.0,1262.0,0.0,1311.0,1311.0,0.0,1050.0,1050.0,0.0,567.0,567.0,0.0,387.0,387.0,0.0,645.0,645.0,0.0,1251.0,1251.0,0.0,1518.0,1518.0,0.0
2021-09-25,Saturday,13052.0,12508.0,13052.0,9880.0,10961.0,13052.0,10085.0,35.0,2163.0,6.0,0.0,2557.0,4387.0,4387.0,0.0,1290.0,1290.0,0.0,1307.0,1307.0,0.0,1018.0,1018.0,0.0,580.0,580.0,0.0,384.0,384.0,0.0,753.0,753.0,0.0,1223.0,1223.0,0.0,1566.0,1566.0,0.0
2021-09-25,Saturday,13052.0,12508.0,13052.0,9880.0,10961.0,13052.0,10085.0,35.0,2163.0,6.0,0.0,2557.0,4387.0,4387.0,0.0,1290.0,1290.0,0.0,1307.0,1307.0,0.0,1018.0,1018.0,0.0,580.0,580.0,0.0,384.0,384.0,0.0,753.0,753.0,0.0,1223.0,1223.0,0.0,1566.0,1566.0,0.0
2021-09-26,Sunday,12936.0,12336.0,12936.0,10085.0,11506.0,12936.0,9805.0,35.5,2251.0,8.0,0.0,2584.0,4802.0,4802.0,0.0,1270.0,1270.0,0.0,1374.0,1374.0,0.0,994.0,994.0,0.0,566.0,566.0,0.0,372.0,372.0,0.0,730.0,730.0,0.0,774.0,774.0,0.0,1454.0,1454.0,0.0
2021-09-27,Monday,12716.0,12168.0,12716.0,9805.0,11458.0,12716.0,9181.0,35.9,2210.0,13.0,0.0,2562.0,4560.0,4560.0,0.0,1316.0,1316.0,0.0,1162.0,1162.0,0.0,962.0,962.0,0.0,557.0,557.0,0.0,365.0,365.0,0.0,695.0,695.0,0.0,1193.0,1193.0,0.0,1358.0,1358.0,0.0
2021-09-28,Tuesday,12371.0,11857.0,12371.0,9181.0,10875.0,12371.0,9031.0,32.2,2162.0,8.0,0.0,2605.0,4314.0,4314.0,0.0,1336.0,1336.0,0.0,1193.0,1193.0,0.0,1013.0,1013.0,0.0,516.0,516.0,0.0,294.0,294.0,0.0,733.0,733.0,0.0,1114.0,1114.0,0.0,1344.0,1344.0,0.0
2021-09-29,Wednesday,12503.0,11899.0,12503.0,9031.0,10236.0,12503.0,9254.0,31.2,2078.0,5.0,0.0,2619.0,4425.0,4425.0,0.0,1242.0,1242.0,0.0,1228.0,1228.0,0.0,1021.0,1021.0,0.0,543.0,543.0,0.0,311.0,311.0,0.0,725.0,725.0,0.0,1103.0,1103.0,0.0,1301.0,1301.0,0.0
2021-09-30,Thursday,13065.0,12623.0,13065.0,9254.0,10926.0,13065.0,9093.0,35.0,2101.0,6.0,0.0,2919.0,4607.0,4607.0,0.0,1378.0,1378.0,0.0,1260.0,1260.0,0.0,1050.0,1050.0,0.0,563.0,563.0,0.0,353.0,353.0,0.0,709.0,709.0,0.0,1178.0,1178.0,0.0,1525.0,1525.0,0.0
2021-10-01,Sunday,9200.0,8750.0,9200.0,5757.0,7635.0,9200.0,5886.0,28.2,3438.0,170.0,182.0,1589.0,3127.0,3127.0,0.0,945.0,945.0,0.0,912.0,912.0,0.0,754.0,754.0,0.0,328.0,328.0,0.0,240.0,240.0,0.0,589.0,589.0,0.0,759.0,759.0,0.0,1096.0,1096.0,0.0
2021-10-02,Wednesday,9495.0,9048.0,9495.0,5888.0,8282.0,9495.0,5993.0,28.6,2762.0,170.0,160.0,1605.0,3136.0,3136.0,0.0,978.0,978.0,0.0,977.0,977.0,0.0,838.0,838.0,0.0,319.0,319.0,0.0,238.0,238.0,0.0,671.0,671.0,0.0,780.0,780.0,0.0,1111.0,1111.0,0.0
2021-10-03,Wednesday,11397.0,10915.0,11397.0,7989.0,9260.0,11397.0,7685.0,30.8,2245.0,170.0,160.0,1997.0,4036.0,4036.0,0.0,1135.0,1135.0,0.0,1155.0,1155.0,0.0,878.0,878.0,0.0,393.0,393.0,0.0,282.0,282.0,0.0,700.0,700.0,0.0,991.0,991.0,0.0,1345.0,1345.0,0.0
2021-10-04,Saturday,13064.0,12496.0,13064.0,8722.0,9503.0,13064.0,9843.0,35.0,2297.0,295.0,160.0,1636.0,4337.0,4337.0,0.0,1319.0,1319.0,0.0,1389.0,1389.0,0.0,978.0,978.0,0.0,498.0,498.0,0.0,355.0,355.0,0.0,764.0,764.0,0.0,1247.0,1247.0,0.0,1609.0,1609.0,0.0
2021-10-05,Monday,10812.0,10326.0,10886.0,7793.0,9904.0,10812.0,6501.0,35.2,1725.0,294.0,207.0,1424.0,3576.0,3576.0,0.0,1219.0,1219.0,0.0,1147.0,1147.0,0.0,499.0,499.0,0.0,357.0,357.0,0.0,337.0,337.0,0.0,546.0,546.0,0.0,1165.0,1165.0,0.0,1480.0,1480.0,0.0
2021-10-06,Thursday,12223.0,11822.0,12223.0,9754.0,11218.0,12223.0,8543.0,34.5,1275.0,294.0,205.0,1825.0,4400.0,4400.0,0.0,1269.0,1269.0,0.0,1128.0,1128.0,0.0,960.0,960.0,0.0,441.0,441.0,0.0,346.0,346.0,0.0,702.0,702.0,0.0,1099.0,1099.0,0.0,1477.0,1477.0,0.0
2021-10-07,Saturday,12898.0,12453.0,12958.0,9523.0,10100.0,12898.0,9806.0,34.5,1117.0,294.0,177.0,1569.0,4254.0,4254.0,0.0,1261.0,1261.0,0.0,1361.0,1361.0,0.0,1073.0,1073.0,0.0,592.0,592.0,0.0,371.0,371.0,0.0,799.0,799.0,0.0,1205.0,1205.0,0.0,1537.0,1537.0,0.0
2021-10-08,Tuesday,12673.0,11943.0,12673.0,9658.0,10905.0,12673.0,9794.0,34.4,1399.0,293.0,110.0,1215.0,3900.0,3900.0,0.0,1239.0,1239.0,0.0,1359.0,1359.0,0.0,1009.0,1009.0,0.0,486.0,486.0,0.0,376.0,376.0,0.0,801.0,801.0,0.0,1174.0,1174.0,0.0,1599.0,1599.0,0.0
2021-10-10,Sunday,13390.0,12751.0,13390.0,10009.0,11533.0,13390.0,10027.0,35.3,2398.0,4.0,0.0,2497.0,4667.0,4667.0,0.0,1306.0,1306.0,0.0,1368.0,1368.0,0.0,983.0,983.0,0.0,504.0,504.0,0.0,388.0,388.0,0.0,706.0,706.0,0.0,1247.0,1247.0,0.0,1582.0,1582.0,0.0
2021-10-11,Wednesday,10254.0,9874.0,10254.0,6738.0,8827.0,10254.0,6869.0,31.9,2289.0,3.0,0.0,2506.0,3809.0,3809.0,0.0,1305.0,1305.0,0.0,896.0,896.0,0.0,740.0,740.0,0.0,395.0,395.0,0.0,256.0,256.0,0.0,573.0,573.0,0.0,833.0,833.0,0.0,1067.0,1067.0,0.0
2021-10-12,Friday,8214.0,7964.0,8214.0,6056.0,6751.0,8214.0,5515.0,27.8,2013.0,0.0,0.0,3847.0,2687.0,2687.0,0.0,1029.0,1029.0,0.0,802.0,802.0,0.0,661.0,661.0,0.0,325.0,325.0,0.0,232.0,232.0,0.0,574.0,574.0,0.0,680.0,680.0,0.0,974.0,974.0,0.0
2021-10-13,Wednesday,13445.0,12878.0,13445.0,9867.0,11513.0,13445.0,10473.0,33.6,2338.0,5.0,0.0,2488.0,4699.0,4699.0,0.0,1366.0,1366.0,0.0,1426.0,1426.0,0.0,975.0,975.0,0.0,579.0,579.0,0.0,373.0,373.0,0.0,723.0,723.0,0.0,1200.0,1200.0,0.0,1537.0,1537.0,0.0
2021-10-14,Thursday,13102.0,12501.0,13102.0,10473.0,11987.0,13102.0,9582.0,35.9,2279.0,7.0,0.0,2510.0,4554.0,4554.0,0.0,1337.0,1337.0,0.0,1214.0,1214.0,0.0,1005.0,1005.0,0.0,573.0,573.0,0.0,380.0,380.0,0.0,752.0,752.0,0.0,1222.0,1222.0,0.0,1464.0,1464.0,0.0
2021-10-15,Friday,11744.0,11251.0,12296.0,9548.0,10398.0,11744.0,9068.0,37.4,1880.0,9.0,0.0,2607.0,4140.0,4140.0,0.0,1063.0,1063.0,0.0,1305.0,1305.0,0.0,1053.0,1053.0,0.0,565.0,565.0,0.0,110.0,110.0,0.0,690.0,690.0,0.0,892.0,892.0,0.0,1433.0,1433.0,0.0
2021-10-16,Saturday,12829.0,12294.0,12829.0,9068.0,10815.0,12829.0,9764.0,35.5,1957.0,9.0,0.0,2459.0,4441.0,4441.0,0.0,1315.0,1315.0,0.0,1319.0,1319.0,0.0,1056.0,1056.0,0.0,545.0,545.0,0.0,351.0,351.0,0.0,706.0,706.0,0.0,1147.0,1147.0,0.0,1414.0,1414.0,0.0
2021-10-17,Sunday,12100.0,11687.0,12100.0,9764.0,11277.0,12100.0,9287.0,35.1,1838.0,10.0,0.0,2573.0,4342.0,4342.0,0.0,1255.0,1255.0,0.0,1217.0,1217.0,0.0,1050.0,1050.0,0.0,557.0,557.0,0.0,259.0,259.0,0.0,687.0,687.0,0.0,1059.0,1059.0,0.0,1261.0,1261.0,0.0
2021-10-18,Monday,11556.0,11121.0,11556.0,9287.0,10248.0,11556.0,8058.0,31.3,2028.0,5.0,0.0,2672.0,4240.0,4240.0,0.0,1333.0,1333.0,0.0,1105.0,1105.0,0.0,845.0,845.0,0.0,496.0,496.0,0.0,269.0,269.0,0.0,666.0,666.0,0.0,989.0,989.0,0.0,1178.0,1178.0,0.0
2021-10-19,Tuesday,11009.0,10742.0,11009.0,8058.0,9437.0,11009.0,8096.0,29.5,1929.0,6.0,0.0,2658.0,4120.0,4120.0,0.0,1243.0,1243.0,0.0,1086.0,1086.0,0.0,887.0,887.0,0.0,435.0,435.0,0.0,263.0,263.0,0.0,631.0,631.0,0.0,915.0,915.0,0.0,1162.0,1162.0,0.0
2021-10-20,Wednesday,10550.0,10124.0,10550.0,8096.0,9154.0,10550.0,7981.0,31.2,1676.0,5.0,0.0,2533.0,3748.0,3748.0,0.0,1153.0,1153.0,0.0,978.0,978.0,0.0,732.0,732.0,0.0,414.0,414.0,0.0,301.0,301.0,0.0,516.0,516.0,0.0,993.0,993.0,0.0,1289.0,1289.0,0.0
2021-10-21,Thursday,11874.0,11278.0,11874.0,7981.0,9930.0,11874.0,7573.0,32.3,1678.0,7.0,0.0,2447.0,4236.0,4236.0,0.0,1295.0,1295.0,0.0,1053.0,1053.0,0.0,892.0,892.0,0.0,486.0,486.0,0.0,314.0,314.0,0.0,644.0,644.0,0.0,1056.0,1056.0,0.0,1302.0,1302.0,0.0
2021-10-22,Friday,10215.0,9830.0,10215.0,7486.0,8300.0,10215.0,7677.0,32.2,1697.0,8.0,0.0,2461.0,3423.0,3423.0,0.0,1154.0,1154.0,0.0,978.0,978.0,0.0,793.0,793.0,0.0,441.0,441.0,0.0,284.0,284.0,0.0,587.0,587.0,0.0,964.0,964.0,0.0,1206.0,1206.0,0.0
2021-10-23,Saturday,11457.0,11088.0,11457.0,7677.0,8710.0,11457.0,7831.0,31.8,1887.0,5.0,0.0,2461.0,4143.0,4143.0,0.0,1281.0,1281.0,0.0,1063.0,1063.0,0.0,857.0,857.0,0.0,447.0,447.0,0.0,310.0,310.0,0.0,646.0,646.0,0.0,1058.0,1058.0,0.0,1283.0,1283.0,0.0
2021-10-24,Sunday,11618.0,11188.0,11618.0,7831.0,9809.0,11618.0,7877.0,32.8,2042.0,5.0,0.0,2455.0,4254.0,4254.0,0.0,1251.0,1251.0,0.0,1060.0,1060.0,0.0,864.0,864.0,0.0,451.0,451.0,0.0,309.0,309.0,0.0,648.0,648.0,0.0,1044.0,1044.0,0.0,1307.0,1307.0,0.0
2021-10-26,Tuesday,11827.0,11343.0,11827.0,8053.0,9962.0,11827.0,8234.0,31.8,2075.0,7.0,0.0,2869.0,4248.0,4248.0,0.0,1280.0,1280.0,0.0,1089.0,1089.0,0.0,881.0,881.0,0.0,469.0,469.0,0.0,311.0,311.0,0.0,659.0,659.0,0.0,1062.0,1062.0,0.0,1344.0,1344.0,0.0
2021-10-27,Wednesday,11784.0,11315.0,11784.0,8234.0,9839.0,11784.0,8070.0,32.4,2120.0,5.0,0.0,2324.0,4325.0,4325.0,0.0,1290.0,1290.0,0.0,1072.0,1072.0,0.0,897.0,897.0,0.0,474.0,474.0,0.0,287.0,287.0,0.0,611.0,611.0,0.0,1030.0,1030.0,0.0,1329.0,1329.0,0.0
2021-10-28,Thursday,11926.0,11374.0,11926.0,8070.0,9973.0,11926.0,7757.0,32.0,2199.0,5.0,0.0,2364.0,4379.0,4379.0,0.0,1288.0,1288.0,0.0,1054.0,1054.0,0.0,866.0,866.0,0.0,478.0,478.0,0.0,307.0,307.0,0.0,640.0,640.0,0.0,1037.0,1037.0,0.0,1325.0,1325.0,0.0
2021-10-29,Friday,10780.0,10337.0,10780.0,7690.0,8438.0,10780.0,7764.0,34.2,2093.0,4.0,0.0,2419.0,3597.0,3597.0,0.0,1208.0,1208.0,0.0,985.0,985.0,0.0,853.0,853.0,0.0,473.0,473.0,0.0,309.0,309.0,0.0,592.0,592.0,0.0,1077.0,1077.0,0.0,1243.0,1243.0,0.0
2021-10-30,Saturday,11641.0,11105.0,11641.0,7764.0,9475.0,11641.0,7775.0,34.0,2147.0,5.0,0.0,2370.0,4194.0,4194.0,0.0,1363.0,1363.0,0.0,956.0,956.0,0.0,839.0,839.0,0.0,480.0,480.0,0.0,310.0,310.0,0.0,628.0,628.0,0.0,1082.0,1082.0,0.0,1253.0,1253.0,0.0
2021-10-31,Sunday,10779.0,10382.0,10779.0,7775.0,9445.0,10779.0,7312.0,32.7,2086.0,3.0,0.0,2515.0,4007.0,4007.0,0.0,1311.0,1311.0,0.0,917.0,917.0,0.0,755.0,755.0,0.0,431.0,431.0,0.0,274.0,274.0,0.0,588.0,588.0,0.0,945.0,945.0,0.0,1154.0,1154.0,0.0
2021-11-01,Monday,9283.0,8918.0,9283.0,5886.0,7746.0,9283.0,5981.0,28.1,3778.0,170.0,183.0,1589.0,3226.0,3226.0,0.0,1050.0,1050.0,0.0,890.0,890.0,0.0,770.0,770.0,0.0,323.0,323.0,0.0,242.0,242.0,0.0,576.0,576.0,0.0,749.0,749.0,0.0,1092.0,1092.0,0.0
2021-11-02,Thursday,9283.0,8997.0,9283.0,5993.0,8337.0,9283.0,6000.0,29.0,3012.0,170.0,160.0,1605.0,3135.0,3135.0,0.0,979.0,979.0,0.0,956.0,956.0,0.0,824.0,824.0,0.0,332.0,332.0,0.0,239.0,239.0,0.0,658.0,658.0,0.0,757.0,757.0,0.0,1117.0,1117.0,0.0
2021-11-03,Thursday,11615.0,11029.0,11615.0,7685.0,9693.0,11615.0,7804.0,32.6,1622.0,170.0,160.0,2385.0,4074.0,4074.0,0.0,1202.0,1202.0,0.0,1107.0,1107.0,0.0,917.0,917.0,0.0,391.0,391.0,0.0,290.0,290.0,0.0,657.0,657.0,0.0,1003.0,1003.0,0.0,1388.0,1388.0,0.0
2021-11-04,Sunday,12798.0,12201.0,12798.0,9843.0,11266.0,12798.0,9921.0,35.8,2364.0,294.0,159.0,1587.0,4366.0,4366.0,0.0,1296.0,1296.0,0.0,1075.0,1075.0,0.0,965.0,965.0,0.0,474.0,474.0,0.0,373.0,373.0,0.0,803.0,803.0,0.0,1278.0,1278.0,0.0,1571.0,1571.0,0.0
2021-11-05,Tuesday,9453.0,9125.0,9949.0,6501.0,8443.0,9453.0,6558.0,32.0,1781.0,294.0,207.0,1323.0,2908.0,2908.0,0.0,1309.0,1309.0,0.0,875.0,875.0,0.0,758.0,758.0,0.0,489.0,489.0,0.0,233.0,233.0,0.0,617.0,617.0,0.0,976.0,976.0,0.0,960.0,960.0,0.0
2021-11-06,Friday,11584.0,11046.0,11653.0,8541.0,9153.0,11584.0,8472.0,33.5,1087.0,294.0,205.0,1863.0,3635.0,3635.0,0.0,1234.0,1234.0,0.0,1121.0,1121.0,0.0,929.0,929.0,0.0,503.0,503.0,0.0,341.0,341.0,0.0,761.0,761.0,0.0,1086.0,1086.0,0.0,1436.0,1436.0,0.0
2021-11-07,Sunday,12900.0,12348.0,12912.0,9806.0,10745.0,12900.0,10089.0,34.8,1222.0,294.0,177.0,1056.0,4477.0,4477.0,0.0,1096.0,1096.0,0.0,1395.0,1395.0,0.0,1065.0,1065.0,0.0,531.0,531.0,0.0,380.0,380.0,0.0,786.0,786.0,0.0,1078.0,1078.0,0.0,1540.0,1540.0,0.0
2021-11-08,Wednesday,12768.0,12143.0,12768.0,9794.0,11012.0,12768.0,9889.0,33.2,1344.0,294.0,109.0,1217.0,4108.0,4108.0,0.0,1185.0,1185.0,0.0,1313.0,1313.0,0.0,977.0,977.0,0.0,509.0,509.0,0.0,410.0,410.0,0.0,833.0,833.0,0.0,1167.0,1167.0,0.0,1641.0,1641.0,0.0
2021-11-09,Saturday,13509.0,12768.0,13509.0,9207.0,10978.0,13509.0,10254.0,36.8,2288.0,85.0,0.0,2411.0,4637.0,4637.0,0.0,1273.0,1273.0,0.0,1359.0,1359.0,0.0,967.0,967.0,0.0,591.0,591.0,0.0,391.0,391.0,0.0,657.0,657.0,0.0,1280.0,1280.0,0.0,1613.0,1613.0,0.0
2021-11-10,Monday,13482.0,12837.0,13482.0,10027.0,11837.0,13482.0,9960.0,35.7,2408.0,6.0,0.0,2498.0,4596.0,4596.0,0.0,1338.0,1338.0,0.0,1360.0,1360.0,0.0,957.0,957.0,0.0,572.0,572.0,0.0,402.0,402.0,0.0,737.0,737.0,0.0,1283.0,1283.0,0.0,1592.0,1592.0,0.0
2021-11-11,Thursday,10067.0,10021.0,10067.0,6869.0,8739.0,10067.0,6830.0,32.2,2243.0,3.0,0.0,2559.0,3811.0,3811.0,0.0,1443.0,1443.0,0.0,840.0,840.0,0.0,731.0,731.0,0.0,396.0,396.0,0.0,257.0,257.0,0.0,597.0,597.0,0.0,860.0,860.0,0.0,1086.0,1086.0,0.0
2021-11-12,Saturday,9326.0,8674.0,9326.0,5515.0,7253.0,9326.0,5857.0,27.6,2455.0,0.0,0.0,4000.0,3175.0,3175.0,0.0,990.0,990.0,0.0,858.0,858.0,0.0,706.0,706.0,0.0,334.0,334.0,0.0,245.0,245.0,0.0,589.0,589.0,0.0,742.0,742.0,0.0,1035.0,1035.0,0.0
2021-11-13,Saturday,9174.0,8792.0,9174.0,6283.0,7938.0,9174.0,6147.0,29.2,1993.0,4.0,0.0,2584.0,3244.0,3244.0,0.0,1095.0,1095.0,0.0,838.0,838.0,0.0,678.0,678.0,0.0,351.0,351.0,0.0,253.0,253.0,0.0,562.0,562.0,0.0,762.0,762.0,0.0,1009.0,1009.0,0.0
2021-11-14,Sunday,9240.0,8966.0,9240.0,6147.0,8043.0,9240.0,6141.0,23.6,2030.0,3.0,0.0,2588.0,3339.0,3339.0,0.0,1153.0,1153.0,0.0,844.0,844.0,0.0,704.0,704.0,0.0,344.0,344.0,0.0,247.0,247.0,0.0,566.0,566.0,0.0,762.0,762.0,0.0,1007.0,1007.0,0.0
2021-11-15,Monday,9519.0,9399.0,9519.0,6141.0,8203.0,9519.0,6310.0,24.6,1825.0,4.0,0.0,2572.0,3519.0,3519.0,0.0,1347.0,1347.0,0.0,864.0,864.0,0.0,717.0,717.0,0.0,358.0,358.0,0.0,235.0,235.0,0.0,591.0,591.0,0.0,725.0,725.0,0.0,1043.0,1043.0,0.0
2021-11-16,Tuesday,9504.0,8532.0,9504.0,6310.0,8298.0,9504.0,6312.0,29.5,2049.0,4.0,0.0,2531.0,2740.0,2740.0,0.0,1263.0,1263.0,0.0,866.0,866.0,0.0,698.0,698.0,0.0,362.0,362.0,0.0,245.0,245.0,0.0,570.0,570.0,0.0,755.0,755.0,0.0,1033.0,1033.0,0.0
2021-11-17,Wednesday,9614.0,9262.0,9614.0,6312.0,8059.0,9614.0,6316.0,30.4,2307.0,2.0,0.0,2577.0,3549.0,3549.0,0.0,1161.0,1161.0,0.0,878.0,878.0,0.0,703.0,703.0,0.0,359.0,359.0,0.0,243.0,243.0,0.0,572.0,572.0,0.0,778.0,778.0,0.0,1019.0,1019.0,0.0
2021-11-18,Thursday,9747.0,9401.0,9747.0,6316.0,8362.0,9747.0,6270.0,31.2,2244.0,8.0,0.0,2724.0,3656.0,3656.0,0.0,1268.0,1268.0,0.0,864.0,864.0,0.0,721.0,721.0,0.0,260.0,260.0,0.0,226.0,226.0,0.0,607.0,607.0,0.0,765.0,765.0,0.0,1034.0,1034.0,0.0
2021-11-19,Friday,8271.0,8046.0,8271.0,6270.0,7051.0,8271.0,5815.0,30.8,1863.0,5.0,0.0,2657.0,2845.0,2845.0,0.0,1034.0,1034.0,0.0,782.0,782.0,0.0,670.0,670.0,0.0,330.0,330.0,0.0,230.0,230.0,0.0,543.0,543.0,0.0,675.0,675.0,0.0,937.0,937.0,0.0
2021-11-20,Saturday,9598.0,9439.0,9598.0,5815.0,7762.0,9598.0,6240.0,30.4,2096.0,6.0,0.0,2782.0,3552.0,3552.0,0.0,1301.0,1301.0,0.0,863.0,863.0,0.0,718.0,718.0,0.0,359.0,359.0,0.0,242.0,242.0,0.0,598.0,598.0,0.0,759.0,759.0,0.0,1047.0,1047.0,0.0
2021-11-21,Sunday,9464.0,9255.0,9464.0,6240.0,8129.0,9464.0,6348.0,30.0,2282.0,0.0,0.0,2857.0,3364.0,3364.0,0.0,1225.0,1225.0,0.0,881.0,881.0,0.0,713.0,713.0,0.0,347.0,347.0,0.0,244.0,244.0,0.0,606.0,606.0,0.0,797.0,797.0,0.0,1078.0,1078.0,0.0
2021-11-22,Monday,9734.0,9681.0,9734.0,6348.0,8210.0,9734.0,6450.0,31.5,2432.0,0.0,0.0,2812.0,3762.0,3762.0,0.0,1240.0,1240.0,0.0,885.0,885.0,0.0,699.0,699.0,0.0,346.0,346.0,0.0,239.0,239.0,0.0,618.0,618.0,0.0,786.0,786.0,0.0,1106.0,1106.0,0.0
2021-11-23,Tuesday,10026.0,9849.0,10026.0,6450.0,8396.0,10026.0,6582.0,31.8,2355.0,0.0,0.0,3109.0,3818.0,3818.0,0.0,1339.0,1339.0,0.0,881.0,881.0,0.0,728.0,728.0,0.0,340.0,340.0,0.0,237.0,237.0,0.0,620.0,620.0,0.0,790.0,790.0,0.0,1096.0,1096.0,0.0
2021-11-24,Wednesday,9668.0,9356.0,9668.0,6582.0,7982.0,9668.0,6354.0,31.4,2348.0,0.0,0.0,3120.0,3721.0,3721.0,0.0,1062.0,1062.0,0.0,883.0,883.0,0.0,703.0,703.0,0.0,339.0,339.0,0.0,241.0,241.0,0.0,586.0,586.0,0.0,764.0,764.0,0.0,1057.0,1057.0,0.0
2021-11-25,Thursday,9664.0,9209.0,9664.0,6354.0,8221.0,9664.0,6255.0,30.2,2272.0,0.0,0.0,3788.0,3603.0,3603.0,0.0,1121.0,1121.0,0.0,836.0,836.0,0.0,684.0,684.0,0.0,334.0,334.0,0.0,254.0,254.0,0.0,584.0,584.0,0.0,754.0,754.0,0.0,1039.0,1039.0,0.0
2021-11-26,Friday,8261.0,7930.0,8261.0,6255.0,6648.0,8261.0,5609.0,29.6,1898.0,0.0,0.0,3798.0,2801.0,2801.0,0.0,935.0,935.0,0.0,794.0,794.0,0.0,640.0,640.0,0.0,311.0,311.0,0.0,234.0,234.0,0.0,552.0,552.0,0.0,704.0,704.0,0.0,959.0,959.0,0.0
2021-11-27,Saturday,9338.0,8971.0,9338.0,5609.0,7520.0,9338.0,5959.0,29.4,2007.0,0.0,0.0,3788.0,3454.0,3454.0,0.0,1016.0,1016.0,0.0,864.0,864.0,0.0,691.0,691.0,0.0,341.0,341.0,0.0,252.0,252.0,0.0,595.0,595.0,0.0,723.0,723.0,0.0,1035.0,1035.0,0.0
2021-11-28,Sunday,9173.0,8861.0,9173.0,5959.0,7811.0,9173.0,5965.0,29.9,2134.0,0.0,0.0,3778.0,3376.0,3376.0,0.0,1082.0,1082.0,0.0,839.0,839.0,0.0,653.0,653.0,0.0,322.0,322.0,0.0,237.0,237.0,0.0,563.0,563.0,0.0,760.0,760.0,0.0,1029.0,1029.0,0.0
2021-11-29,Monday,9456.0,9239.0,9456.0,5965.0,8035.0,9456.0,6111.0,29.5,1936.0,0.0,0.0,4270.0,3554.0,3554.0,0.0,1097.0,1097.0,0.0,878.0,878.0,0.0,708.0,708.0,0.0,336.0,336.0,0.0,229.0,229.0,0.0,616.0,616.0,0.0,745.0,745.0,0.0,1076.0,1076.0,0.0
2021-11-30,Tuesday,9396.0,9106.0,9396.0,6111.0,7986.0,9396.0,6127.0,30.0,1803.0,0.0,0.0,3900.0,3484.0,3484.0,0.0,1119.0,1119.0,0.0,862.0,862.0,0.0,701.0,701.0,0.0,331.0,331.0,0.0,240.0,240.0,0.0,573.0,573.0,0.0,747.0,747.0,0.0,1049.0,1049.0,0.0
2021-12-01,Tuesday,9245.0,8859.0,9245.0,5981.0,7666.0,9245.0,5886.0,26.5,3824.0,170.0,184.0,1589.0,3125.0,3125.0,0.0,997.0,997.0,0.0,939.0,939.0,0.0,765.0,765.0,0.0,335.0,335.0,0.0,232.0,232.0,0.0,604.0,604.0,0.0,763.0,763.0,0.0,1099.0,1099.0,0.0
2021-12-02,Friday,8150.0,7800.0,8150.0,6000.0,7139.0,8150.0,5581.0,28.2,3179.0,170.0,160.0,1625.0,2490.0,2490.0,0.0,797.0,797.0,0.0,878.0,878.0,0.0,761.0,761.0,0.0,316.0,316.0,0.0,228.0,228.0,0.0,604.0,604.0,0.0,727.0,727.0,0.0,999.0,999.0,0.0
2021-12-03,Friday,10869.0,10365.0,10869.0,7804.0,8639.0,10869.0,8017.0,33.7,1289.0,170.0,160.0,2198.0,3552.0,3552.0,0.0,1111.0,1111.0,0.0,1103.0,1103.0,0.0,922.0,922.0,0.0,387.0,387.0,0.0,292.0,292.0,0.0,649.0,649.0,0.0,1040.0,1040.0,0.0,1309.0,1309.0,0.0
2021-12-04,Monday,13377.0,12729.0,13377.0,9921.0,10900.0,13377.0,10030.0,37.0,1813.0,218.0,195.0,1708.0,4398.0,4398.0,0.0,1406.0,1406.0,0.0,1365.0,1365.0,0.0,1040.0,1040.0,0.0,466.0,466.0,0.0,373.0,373.0,0.0,763.0,763.0,0.0,1294.0,1294.0,0.0,1624.0,1624.0,0.0
2021-12-05,Wednesday,10111.0,9701.0,10111.0,6558.0,8111.0,10111.0,6502.0,33.3,1730.0,294.0,208.0,1468.0,3002.0,3002.0,0.0,1221.0,1221.0,0.0,725.0,725.0,0.0,936.0,936.0,0.0,472.0,472.0,0.0,341.0,341.0,0.0,545.0,545.0,0.0,1105.0,1105.0,0.0,1354.0,1354.0,0.0
2021-12-06,Saturday,12668.0,12044.0,12668.0,8472.0,10068.0,12668.0,9302.0,33.8,1528.0,294.0,205.0,1865.0,4337.0,4337.0,0.0,1239.0,1239.0,0.0,1194.0,1194.0,0.0,915.0,915.0,0.0,526.0,526.0,0.0,349.0,349.0,0.0,800.0,800.0,0.0,1180.0,1180.0,0.0,1504.0,1504.0,0.0
2021-12-07,Monday,13022.0,12405.0,13022.0,10089.0,11176.0,13022.0,9837.0,35.8,1233.0,294.0,153.0,947.0,4330.0,4330.0,0.0,1212.0,1212.0,0.0,1378.0,1378.0,0.0,1046.0,1046.0,0.0,520.0,520.0,0.0,376.0,376.0,0.0,786.0,786.0,0.0,1212.0,1212.0,0.0,1545.0,1545.0,0.0
2021-12-08,Thursday,12748.0,12138.0,12748.0,9889.0,11313.0,12748.0,8636.0,33.8,1632.0,289.0,112.0,1397.0,4166.0,4166.0,0.0,1251.0,1251.0,0.0,1278.0,1278.0,0.0,965.0,965.0,0.0,500.0,500.0,0.0,369.0,369.0,0.0,804.0,804.0,0.0,1229.0,1229.0,0.0,1576.0,1576.0,0.0
2021-12-09,Sunday,13025.0,12497.0,13105.0,10254.0,11415.0,13025.0,10028.0,34.9,2780.0,9.0,0.0,2453.0,4591.0,4591.0,0.0,1239.0,1239.0,0.0,1333.0,1333.0,0.0,994.0,994.0,0.0,579.0,579.0,0.0,369.0,369.0,0.0,707.0,707.0,0.0,1170.0,1170.0,0.0,1515.0,1515.0,0.0
2021-12-10,Tuesday,13420.0,12916.0,13420.0,9960.0,11973.0,13420.0,9867.0,35.2,2390.0,5.0,0.0,2646.0,4653.0,4653.0,0.0,1346.0,1346.0,0.0,1384.0,1384.0,0.0,937.0,937.0,0.0,581.0,581.0,0.0,406.0,406.0,0.0,730.0,730.0,0.0,1280.0,1280.0,0.0,1599.0,1599.0,0.0
2021-12-11,Friday,8907.0,8633.0,8907.0,6821.0,7487.0,8907.0,6283.0,29.2,2115.0,3.0,0.0,2576.0,3049.0,3049.0,0.0,1181.0,1181.0,0.0,801.0,801.0,0.0,679.0,679.0,0.0,360.0,360.0,0.0,255.0,255.0,0.0,504.0,504.0,0.0,831.0,831.0,0.0,973.0,973.0,0.0
2021-12-12,Sunday,9246.0,8708.0,9246.0,5857.0,7833.0,9246.0,5777.0,26.7,2483.0,0.0,0.0,4032.0,3177.0,3177.0,0.0,976.0,976.0,0.0,896.0,896.0,0.0,695.0,695.0,0.0,336.0,336.0,0.0,233.0,233.0,0.0,600.0,600.0,0.0,738.0,738.0,0.0,1057.0,1057.0,0.0
2021-12-13,Monday,9313.0,8816.0,9313.0,5777.0,7769.0,9313.0,5814.0,26.9,2651.0,0.0,0.0,3490.0,3227.0,3227.0,0.0,1039.0,1039.0,0.0,906.0,906.0,0.0,714.0,714.0,0.0,331.0,331.0,0.0,239.0,239.0,0.0,602.0,602.0,0.0,727.0,727.0,0.0,1031.0,1031.0,0.0
2021-12-14,Tuesday,9221.0,8896.0,9221.0,5814.0,7638.0,9221.0,5793.0,26.7,2491.0,0.0,0.0,3212.0,3299.0,3299.0,0.0,1014.0,1014.0,0.0,884.0,884.0,0.0,706.0,706.0,0.0,336.0,336.0,0.0,260.0,260.0,0.0,597.0,597.0,0.0,745.0,745.0,0.0,1055.0,1055.0,0.0
2021-12-15,Wednesday,9137.0,8783.0,9137.0,5793.0,7828.0,9137.0,5785.0,26.8,2294.0,0.0,0.0,3321.0,3197.0,3197.0,0.0,1001.0,1001.0,0.0,897.0,897.0,0.0,701.0,701.0,0.0,335.0,335.0,0.0,246.0,246.0,0.0,615.0,615.0,0.0,744.0,744.0,0.0,1047.0,1047.0,0.0
2021-12-16,Thursday,7802.0,7430.0,7802.0,5785.0,6480.0,7802.0,5167.0,27.2,2353.0,0.0,0.0,3396.0,2369.0,2369.0,0.0,810.0,810.0,0.0,813.0,813.0,0.0,659.0,659.0,0.0,315.0,315.0,0.0,239.0,239.0,0.0,547.0,547.0,0.0,707.0,707.0,0.0,971.0,971.0,0.0
2021-12-17,Friday,7955.0,7721.0,7955.0,5167.0,6418.0,7955.0,5267.0,27.0,2306.0,0.0,158.0,3724.0,2569.0,2569.0,0.0,878.0,878.0,0.0,812.0,812.0,0.0,671.0,671.0,0.0,320.0,320.0,0.0,230.0,230.0,0.0,566.0,566.0,0.0,711.0,711.0,0.0,964.0,964.0,0.0
2021-12-18,Saturday,9047.0,8746.0,9047.0,5267.0,6938.0,9047.0,5611.0,27.0,2208.0,0.0,153.0,3707.0,3183.0,3183.0,0.0,1012.0,1012.0,0.0,862.0,862.0,0.0,719.0,719.0,0.0,333.0,333.0,0.0,243.0,243.0,0.0,619.0,619.0,0.0,727.0,727.0,0.0,1048.0,1048.0,0.0
2021-12-19,Sunday,9061.0,8712.0,9061.0,5611.0,7644.0,9061.0,5684.0,24.2,2295.0,0.0,153.0,3531.0,3179.0,3179.0,0.0,968.0,968.0,0.0,892.0,892.0,0.0,706.0,706.0,0.0,325.0,325.0,0.0,242.0,242.0,0.0,608.0,608.0,0.0,730.0,730.0,0.0,1062.0,1062.0,0.0
2021-12-20,Monday,9082.0,8790.0,9082.0,5684.0,7604.0,9082.0,5799.0,24.0,2160.0,0.0,184.0,4258.0,3242.0,3242.0,0.0,930.0,930.0,0.0,881.0,881.0,0.0,720.0,720.0,0.0,328.0,328.0,0.0,245.0,245.0,0.0,614.0,614.0,0.0,742.0,742.0,0.0,1088.0,1088.0,0.0
2021-12-21,Tuesday,9336.0,8979.0,9336.0,5799.0,7803.0,9336.0,5832.0,24.6,2292.0,0.0,144.0,3358.0,3278.0,3278.0,0.0,1080.0,1080.0,0.0,900.0,900.0,0.0,717.0,717.0,0.0,332.0,332.0,0.0,231.0,231.0,0.0,627.0,627.0,0.0,733.0,733.0,0.0,1081.0,1081.0,0.0
2021-12-22,Wednesday,9312.0,8889.0,9312.0,5832.0,7959.0,9312.0,5853.0,24.2,2342.0,0.0,146.0,3406.0,3258.0,3258.0,0.0,1030.0,1030.0,0.0,880.0,880.0,0.0,726.0,726.0,0.0,329.0,329.0,0.0,247.0,247.0,0.0,622.0,622.0,0.0,720.0,720.0,0.0,1077.0,1077.0,0.0
2021-12-23,Thursday,9245.0,8855.0,9245.0,5853.0,7927.0,9245.0,5837.0,25.3,2768.0,0.0,144.0,3817.0,3226.0,3226.0,0.0,1027.0,1027.0,0.0,877.0,877.0,0.0,720.0,720.0,0.0,333.0,333.0,0.0,254.0,254.0,0.0,603.0,603.0,0.0,741.0,741.0,0.0,1074.0,1074.0,0.0
2021-12-24,Friday,8150.0,7806.0,8150.0,5837.0,6700.0,8150.0,5452.0,26.4,2832.0,0.0,144.0,3007.0,2590.0,2590.0,0.0,920.0,920.0,0.0,830.0,830.0,0.0,666.0,666.0,0.0,319.0,319.0,0.0,241.0,241.0,0.0,562.0,562.0,0.0,696.0,696.0,0.0,982.0,982.0,0.0
2021-12-25,Saturday,9013.0,8604.0,9013.0,5452.0,7631.0,9013.0,5837.0,27.0,2792.0,0.0,144.0,3058.0,3143.0,3143.0,0.0,953.0,953.0,0.0,876.0,876.0,0.0,699.0,699.0,0.0,331.0,331.0,0.0,241.0,241.0,0.0,611.0,611.0,0.0,705.0,705.0,0.0,1045.0,1045.0,0.0
2021-12-26,Sunday,9149.0,8752.0,9149.0,5837.0,7598.0,9149.0,5861.0,26.5,2818.0,0.0,144.0,3037.0,3211.0,3211.0,0.0,1078.0,1078.0,0.0,853.0,853.0,0.0,699.0,699.0,0.0,325.0,325.0,0.0,250.0,250.0,0.0,590.0,590.0,0.0,684.0,684.0,0.0,1062.0,1062.0,0.0
2021-12-27,Monday,9446.0,8994.0,9446.0,5861.0,7888.0,9446.0,5991.0,27.2,3931.0,160.0,144.0,3309.0,3298.0,3298.0,0.0,1059.0,1059.0,0.0,902.0,902.0,0.0,716.0,716.0,0.0,334.0,334.0,0.0,248.0,248.0,0.0,619.0,619.0,0.0,730.0,730.0,0.0,1088.0,1088.0,0.0
2021-12-28,Tuesday,9368.0,9004.0,9368.0,5991.0,7942.0,9368.0,5943.0,26.1,4241.0,160.0,150.0,3149.0,3339.0,3339.0,0.0,1038.0,1038.0,0.0,902.0,902.0,0.0,735.0,735.0,0.0,332.0,332.0,0.0,255.0,255.0,0.0,612.0,612.0,0.0,735.0,735.0,0.0,1056.0,1056.0,0.0
2021-12-29,Wednesday,9398.0,9048.0,9398.0,5943.0,8046.0,9398.0,5947.0,25.1,3983.0,159.0,144.0,3114.0,3294.0,3294.0,0.0,1116.0,1116.0,0.0,883.0,883.0,0.0,716.0,716.0,0.0,333.0,333.0,0.0,256.0,256.0,0.0,614.0,614.0,0.0,753.0,753.0,0.0,1083.0,1083.0,0.0
2021-12-30,Thursday,9302.0,9018.0,9302.0,5947.0,8088.0,9302.0,5879.0,26.1,3901.0,160.0,144.0,3021.0,3283.0,3283.0,0.0,1093.0,1093.0,0.0,889.0,889.0,0.0,724.0,724.0,0.0,335.0,335.0,0.0,248.0,248.0,0.0,613.0,613.0,0.0,751.0,751.0,0.0,1082.0,1082.0,0.0
2021-12-31,Friday,8193.0,7922.0,8193.0,5879.0,6768.0,8193.0,5492.0,27.1,4107.0,147.0,150.0,3052.0,2581.0,2581.0,0.0,956.0,956.0,0.0,824.0,824.0,0.0,698.0,698.0,0.0,321.0,321.0,0.0,241.0,241.0,0.0,582.0,582.0,0.0,711.0,711.0,0.0,1008.0,1008.0,0.0
2022-01-01,Sunday,9239.0,8874.0,9239.0,5988.0,8127.0,9239.0,5954.0,24.4,2522.0,199.0,207.0,3816.0,3119.0,3119.0,0.0,948.0,948.0,0.0,930.0,930.0,0.0,761.0,761.0,0.0,341.0,341.0,0.0,260.0,260.0,0.0,613.0,613.0,0.0,798.0,798.0,0.0,1105.0,1105.0,0.0
2022-01-02,Tuesday,9775.0,9648.0,9775.0,6140.0,8977.0,9775.0,6103.0,25.8,5198.0,159.0,184.0,2010.0,3593.0,3593.0,0.0,970.0,970.0,0.0,1039.0,1039.0,0.0,869.0,869.0,0.0,333.0,333.0,0.0,248.0,248.0,0.0,714.0,714.0,0.0,764.0,764.0,0.0,1118.0,1118.0,0.0
2022-01-03,Tuesday,10490.0,10087.0,10490.0,7038.0,9499.0,10490.0,6945.0,31.1,3979.0,77.0,184.0,2675.0,3661.0,3661.0,0.0,1087.0,1087.0,0.0,1081.0,1081.0,0.0,920.0,920.0,0.0,352.0,352.0,0.0,258.0,258.0,0.0,698.0,698.0,0.0,859.0,859.0,0.0,1171.0,1171.0,0.0
2022-01-04,Friday,12585.0,12092.53,12585.0,9354.0,10180.0,12585.0,10170.0,34.5,1817.0,74.0,163.0,2769.0,4136.0,4136.0,0.0,1210.0,1210.0,0.0,1486.0,1486.0,0.0,1080.0,1080.0,0.0,436.0,436.0,0.0,365.0,365.0,0.0,608.0,608.0,0.0,1214.0,1214.0,0.0,1558.0,1558.0,0.0
2022-01-05,Sunday,11978.0,11741.0,12006.0,7413.0,8519.0,11978.0,6408.0,35.6,2232.0,85.0,195.0,1154.0,3515.0,3515.0,0.0,1194.0,1194.0,0.0,1362.0,1362.0,0.0,1041.0,1041.0,0.0,472.0,472.0,0.0,428.0,428.0,0.0,709.0,709.0,0.0,1369.0,1369.0,0.0,1651.0,1651.0,0.0
2022-01-06,Wednesday,13797.0,13278.0,13797.0,10307.0,11886.0,13797.0,10247.0,33.8,2677.0,184.0,162.0,1910.0,4741.0,4741.0,0.0,1309.0,1309.0,0.0,1407.0,1407.0,0.0,1089.0,1089.0,0.0,561.0,561.0,0.0,372.0,372.0,0.0,939.0,939.0,0.0,1239.0,1239.0,0.0,1621.0,1621.0,0.0
2022-01-07,Friday,13119.0,12643.0,13203.0,10047.0,10833.0,13119.0,10359.0,32.4,1779.0,184.0,0.0,1962.0,4398.0,4398.0,0.0,1292.0,1292.0,0.0,1372.0,1372.0,0.0,1118.0,1118.0,0.0,483.0,483.0,0.0,372.0,372.0,0.0,877.0,877.0,0.0,1142.0,1142.0,0.0,1588.0,1588.0,0.0
2022-01-08,Monday,13800.0,12652.0,12755.0,10364.0,10429.0,12755.0,10520.0,33.2,2598.0,85.0,0.0,2376.0,4655.0,4535.0,120.0,1349.0,1349.0,0.0,1156.0,1156.0,0.0,943.0,943.0,0.0,499.0,499.0,0.0,392.0,392.0,0.0,796.0,796.0,0.0,1216.0,1106.0,110.0,1646.0,1466.0,180.0
2022-01-09,Thursday,14695.0,14027.0,13732.0,11508.0,11914.0,13712.0,10835.0,35.1,3067.0,0.0,0.0,1922.0,5002.0,4665.0,337.0,1353.0,1353.0,0.0,1477.0,1305.0,172.0,1089.0,1022.0,67.0,586.0,576.0,10.0,406.0,406.0,0.0,913.0,848.0,65.0,1401.0,1337.0,64.0,1799.0,1608.0,191.0
2022-01-10,Saturday,14300.0,13513.0,12773.0,10525.0,11274.0,12773.0,8531.0,34.4,3294.0,0.0,0.0,1831.0,4867.0,4377.0,490.0,1161.0,1161.0,0.0,1432.0,1265.0,167.0,1161.0,1042.0,119.0,636.0,492.0,144.0,399.0,399.0,0.0,892.0,731.0,161.0,1239.0,1150.0,89.0,1726.0,1489.0,237.0
2022-01-11,Tuesday,12350.0,11866.0,11710.0,8587.0,9755.0,11710.0,8712.0,33.3,3836.0,0.0,0.0,2919.0,4619.0,4517.0,102.0,1394.0,1394.0,0.0,1072.0,987.0,85.0,944.0,876.0,68.0,460.0,431.0,29.0,320.0,320.0,0.0,667.0,589.0,78.0,1106.0,999.0,107.0,1284.0,1163.0,121.0
2022-01-12,Thursday,10550.0,10110.0,10346.0,7382.0,9246.0,10346.0,6923.0,30.4,3234.0,199.0,184.0,2491.0,3864.0,3752.0,112.0,1186.0,1186.0,0.0,956.0,956.0,0.0,773.0,697.0,76.0,406.0,406.0,0.0,251.0,251.0,0.0,655.0,655.0,0.0,888.0,888.0,0.0,1130.0,1130.0,0.0
2022-01-13,Thursday,9643.0,9579.0,9643.0,5763.0,8555.0,9643.0,6166.0,26.6,4638.0,160.0,149.0,2410.0,3664.0,3664.0,0.0,1036.0,1036.0,0.0,939.0,939.0,0.0,837.0,837.0,0.0,345.0,345.0,0.0,245.0,245.0,0.0,663.0,663.0,0.0,764.0,764.0,0.0,1086.0,1086.0,0.0
2022-01-14,Friday,8349.0,8040.0,8349.0,6166.0,7236.0,8349.0,5708.0,22.4,4488.0,159.0,150.0,2481.0,2661.0,2661.0,0.0,856.0,856.0,0.0,876.0,876.0,0.0,785.0,785.0,0.0,317.0,317.0,0.0,243.0,243.0,0.0,579.0,579.0,0.0,735.0,735.0,0.0,988.0,988.0,0.0
2022-01-15,Saturday,9604.0,9489.0,9604.0,5708.0,7688.0,9604.0,6079.0,24.2,4471.0,159.0,153.0,2502.0,3553.0,3553.0,0.0,1076.0,1076.0,0.0,950.0,950.0,0.0,824.0,824.0,0.0,329.0,329.0,0.0,242.0,242.0,0.0,652.0,652.0,0.0,760.0,760.0,0.0,1103.0,1103.0,0.0
2022-01-16,Sunday,9676.0,9530.0,9676.0,6079.0,8286.0,9676.0,6021.0,24.4,4880.0,160.0,165.0,2448.0,3524.0,3524.0,0.0,1031.0,1031.0,0.0,992.0,992.0,0.0,866.0,866.0,0.0,338.0,338.0,0.0,237.0,237.0,0.0,658.0,658.0,0.0,777.0,777.0,0.0,1107.0,1107.0,0.0
2022-01-17,Monday,9771.0,9631.0,9771.0,6021.0,8276.0,9771.0,6164.0,26.4,4984.0,159.0,154.0,2140.0,3704.0,3704.0,0.0,1007.0,1007.0,0.0,997.0,997.0,0.0,850.0,850.0,0.0,330.0,330.0,0.0,247.0,247.0,0.0,630.0,630.0,0.0,763.0,763.0,0.0,1103.0,1103.0,0.0
2022-01-18,Tuesday,9829.0,9542.0,9829.0,6164.0,8453.0,9829.0,6262.0,25.7,4978.0,74.0,154.0,2215.0,3560.0,3560.0,0.0,1021.0,1021.0,0.0,999.0,999.0,0.0,871.0,871.0,0.0,335.0,335.0,0.0,245.0,245.0,0.0,658.0,658.0,0.0,772.0,772.0,0.0,1081.0,1081.0,0.0
2022-01-19,Wednesday,9853.0,9640.0,9853.0,6262.0,8575.0,9853.0,6237.0,24.6,4969.0,159.0,154.0,2180.0,3568.0,3568.0,0.0,1058.0,1058.0,0.0,1013.0,1013.0,0.0,875.0,875.0,0.0,335.0,335.0,0.0,243.0,243.0,0.0,661.0,661.0,0.0,778.0,778.0,0.0,1109.0,1109.0,0.0
2022-01-20,Thursday,9783.0,9562.0,9783.0,6237.0,8645.0,9783.0,6097.0,24.4,5211.0,160.0,154.0,2077.0,3581.0,3581.0,0.0,1016.0,1016.0,0.0,1004.0,1004.0,0.0,864.0,864.0,0.0,331.0,331.0,0.0,250.0,250.0,0.0,682.0,682.0,0.0,737.0,737.0,0.0,1097.0,1097.0,0.0
2022-01-21,Friday,8615.0,8497.0,8615.0,6097.0,7503.0,8615.0,5754.0,24.8,5116.0,159.0,154.0,2097.0,2785.0,2785.0,0.0,991.0,991.0,0.0,940.0,940.0,0.0,843.0,843.0,0.0,326.0,326.0,0.0,240.0,240.0,0.0,637.0,637.0,0.0,719.0,719.0,0.0,1016.0,1016.0,0.0
2022-01-22,Saturday,9673.0,9530.0,9673.0,5754.0,8154.0,9673.0,6205.0,24.3,5115.0,159.0,154.0,2037.0,3521.0,3521.0,0.0,1035.0,1035.0,0.0,977.0,977.0,0.0,886.0,886.0,0.0,340.0,340.0,0.0,245.0,245.0,0.0,668.0,668.0,0.0,783.0,783.0,0.0,1075.0,1075.0,0.0
2022-01-23,Sunday,9735.0,9512.0,9735.0,6205.0,8883.0,9735.0,5596.0,24.4,5192.0,159.0,154.0,2107.0,3587.0,3587.0,0.0,998.0,998.0,0.0,976.0,976.0,0.0,824.0,824.0,0.0,336.0,336.0,0.0,243.0,243.0,0.0,678.0,678.0,0.0,780.0,780.0,0.0,1090.0,1090.0,0.0
2022-01-24,Monday,9894.0,9675.0,9894.0,5596.0,8804.0,9894.0,6289.0,25.0,5169.0,159.0,152.0,2087.0,3538.0,3538.0,0.0,1073.0,1073.0,0.0,1005.0,1005.0,0.0,892.0,892.0,0.0,344.0,344.0,0.0,253.0,253.0,0.0,697.0,697.0,0.0,761.0,761.0,0.0,1112.0,1112.0,0.0
2022-01-25,Tuesday,10021.0,9770.0,10021.0,6289.0,8842.0,10021.0,6434.0,26.5,5314.0,159.0,151.0,2100.0,3576.0,3576.0,0.0,1108.0,1108.0,0.0,1015.0,1015.0,0.0,888.0,888.0,0.0,343.0,343.0,0.0,246.0,246.0,0.0,706.0,706.0,0.0,791.0,791.0,0.0,1097.0,1097.0,0.0
2022-01-26,Wednesday,9699.0,9490.0,9699.0,6434.0,8795.0,9699.0,6218.0,26.2,5389.0,159.0,147.0,2070.0,3434.0,3434.0,0.0,1101.0,1101.0,0.0,1004.0,1004.0,0.0,853.0,853.0,0.0,332.0,332.0,0.0,251.0,251.0,0.0,697.0,697.0,0.0,776.0,776.0,0.0,1042.0,1042.0,0.0
2022-01-27,Thursday,9959.0,9746.0,9959.0,6218.0,8843.0,9959.0,6256.0,23.2,5327.0,159.0,146.0,2030.0,3538.0,3538.0,0.0,1125.0,1125.0,0.0,1020.0,1020.0,0.0,871.0,871.0,0.0,339.0,339.0,0.0,240.0,240.0,0.0,720.0,720.0,0.0,766.0,766.0,0.0,1127.0,1127.0,0.0
2022-01-28,Friday,8683.0,8408.0,8683.0,6256.0,7718.0,8683.0,5727.0,21.6,5233.0,160.0,146.0,2110.0,2707.0,2707.0,0.0,906.0,906.0,0.0,967.0,967.0,0.0,841.0,841.0,0.0,316.0,316.0,0.0,231.0,231.0,0.0,685.0,685.0,0.0,720.0,720.0,0.0,1035.0,1035.0,0.0
2022-01-29,Saturday,9869.0,9700.0,9869.0,5727.0,8280.0,9869.0,6191.0,21.6,5042.0,160.0,148.0,2100.0,3501.0,3501.0,0.0,1064.0,1064.0,0.0,1027.0,1027.0,0.0,898.0,898.0,0.0,331.0,331.0,0.0,242.0,242.0,0.0,729.0,729.0,0.0,776.0,776.0,0.0,1132.0,1132.0,0.0
2022-01-30,Sunday,9867.0,9627.0,9867.0,6191.0,8945.0,9867.0,6119.0,22.8,5370.0,159.0,147.0,2040.0,3506.0,3506.0,0.0,1028.0,1028.0,0.0,1020.0,1020.0,0.0,866.0,866.0,0.0,337.0,337.0,0.0,236.0,236.0,0.0,719.0,719.0,0.0,780.0,780.0,0.0,1135.0,1135.0,0.0
2022-01-31,Monday,9801.0,9657.0,9801.0,6119.0,8869.0,9801.0,6140.0,24.0,5276.0,159.0,147.0,2060.0,3540.0,3540.0,0.0,1058.0,1058.0,0.0,1007.0,1007.0,0.0,857.0,857.0,0.0,335.0,335.0,0.0,245.0,245.0,0.0,710.0,710.0,0.0,778.0,778.0,0.0,1127.0,1127.0,0.0
2022-02-01,Monday,9425.0,9036.0,9425.0,5954.0,8126.0,9425.0,6081.0,26.0,2528.0,199.0,184.0,3259.0,3354.0,3354.0,0.0,894.0,894.0,0.0,811.0,811.0,0.0,769.0,769.0,0.0,355.0,355.0,0.0,255.0,255.0,0.0,642.0,642.0,0.0,828.0,828.0,0.0,1129.0,1129.0,0.0
2022-02-02,Wednesday,10011.0,9830.0,10011.0,6103.0,8934.0,10011.0,6186.0,27.7,5132.0,160.0,184.0,1880.0,3590.0,3590.0,0.0,1098.0,1098.0,0.0,1027.0,1027.0,0.0,884.0,884.0,0.0,336.0,336.0,0.0,237.0,237.0,0.0,734.0,734.0,0.0,785.0,785.0,0.0,1139.0,1139.0,0.0
2022-02-03,Wednesday,10667.0,10300.0,10667.0,6945.0,9491.0,10667.0,6983.0,30.8,4182.0,74.0,184.0,3045.0,3861.0,3861.0,0.0,1124.0,1124.0,0.0,1079.0,1079.0,0.0,900.0,900.0,0.0,348.0,348.0,0.0,258.0,258.0,0.0,711.0,711.0,0.0,844.0,844.0,0.0,1175.0,1175.0,0.0
2022-02-04,Saturday,13718.0,13205.55,13730.0,10080.0,10811.0,13718.0,10322.0,33.4,2069.0,75.0,163.0,2758.0,4713.0,4713.0,0.0,1285.0,1285.0,0.0,1485.0,1485.0,0.0,1043.0,1043.0,0.0,509.0,509.0,0.0,400.0,400.0,0.0,744.0,744.0,0.0,1288.0,1288.0,0.0,1739.0,1739.0,0.0
2022-02-05,Monday,10798.0,10347.0,10882.0,6408.0,7540.0,10798.0,6953.0,33.4,2274.0,85.0,195.0,1153.0,3019.0,3019.0,0.0,1034.0,1034.0,0.0,1176.0,1176.0,0.0,959.0,959.0,0.0,429.0,429.0,0.0,402.0,402.0,0.0,606.0,606.0,0.0,1253.0,1253.0,0.0,1469.0,1469.0,0.0
2022-02-06,Thursday,13474.0,12826.0,13474.0,10247.0,11829.0,13474.0,9574.0,33.7,2345.0,184.0,162.0,1910.0,4721.0,4721.0,0.0,1320.0,1320.0,0.0,1114.0,1114.0,0.0,1078.0,1078.0,0.0,518.0,518.0,0.0,380.0,380.0,0.0,918.0,918.0,0.0,1199.0,1199.0,0.0,1578.0,1578.0,0.0
2022-02-07,Saturday,13107.0,12741.0,13107.0,10359.0,11582.0,13107.0,11004.0,34.3,1769.0,184.0,0.0,1962.0,4713.0,4573.0,140.0,1283.0,1243.0,40.0,1304.0,1244.0,60.0,1067.0,1017.0,50.0,444.0,404.0,40.0,378.0,378.0,0.0,791.0,721.0,70.0,1183.0,1133.0,50.0,1578.0,1528.0,50.0
2022-02-08,Tuesday,13800.0,13087.0,12455.0,10520.0,10830.0,12392.0,10862.0,32.1,2555.0,85.0,0.0,2356.0,4581.0,4191.0,390.0,1505.0,1415.0,90.0,1388.0,1238.0,150.0,1019.0,849.0,170.0,523.0,463.0,60.0,398.0,398.0,0.0,826.0,718.0,108.0,1261.0,1101.0,160.0,1587.0,1417.0,170.0
2022-02-09,Friday,13492.0,12982.0,13262.0,10825.0,11272.0,13262.0,10129.0,34.7,2503.0,0.0,0.0,2071.0,4651.0,4601.0,50.0,1279.0,1279.0,0.0,1267.0,1267.0,0.0,1082.0,920.0,162.0,538.0,538.0,0.0,398.0,398.0,0.0,808.0,808.0,0.0,1277.0,1277.0,0.0,1682.0,1682.0,0.0
2022-02-10,Sunday,13372.0,12736.0,12369.0,8531.0,10572.0,12369.0,9678.0,31.5,3965.0,0.0,0.0,1820.0,4504.0,4256.0,248.0,1288.0,1288.0,0.0,1400.0,1258.0,142.0,1067.0,951.0,116.0,570.0,464.0,106.0,366.0,366.0,0.0,806.0,716.0,90.0,1156.0,1092.0,64.0,1579.0,1421.0,158.0
2022-02-11,Wednesday,12160.0,11715.0,11816.0,8712.0,9829.0,11816.0,8666.0,33.2,3485.0,0.0,0.0,3000.0,4528.0,4528.0,0.0,1385.0,1385.0,0.0,1077.0,1077.0,0.0,932.0,815.0,117.0,482.0,412.0,70.0,302.0,302.0,0.0,629.0,629.0,0.0,1160.0,1030.0,130.0,1221.0,1221.0,0.0
2022-02-12,Friday,8976.0,8842.0,8976.0,6923.0,8089.0,8976.0,6288.0,29.6,3113.0,199.0,184.0,2609.0,3276.0,3276.0,0.0,930.0,930.0,0.0,882.0,882.0,0.0,716.0,716.0,0.0,368.0,368.0,0.0,236.0,236.0,0.0,625.0,625.0,0.0,785.0,785.0,0.0,1024.0,1024.0,0.0
2022-02-13,Sunday,9873.0,9232.09,9873.0,6095.0,8773.0,9873.0,6188.0,27.2,4494.0,160.0,184.0,2447.0,3253.375,3253.375,0.0,950.8,950.8,0.0,1009.0,1009.0,0.0,884.0,884.0,0.0,343.0,343.0,0.0,241.0,241.0,0.0,695.0,695.0,0.0,721.0,721.0,0.0,1047.4,1047.4,0.0
2022-02-14,Monday,10004.0,9442.34,10004.0,6188.0,8748.0,10004.0,6308.0,27.4,4468.0,160.0,184.0,2457.0,3230.75,3230.75,0.0,971.6,971.6,0.0,1007.4285714285714,1007.4285714285714,0.0,890.0,890.0,0.0,344.0,344.0,0.0,238.0,238.0,0.0,707.0,707.0,0.0,713.0,713.0,0.0,1070.8,1070.8,0.0
2022-02-15,Tuesday,9913.0,9427.6,9913.0,6308.0,8913.0,9913.0,6239.0,27.5,4404.0,159.0,200.0,2547.0,3208.125,3208.125,0.0,992.4,992.4,0.0,1005.8571428571429,1005.8571428571429,0.0,888.0,888.0,0.0,346.0,346.0,0.0,245.0,245.0,0.0,712.0,712.0,0.0,610.0,610.0,0.0,1094.2,1094.2,0.0
2022-02-16,Wednesday,9951.0,9497.73,9951.0,6239.0,8992.0,9951.0,6343.0,28.0,4317.0,159.0,184.0,2458.0,3185.5,3185.5,0.0,1013.2,1013.2,0.0,1004.2857142857143,1004.2857142857143,0.0,888.0,888.0,0.0,346.0,346.0,0.0,238.0,238.0,0.0,695.0,695.0,0.0,715.0,715.0,0.0,1117.6,1117.6,0.0
2022-02-17,Thursday,10099.0,9633.47,10099.0,6343.0,9145.0,10099.0,6364.0,27.8,4577.0,159.0,158.0,2078.0,3162.875,3162.875,0.0,1034.0,1034.0,0.0,1002.7142857142857,1002.7142857142857,0.0,894.0,894.0,0.0,337.0,337.0,0.0,247.0,247.0,0.0,696.0,696.0,0.0,747.0,747.0,0.0,1141.0,1141.0,0.0
2022-02-18,Friday,8785.0,8357.64,8785.0,6364.0,7737.0,8785.0,5917.0,28.0,4747.0,159.0,156.0,2098.0,3140.25,3140.25,0.0,1023.6666666666666,1023.6666666666666,0.0,1001.1428571428571,1001.1428571428571,0.0,843.0,843.0,0.0,328.0,328.0,0.0,237.0,237.0,0.0,619.0,619.0,0.0,715.0,715.0,0.0,1122.6666666666667,1122.6666666666667,0.0
2022-02-19,Saturday,10000.0,9409.26,10000.0,5917.0,8582.0,10000.0,6317.0,27.7,4517.0,159.0,158.0,2118.0,3117.625,3117.625,0.0,1013.3333333333334,1013.3333333333334,0.0,999.5714285714286,999.5714285714286,0.0,893.0,893.0,0.0,355.0,355.0,0.0,235.0,235.0,0.0,719.0,719.0,0.0,737.0,737.0,0.0,1104.3333333333333,1104.3333333333333,0.0
2022-02-20,Sunday,9542.0,9006.0,9542.0,6317.0,9002.0,9542.0,6020.0,27.6,4779.0,159.0,170.0,2118.0,3095.0,3095.0,0.0,1003.0,1003.0,0.0,998.0,998.0,0.0,801.0,801.0,0.0,337.0,337.0,0.0,245.0,245.0,0.0,682.0,682.0,0.0,759.0,759.0,0.0,1086.0,1086.0,0.0
2022-02-21,Monday,8561.0,8169.0,8561.0,6020.0,7730.0,8561.0,5726.0,27.8,4812.0,159.0,160.0,2148.0,2561.0,2561.0,0.0,810.0,810.0,0.0,1017.0,1017.0,0.0,835.0,835.0,0.0,300.0,300.0,0.0,240.0,240.0,0.0,602.0,602.0,0.0,755.0,755.0,0.0,1049.0,1049.0,0.0
2022-02-22,Tuesday,9947.0,9604.0,9947.0,5726.0,8832.0,9947.0,6502.0,28.8,4644.0,160.0,160.0,2108.0,3458.0,3458.0,0.0,1070.0,1070.0,0.0,1027.0,1027.0,0.0,865.0,865.0,0.0,339.0,339.0,0.0,252.0,252.0,0.0,697.0,697.0,0.0,778.0,778.0,0.0,1118.0,1118.0,0.0
2022-02-23,Wednesday,10262.0,9831.0,10262.0,6502.0,9090.0,10262.0,6544.0,28.7,4606.0,159.0,162.0,2068.0,3566.0,3566.0,0.0,1076.0,1076.0,0.0,1061.0,1061.0,0.0,910.0,910.0,0.0,338.0,338.0,0.0,252.0,252.0,0.0,678.0,678.0,0.0,810.0,810.0,0.0,1140.0,1140.0,0.0
2022-02-24,Thursday,10225.0,9810.0,10225.0,6544.0,9254.0,10225.0,6215.0,30.3,4458.0,159.0,184.0,2128.0,3546.0,3546.0,0.0,1104.0,1104.0,0.0,1019.0,1019.0,0.0,870.0,870.0,0.0,347.0,347.0,0.0,252.0,252.0,0.0,686.0,686.0,0.0,802.0,802.0,0.0,1184.0,1184.0,0.0
2022-02-25,Friday,8937.0,8499.0,8937.0,6215.0,7966.0,8937.0,6227.0,30.6,4255.0,159.0,184.0,2671.0,2889.0,2889.0,0.0,914.0,914.0,0.0,951.0,951.0,0.0,828.0,828.0,0.0,332.0,332.0,0.0,244.0,244.0,0.0,487.0,487.0,0.0,782.0,782.0,0.0,1072.0,1072.0,0.0
2022-02-26,Saturday,10361.0,9985.0,10381.0,6227.0,9028.0,10361.0,6754.0,30.8,4262.0,159.0,184.0,2273.0,3700.0,3700.0,0.0,1122.0,1122.0,0.0,1050.0,1050.0,0.0,890.0,890.0,0.0,344.0,344.0,0.0,260.0,260.0,0.0,641.0,641.0,0.0,796.0,796.0,0.0,1182.0,1182.0,0.0
2022-02-27,Sunday,9939.0,9617.0,9939.0,6754.0,9422.0,9939.0,6716.0,32.0,3974.0,159.0,184.0,2783.0,3739.0,3739.0,0.0,1159.0,1159.0,0.0,988.0,988.0,0.0,857.0,857.0,0.0,358.0,358.0,0.0,189.0,189.0,0.0,686.0,686.0,0.0,852.0,852.0,0.0,789.0,789.0,0.0
2022-02-28,Monday,10737.0,10337.0,10737.0,6716.0,9529.0,10737.0,7038.0,31.0,3985.0,159.0,184.0,2663.0,3947.0,3947.0,0.0,1096.0,1096.0,0.0,1074.0,1074.0,0.0,893.0,893.0,0.0,359.0,359.0,0.0,260.0,260.0,0.0,682.0,682.0,0.0,853.0,853.0,0.0,1173.0,1173.0,0.0
2022-03-01,Monday,9342.0,8709.0,9342.0,5706.0,7761.0,9342.0,5837.0,23.0,4029.0,160.0,144.0,3201.0,3233.0,3233.0,0.0,892.0,892.0,0.0,892.0,892.0,0.0,725.0,725.0,0.0,341.0,341.0,0.0,240.0,240.0,0.0,614.0,614.0,0.0,751.0,751.0,0.0,1021.0,1021.0,0.0
2022-03-02,Thursday,9784.0,9662.0,9784.0,6186.0,9086.0,9784.0,5908.0,26.6,5075.0,159.0,184.0,2040.0,3605.0,3605.0,0.0,1059.0,1059.0,0.0,999.0,999.0,0.0,777.0,777.0,0.0,338.0,338.0,0.0,245.0,245.0,0.0,720.0,720.0,0.0,780.0,780.0,0.0,1139.0,1139.0,0.0
2022-03-03,Thursday,10844.0,10405.0,10844.0,6983.0,9486.0,10844.0,6980.0,31.2,3766.0,79.0,184.0,3429.0,3847.0,3847.0,0.0,1173.0,1173.0,0.0,1078.0,1078.0,0.0,921.0,921.0,0.0,364.0,364.0,0.0,258.0,258.0,0.0,703.0,703.0,0.0,858.0,858.0,0.0,1203.0,1203.0,0.0
2022-03-04,Sunday,13601.0,13259.35,13142.0,10322.0,11724.0,13130.0,9875.0,33.0,2803.0,0.0,160.0,2756.0,4912.0,4801.0,111.0,1289.0,1289.0,0.0,1389.0,1220.0,169.0,1091.0,930.0,161.0,497.0,497.0,0.0,409.0,409.0,0.0,714.0,683.0,31.0,1275.0,1275.0,0.0,1684.0,1556.0,128.0
2022-03-05,Tuesday,7880.0,7528.0,10281.0,6014.0,6014.0,7880.0,5611.0,29.1,3185.0,85.0,195.0,1153.0,2265.0,2265.0,0.0,779.0,779.0,0.0,878.0,878.0,0.0,700.0,700.0,0.0,306.0,306.0,0.0,228.0,228.0,0.0,602.0,602.0,0.0,786.0,786.0,0.0,984.0,984.0,0.0
2022-03-06,Friday,12725.0,12304.0,12725.0,9394.0,9939.0,12725.0,9265.0,33.2,2128.0,184.0,162.0,2006.0,4146.0,4146.0,0.0,1171.0,1171.0,0.0,1404.0,1404.0,0.0,1074.0,1074.0,0.0,466.0,466.0,0.0,356.0,356.0,0.0,873.0,873.0,0.0,1159.0,1159.0,0.0,1655.0,1655.0,0.0
2022-03-07,Sunday,13615.0,13050.0,12252.0,11004.0,11251.0,12115.0,10741.0,32.0,3650.0,184.0,0.0,1973.0,4787.0,4387.0,400.0,1360.0,1160.0,200.0,1330.0,1110.0,220.0,1026.0,906.0,120.0,466.0,416.0,50.0,408.0,408.0,0.0,777.0,627.0,150.0,1249.0,1109.0,140.0,1647.0,1427.0,220.0
2022-03-08,Wednesday,13800.0,13226.0,12583.0,10725.0,10779.0,12496.0,10656.0,34.2,2542.0,85.0,0.0,2351.0,4718.0,4473.0,245.0,1484.0,1367.0,117.0,1380.0,1203.0,177.0,1091.0,910.0,181.0,530.0,472.0,58.0,387.0,387.0,0.0,864.0,762.0,102.0,1214.0,1068.0,146.0,1558.0,1382.0,176.0
2022-03-09,Saturday,13762.0,13262.0,13584.0,10129.0,11292.0,13584.0,10301.0,33.8,2561.0,0.0,0.0,2041.0,4938.0,4864.0,74.0,1245.0,1245.0,0.0,1386.0,1386.0,0.0,1031.0,941.0,90.0,509.0,509.0,0.0,401.0,401.0,0.0,815.0,815.0,0.0,1270.0,1270.0,0.0,1667.0,1667.0,0.0
2022-03-10,Monday,12683.0,12156.0,12087.0,9678.0,10146.0,12087.0,9533.0,29.5,3909.0,0.0,0.0,1820.0,4407.0,4387.0,20.0,1300.0,1300.0,0.0,1276.0,1150.0,126.0,1043.0,905.0,138.0,492.0,492.0,0.0,295.0,295.0,0.0,730.0,691.0,39.0,1119.0,1054.0,65.0,1494.0,1333.0,161.0
2022-03-11,Thursday,11389.0,10937.0,11389.0,8666.0,9802.0,11389.0,7698.0,30.2,3554.0,0.0,0.0,2844.0,4305.0,4305.0,0.0,1376.0,1376.0,0.0,1014.0,1014.0,0.0,830.0,830.0,0.0,444.0,444.0,0.0,267.0,267.0,0.0,609.0,609.0,0.0,1002.0,1002.0,0.0,1091.0,1091.0,0.0
2022-03-12,Saturday,10096.0,9708.0,10055.0,6288.0,8152.0,10055.0,6493.0,29.3,3016.0,199.0,195.0,2436.0,3686.0,3686.0,0.0,1123.0,1123.0,0.0,927.0,927.0,0.0,749.0,711.0,38.0,404.0,404.0,0.0,237.0,237.0,0.0,677.0,677.0,0.0,784.0,784.0,0.0,1122.0,1122.0,0.0
2022-03-13,Sunday,11621.0,11059.0,11621.0,8149.0,10708.0,11621.0,8350.0,34.2,2755.0,160.0,184.0,3842.0,4068.0,4068.0,0.0,1249.0,1249.0,0.0,1161.0,1161.0,0.0,946.0,946.0,0.0,434.0,434.0,0.0,288.0,288.0,0.0,696.0,696.0,0.0,974.0,974.0,0.0,1243.0,1243.0,0.0
2022-03-14,Monday,11899.0,11286.0,11899.0,8350.0,10873.0,11899.0,8783.0,34.5,2486.0,82.0,149.0,3862.0,4258.0,4258.0,0.0,1172.0,1172.0,0.0,1176.0,1176.0,0.0,952.0,952.0,0.0,450.0,450.0,0.0,296.0,296.0,0.0,703.0,703.0,0.0,1031.0,1031.0,0.0,1248.0,1248.0,0.0
2022-03-15,Tuesday,12170.0,11493.0,12170.0,8783.0,10955.0,12170.0,8859.0,35.0,2443.0,91.0,149.0,3738.0,4175.0,4175.0,0.0,1244.0,1244.0,0.0,1241.0,1241.0,0.0,997.0,997.0,0.0,458.0,458.0,0.0,306.0,306.0,0.0,718.0,718.0,0.0,1044.0,1044.0,0.0,1310.0,1310.0,0.0
2022-03-16,Wednesday,12631.0,12127.0,12631.0,8859.0,11132.0,12631.0,9296.0,36.4,2072.0,83.0,149.0,3360.0,4488.0,4488.0,0.0,1318.0,1318.0,0.0,1313.0,1313.0,0.0,939.0,939.0,0.0,467.0,467.0,0.0,311.0,311.0,0.0,821.0,821.0,0.0,1082.0,1082.0,0.0,1388.0,1388.0,0.0
2022-03-17,Thursday,12597.0,12100.0,12597.0,9296.0,11164.0,12597.0,9142.0,36.3,1806.0,77.0,149.0,3625.0,4346.0,4346.0,0.0,1321.0,1321.0,0.0,1322.0,1322.0,0.0,964.0,964.0,0.0,435.0,435.0,0.0,310.0,310.0,0.0,875.0,875.0,0.0,1103.0,1103.0,0.0,1424.0,1424.0,0.0
2022-03-18,Friday,11521.0,11079.0,11521.0,9142.0,10217.0,11521.0,8104.0,36.5,1789.0,80.0,149.0,2946.0,3587.0,3587.0,0.0,1211.0,1211.0,0.0,1264.0,1264.0,0.0,970.0,970.0,0.0,439.0,439.0,0.0,309.0,309.0,0.0,841.0,841.0,0.0,1121.0,1121.0,0.0,1337.0,1337.0,0.0
2022-03-19,Saturday,12075.0,11572.0,12075.0,8104.0,9622.0,12075.0,9095.0,36.5,1804.0,87.0,195.0,2783.0,3820.0,3820.0,0.0,1254.0,1254.0,0.0,1371.0,1371.0,0.0,997.0,997.0,0.0,451.0,451.0,0.0,311.0,311.0,0.0,865.0,865.0,0.0,1130.0,1130.0,0.0,1373.0,1373.0,0.0
2022-03-20,Sunday,13038.0,12507.0,13038.0,9095.0,11430.0,13038.0,9572.0,35.6,1799.0,80.0,195.0,2713.0,4618.0,4618.0,0.0,1299.0,1299.0,0.0,1402.0,1402.0,0.0,934.0,934.0,0.0,453.0,453.0,0.0,317.0,317.0,0.0,900.0,900.0,0.0,1117.0,1117.0,0.0,1467.0,1467.0,0.0
2022-03-21,Monday,13024.0,12453.0,13024.0,9572.0,11435.0,13024.0,9683.0,34.6,2198.0,74.0,160.0,2693.0,4634.0,4634.0,0.0,1279.0,1279.0,0.0,1411.0,1411.0,0.0,952.0,952.0,0.0,435.0,435.0,0.0,327.0,327.0,0.0,832.0,832.0,0.0,1104.0,1104.0,0.0,1479.0,1479.0,0.0
2022-03-22,Tuesday,13096.0,12576.0,13096.0,9683.0,11773.0,13096.0,10247.0,35.1,2201.0,74.0,160.0,2713.0,4617.0,4617.0,0.0,1390.0,1390.0,0.0,1426.0,1426.0,0.0,940.0,940.0,0.0,452.0,452.0,0.0,336.0,336.0,0.0,845.0,845.0,0.0,1100.0,1100.0,0.0,1470.0,1470.0,0.0
2022-03-23,Wednesday,13412.0,12860.0,13412.0,10247.0,12003.0,13412.0,10558.0,36.5,2403.0,74.0,160.0,2741.0,4853.0,4853.0,0.0,1301.0,1301.0,0.0,1011.0,1011.0,0.0,1538.0,1538.0,0.0,363.0,363.0,0.0,1373.0,1373.0,0.0,742.0,742.0,0.0,485.0,485.0,0.0,1194.0,1194.0,0.0
2022-03-24,Thursday,13284.0,12877.42,13284.0,10558.0,11630.0,13284.0,9849.0,33.7,2054.0,74.0,160.0,2840.0,4847.0,4847.0,0.0,1276.0,1276.0,0.0,1426.0,1426.0,0.0,973.0,973.0,0.0,449.0,449.0,0.0,344.0,344.0,0.0,843.0,843.0,0.0,1154.0,1154.0,0.0,1565.0,1565.0,0.0
2022-03-25,Friday,12418.0,12066.73,12418.0,9686.0,10407.0,12418.0,9708.0,32.6,1931.0,75.0,163.0,2740.0,4194.0,4194.0,0.0,1232.0,1232.0,0.0,1398.0,1398.0,0.0,1041.0,1041.0,0.0,450.0,450.0,0.0,320.0,320.0,0.0,859.0,859.0,0.0,1139.0,1139.0,0.0,1434.0,1434.0,0.0
2022-03-26,Saturday,12593.0,12214.19,12617.0,9622.0,10189.0,12593.0,10110.0,32.8,1837.0,75.0,162.0,2730.0,4200.0,4200.0,0.0,1166.0,1166.0,0.0,1477.0,1477.0,0.0,1095.0,1095.0,0.0,399.0,399.0,0.0,355.0,355.0,0.0,821.0,821.0,0.0,1183.0,1183.0,0.0,1518.0,1518.0,0.0
2022-03-27,Sunday,13108.0,12759.38,13108.0,10110.0,12116.0,13108.0,10353.0,34.0,1749.0,74.0,158.0,2830.0,4657.0,4657.0,0.0,1251.0,1251.0,0.0,1422.0,1422.0,0.0,1041.0,1041.0,0.0,490.0,490.0,0.0,370.0,370.0,0.0,915.0,915.0,0.0,1073.0,1073.0,0.0,1541.0,1541.0,0.0
2022-03-28,Monday,13347.0,12887.03,13347.0,10353.0,11642.0,13347.0,10314.0,34.4,2208.0,74.0,159.0,2459.0,4742.0,4742.0,0.0,1307.0,1307.0,0.0,1519.0,1519.0,0.0,1059.0,1059.0,0.0,405.0,405.0,0.0,370.0,370.0,0.0,869.0,869.0,0.0,1000.0,1000.0,0.0,1617.0,1617.0,0.0
2022-03-29,Tuesday,12769.0,12358.13,12769.0,10314.0,11507.0,12769.0,10068.0,33.8,2022.0,75.0,160.0,3516.0,4273.0,4273.0,0.0,1284.0,1284.0,0.0,1480.0,1480.0,0.0,1090.0,1090.0,0.0,367.0,367.0,0.0,369.0,369.0,0.0,864.0,864.0,0.0,1030.0,1030.0,0.0,1600.0,1600.0,0.0
2022-03-30,Wednesday,13283.0,12714.24,13283.0,10068.0,11517.0,13283.0,10184.0,34.1,2016.0,74.0,161.0,3092.0,4656.0,4656.0,0.0,1295.0,1295.0,0.0,1471.0,1471.0,0.0,1034.0,1034.0,0.0,385.0,385.0,0.0,365.0,365.0,0.0,774.0,774.0,0.0,1110.0,1110.0,0.0,1625.0,1625.0,0.0
2022-03-31,Thursday,13662.0,13239.73,13662.0,10184.0,11586.0,13662.0,9738.0,34.4,1970.0,74.0,161.0,2687.0,5025.0,5025.0,0.0,1283.0,1283.0,0.0,1521.0,1521.0,0.0,1052.0,1052.0,0.0,443.0,443.0,0.0,372.0,372.0,0.0,764.0,764.0,0.0,1200.0,1200.0,0.0,1580.0,1580.0,0.0
2022-04-01,Tuesday,9406.0,8991.0,9406.0,5837.0,7954.0,9406.0,5648.0,25.5,4045.0,160.0,144.0,2899.0,3259.0,3259.0,0.0,1019.0,1019.0,0.0,926.0,926.0,0.0,762.0,762.0,0.0,347.0,347.0,0.0,247.0,247.0,0.0,622.0,622.0,0.0,734.0,734.0,0.0,1075.0,1075.0,0.0
2022-04-02,Friday,7350.0,7277.0,7350.0,5908.0,6344.0,7350.0,4663.0,25.7,4944.0,159.0,184.0,2450.0,2653.0,2653.0,0.0,959.0,959.0,0.0,746.0,746.0,0.0,626.0,626.0,0.0,271.0,271.0,0.0,228.0,228.0,0.0,358.0,358.0,0.0,574.0,574.0,0.0,862.0,862.0,0.0
2022-04-03,Friday,9443.0,9181.0,9443.0,6980.0,8104.0,9443.0,6823.0,31.4,3327.0,159.0,184.0,3609.0,3097.0,3097.0,0.0,1040.0,1040.0,0.0,992.0,992.0,0.0,906.0,906.0,0.0,346.0,346.0,0.0,237.0,237.0,0.0,686.0,686.0,0.0,785.0,785.0,0.0,1092.0,1092.0,0.0
2022-04-04,Monday,13712.0,13214.25,13144.0,9875.0,11058.0,13012.0,10597.0,33.4,3242.0,0.0,155.0,2738.0,4875.0,4825.0,50.0,1303.0,1283.0,20.0,1314.0,1134.0,180.0,1163.0,863.0,300.0,478.0,478.0,0.0,401.0,401.0,0.0,745.0,715.0,30.0,1291.0,1291.0,0.0,1645.0,1525.0,120.0
2022-04-05,Wednesday,9610.0,9241.0,9610.0,5495.0,6447.0,9610.0,6436.0,31.9,3150.0,85.0,195.0,1153.0,2560.0,2560.0,0.0,951.0,951.0,0.0,1043.0,1043.0,0.0,876.0,876.0,0.0,407.0,407.0,0.0,358.0,358.0,0.0,678.0,678.0,0.0,1000.0,1000.0,0.0,1368.0,1368.0,0.0
2022-04-06,Saturday,13036.0,12639.0,13036.0,9265.0,10222.0,13036.0,10057.0,32.8,2157.0,143.0,170.0,2081.0,4554.0,4554.0,0.0,1309.0,1309.0,0.0,1368.0,1368.0,0.0,941.0,941.0,0.0,431.0,431.0,0.0,405.0,405.0,0.0,784.0,784.0,0.0,1110.0,1110.0,0.0,1737.0,1737.0,0.0
2022-04-07,Monday,13636.0,12948.0,12242.0,10741.0,10831.0,12236.0,10737.0,34.7,3483.0,184.0,0.0,1993.0,4825.0,4525.0,300.0,1251.0,1126.0,125.0,1326.0,1106.0,220.0,1028.0,903.0,125.0,472.0,427.0,45.0,381.0,381.0,0.0,793.0,628.0,165.0,1263.0,1083.0,180.0,1609.0,1369.0,240.0
2022-04-08,Thursday,13800.0,13060.0,12549.0,10656.0,10681.0,12499.0,10621.0,34.8,2773.0,85.0,0.0,2340.0,4455.0,4210.0,245.0,1444.0,1340.0,104.0,1430.0,1275.0,155.0,1088.0,888.0,200.0,567.0,492.0,75.0,386.0,386.0,0.0,831.0,731.0,100.0,1317.0,1147.0,170.0,1544.0,1394.0,150.0
2022-04-09,Sunday,13831.0,13293.0,13540.0,10301.0,11374.0,13540.0,10580.0,30.6,2532.0,0.0,0.0,2041.0,4731.0,4640.0,91.0,1359.0,1359.0,0.0,1427.0,1427.0,0.0,1122.0,945.0,177.0,499.0,499.0,0.0,405.0,405.0,0.0,805.0,805.0,0.0,1235.0,1235.0,0.0,1711.0,1711.0,0.0
2022-04-10,Tuesday,13200.0,12535.0,10514.0,9533.0,10161.0,8431.0,9293.0,29.5,779.0,0.0,0.0,1875.0,4501.0,2499.0,2002.0,1331.0,831.0,500.0,1248.0,1063.0,185.0,1111.0,446.0,665.0,569.0,219.0,350.0,323.0,323.0,0.0,801.0,560.0,241.0,1170.0,730.0,440.0,1481.0,1469.0,12.0
2022-04-11,Friday,10312.0,10017.0,10312.0,7698.0,8891.0,10312.0,7474.0,31.4,3530.0,0.0,0.0,2949.0,3866.0,3866.0,0.0,1158.0,1158.0,0.0,967.0,967.0,0.0,802.0,802.0,0.0,431.0,431.0,0.0,239.0,239.0,0.0,575.0,575.0,0.0,906.0,906.0,0.0,1074.0,1074.0,0.0
2022-04-12,Sunday,9888.0,9657.0,9888.0,6493.0,8449.0,9888.0,6604.0,29.2,2837.0,199.0,184.0,2435.0,3675.0,3675.0,0.0,1080.0,1080.0,0.0,923.0,923.0,0.0,770.0,770.0,0.0,375.0,375.0,0.0,240.0,240.0,0.0,680.0,680.0,0.0,800.0,800.0,0.0,1114.0,1114.0,0.0
2022-04-13,Wednesday,14178.0,13677.0,14178.0,10229.0,11832.0,14178.0,10230.0,34.5,1785.0,0.0,161.0,2839.0,4848.0,4848.0,0.0,1310.0,1310.0,0.0,1610.0,1610.0,0.0,1071.0,1071.0,0.0,558.0,558.0,0.0,417.0,417.0,0.0,706.0,706.0,0.0,1360.0,1360.0,0.0,1797.0,1797.0,0.0
2022-04-14,Thursday,13465.0,12808.0,13465.0,10192.0,10842.0,13465.0,10279.0,34.2,1854.0,0.0,162.0,2236.0,4606.0,4606.0,0.0,1260.0,1260.0,0.0,1534.0,1534.0,0.0,1086.0,1086.0,0.0,458.0,458.0,0.0,396.0,396.0,0.0,791.0,791.0,0.0,1241.0,1241.0,0.0,1436.0,1436.0,0.0
2022-04-15,Friday,13860.0,13427.0,13860.0,10279.0,11031.0,13860.0,10790.0,35.7,1776.0,0.0,162.0,2194.0,4611.0,4611.0,0.0,1325.0,1325.0,0.0,1596.0,1596.0,0.0,1122.0,1122.0,0.0,445.0,445.0,0.0,396.0,396.0,0.0,877.0,877.0,0.0,1326.0,1326.0,0.0,1728.0,1728.0,0.0
2022-04-16,Saturday,14782.0,14178.0,14782.0,10790.0,11701.0,14782.0,10867.0,34.5,1919.0,0.0,129.0,2031.0,4921.0,4921.0,0.0,1396.0,1396.0,0.0,1635.0,1635.0,0.0,1150.0,1150.0,0.0,514.0,514.0,0.0,419.0,419.0,0.0,908.0,908.0,0.0,1392.0,1392.0,0.0,1843.0,1843.0,0.0
2022-04-17,Sunday,14387.0,13870.0,14387.0,10867.0,12346.0,14387.0,11358.0,34.0,2005.0,0.0,160.0,1656.0,4938.0,4938.0,0.0,1381.0,1381.0,0.0,1508.0,1508.0,0.0,1059.0,1059.0,0.0,497.0,497.0,0.0,422.0,422.0,0.0,874.0,874.0,0.0,1373.0,1373.0,0.0,1819.0,1819.0,0.0
2022-04-18,Monday,14470.0,13991.0,14509.0,11358.0,12320.0,14470.0,10567.0,34.5,2292.0,0.0,166.0,1155.0,5103.0,5103.0,0.0,1334.0,1334.0,0.0,1618.0,1618.0,0.0,1058.0,1058.0,0.0,498.0,498.0,0.0,446.0,446.0,0.0,817.0,817.0,0.0,1305.0,1305.0,0.0,1812.0,1812.0,0.0
2022-04-19,Tuesday,14419.0,13826.0,14455.0,10567.0,12322.0,14419.0,4262.0,35.7,2088.0,0.0,166.0,1490.0,5097.0,5097.0,0.0,1375.0,1375.0,0.0,1492.0,1492.0,0.0,1000.0,1000.0,0.0,555.0,555.0,0.0,401.0,401.0,0.0,806.0,806.0,0.0,1358.0,1358.0,0.0,1742.0,1742.0,0.0
2022-04-20,Wednesday,10043.0,9808.0,13476.0,4262.0,6920.0,10043.0,7077.0,24.5,1979.0,0.0,168.0,1510.0,3710.0,3710.0,0.0,994.0,994.0,0.0,1017.0,1017.0,0.0,742.0,742.0,0.0,373.0,373.0,0.0,309.0,309.0,0.0,609.0,609.0,0.0,699.0,699.0,0.0,1354.0,1354.0,0.0
2022-04-21,Thursday,13046.0,12554.0,13056.0,7077.0,9731.0,13046.0,8612.0,31.9,2769.0,0.0,173.0,1153.0,4498.0,4498.0,0.0,1200.0,1200.0,0.0,1234.0,1234.0,0.0,1002.0,1002.0,0.0,502.0,502.0,0.0,416.0,416.0,0.0,748.0,748.0,0.0,1208.0,1208.0,0.0,1746.0,1746.0,0.0
2022-04-22,Friday,9317.0,8904.0,12096.0,8612.0,9263.0,9317.0,7281.0,34.4,2756.0,0.0,177.0,1153.0,3419.0,3419.0,0.0,1076.0,1076.0,0.0,959.0,959.0,0.0,750.0,750.0,0.0,443.0,443.0,0.0,125.0,125.0,0.0,649.0,649.0,0.0,674.0,674.0,0.0,810.0,810.0,0.0
2022-04-23,Saturday,13766.0,13281.0,13874.0,7281.0,10383.0,13766.0,10324.0,34.2,2966.0,0.0,172.0,1153.0,4821.0,4821.0,0.0,1383.0,1383.0,0.0,1351.0,1351.0,0.0,1052.0,1052.0,0.0,529.0,529.0,0.0,431.0,431.0,0.0,790.0,790.0,0.0,1237.0,1237.0,0.0,1687.0,1687.0,0.0
2022-04-24,Sunday,13975.0,13467.0,14078.0,10324.0,11995.0,13975.0,10977.0,36.4,3198.0,0.0,173.0,1155.0,5029.0,5029.0,0.0,1323.0,1323.0,0.0,1438.0,1438.0,0.0,1010.0,1010.0,0.0,551.0,551.0,0.0,448.0,448.0,0.0,789.0,789.0,0.0,1346.0,1346.0,0.0,1533.0,1533.0,0.0
2022-04-25,Monday,14714.0,14294.0,14714.0,10977.0,12633.0,14714.0,11491.0,36.0,3000.0,0.0,174.0,1154.0,5058.0,5058.0,0.0,1468.0,1468.0,0.0,1585.0,1585.0,0.0,1026.0,1026.0,0.0,544.0,544.0,0.0,444.0,444.0,0.0,921.0,921.0,0.0,1368.0,1368.0,0.0,1879.0,1879.0,0.0
2022-04-26,Tuesday,14716.0,14206.0,14716.0,11491.0,12895.0,14716.0,10409.0,35.5,3035.0,0.0,172.0,1154.0,5055.0,5055.0,0.0,1449.0,1449.0,0.0,1673.0,1673.0,0.0,1112.0,1112.0,0.0,576.0,576.0,0.0,431.0,431.0,0.0,668.0,668.0,0.0,1366.0,1366.0,0.0,1876.0,1876.0,0.0
2022-04-27,Wednesday,14635.0,14236.0,14635.0,10409.0,12323.0,14635.0,11088.0,35.4,3087.0,0.0,172.0,1154.0,5129.0,5129.0,0.0,1427.0,1427.0,0.0,1625.0,1625.0,0.0,1121.0,1121.0,0.0,460.0,460.0,0.0,445.0,445.0,0.0,809.0,809.0,0.0,1353.0,1353.0,0.0,1868.0,1868.0,0.0
2022-04-28,Thursday,14544.0,14123.0,14666.0,11088.0,12764.0,14544.0,10975.0,35.0,3073.0,0.0,173.0,1155.0,4867.0,4867.0,0.0,1382.0,1382.0,0.0,1591.0,1591.0,0.0,1096.0,1096.0,0.0,590.0,590.0,0.0,451.0,451.0,0.0,845.0,845.0,0.0,1404.0,1404.0,0.0,1897.0,1897.0,0.0
2022-04-29,Friday,13079.0,12589.0,14172.0,10975.0,11516.0,13079.0,7683.0,35.6,3070.0,0.0,195.0,1155.0,4541.0,4541.0,0.0,1324.0,1324.0,0.0,1384.0,1384.0,0.0,825.0,825.0,0.0,588.0,588.0,0.0,418.0,418.0,0.0,838.0,838.0,0.0,1347.0,1347.0,0.0,1325.0,1325.0,0.0
2022-04-30,Saturday,11464.0,11271.0,11464.0,7683.0,9186.0,11464.0,7413.0,35.0,2616.0,85.0,195.0,1153.0,3676.0,3676.0,0.0,1331.0,1331.0,0.0,1162.0,1162.0,0.0,867.0,867.0,0.0,476.0,476.0,0.0,444.0,444.0,0.0,517.0,517.0,0.0,1248.0,1248.0,0.0,1550.0,1550.0,0.0
2022-05-01,Wednesday,9239.0,8800.0,9239.0,5648.0,7756.0,9239.0,5805.0,23.8,3844.0,160.0,144.0,2628.0,3152.0,3152.0,0.0,958.0,958.0,0.0,906.0,906.0,0.0,760.0,760.0,0.0,334.0,334.0,0.0,249.0,249.0,0.0,630.0,630.0,0.0,742.0,742.0,0.0,1069.0,1069.0,0.0
2022-05-02,Saturday,9073.0,9031.0,9073.0,4663.0,7466.0,9073.0,5797.0,24.0,4853.0,160.0,184.0,2060.0,3347.0,3347.0,0.0,1043.0,1043.0,0.0,883.0,883.0,0.0,772.0,772.0,0.0,336.0,336.0,0.0,273.0,273.0,0.0,576.0,576.0,0.0,741.0,741.0,0.0,1060.0,1060.0,0.0
2022-05-03,Saturday,10895.0,10418.0,10895.0,6823.0,9171.0,10895.0,7301.0,32.5,3185.0,159.0,184.0,3419.0,3814.0,3814.0,0.0,1146.0,1146.0,0.0,1110.0,1110.0,0.0,914.0,914.0,0.0,369.0,369.0,0.0,262.0,262.0,0.0,704.0,704.0,0.0,870.0,870.0,0.0,1229.0,1229.0,0.0
2022-05-04,Tuesday,13986.0,13438.0,13431.0,10597.0,11914.0,13406.0,10715.0,34.2,3400.0,0.0,158.0,2640.0,4947.0,4902.0,45.0,1326.0,1281.0,45.0,1407.0,1297.0,110.0,1096.0,926.0,170.0,513.0,493.0,20.0,381.0,381.0,0.0,827.0,757.0,70.0,1287.0,1267.0,20.0,1654.0,1554.0,100.0
2022-05-05,Thursday,10543.0,10155.0,10543.0,6436.0,7943.0,10543.0,7393.0,33.3,2520.0,85.0,196.0,1153.0,2828.0,2828.0,0.0,1112.0,1112.0,0.0,1165.0,1165.0,0.0,1016.0,1016.0,0.0,472.0,472.0,0.0,368.0,368.0,0.0,733.0,733.0,0.0,1130.0,1130.0,0.0,1332.0,1332.0,0.0
2022-05-06,Sunday,13833.0,13357.0,13833.0,10057.0,11791.0,13833.0,10636.0,35.1,2416.0,99.0,195.0,2378.0,4941.0,4941.0,0.0,1381.0,1381.0,0.0,1393.0,1393.0,0.0,1011.0,1011.0,0.0,448.0,448.0,0.0,415.0,415.0,0.0,771.0,771.0,0.0,1262.0,1262.0,0.0,1735.0,1735.0,0.0
2022-05-07,Tuesday,13678.0,12978.0,13228.0,10737.0,11001.0,13228.0,10793.0,34.6,2845.0,85.0,0.0,1973.0,4891.0,4791.0,100.0,1448.0,1388.0,60.0,1178.0,1118.0,60.0,1059.0,1009.0,50.0,469.0,439.0,30.0,402.0,402.0,0.0,792.0,752.0,40.0,1230.0,1180.0,50.0,1509.0,1449.0,60.0
2022-05-08,Friday,13450.0,12945.0,12951.0,10438.0,10438.0,12885.0,10552.0,35.4,2393.0,85.0,0.0,2347.0,4406.0,4336.0,70.0,1344.0,1344.0,0.0,1387.0,1302.0,85.0,1070.0,944.0,126.0,585.0,585.0,0.0,388.0,388.0,0.0,844.0,779.0,65.0,1300.0,1210.0,90.0,1621.0,1536.0,85.0
2022-05-09,Monday,13522.0,13000.0,13417.0,10580.0,11806.0,13417.0,10615.0,34.0,2560.0,0.0,0.0,2263.0,4711.0,4711.0,0.0,1378.0,1378.0,0.0,1325.0,1325.0,0.0,990.0,893.0,97.0,509.0,509.0,0.0,393.0,393.0,0.0,874.0,874.0,0.0,1268.0,1268.0,0.0,1551.0,1551.0,0.0
2022-05-10,Wednesday,13282.0,12694.0,11790.0,9279.0,9390.0,11790.0,9738.0,34.0,849.0,0.0,0.0,1874.0,4620.0,3908.0,712.0,1197.0,1197.0,0.0,1285.0,1285.0,0.0,1078.0,848.0,230.0,565.0,466.0,99.0,372.0,372.0,0.0,810.0,676.0,134.0,1275.0,1075.0,200.0,1493.0,1493.0,0.0
2022-05-11,Saturday,11297.0,10815.0,11297.0,7474.0,8994.0,11297.0,8214.0,31.7,3519.0,0.0,0.0,2753.0,4272.0,4272.0,0.0,1189.0,1189.0,0.0,987.0,987.0,0.0,858.0,858.0,0.0,437.0,437.0,0.0,262.0,262.0,0.0,618.0,618.0,0.0,1044.0,1044.0,0.0,1148.0,1148.0,0.0
2022-05-12,Monday,9905.0,9615.0,9905.0,6604.0,8784.0,9905.0,6667.0,29.6,2950.0,199.0,184.0,2437.0,3652.0,3652.0,0.0,1085.0,1085.0,0.0,932.0,932.0,0.0,734.0,734.0,0.0,385.0,385.0,0.0,240.0,240.0,0.0,704.0,704.0,0.0,790.0,790.0,0.0,1093.0,1093.0,0.0
2022-05-13,Friday,10889.0,10628.0,11502.0,8257.0,8827.0,10889.0,8841.0,33.4,2552.0,85.0,200.0,1733.0,3668.0,3668.0,0.0,1294.0,1294.0,0.0,1031.0,1031.0,0.0,794.0,794.0,0.0,340.0,340.0,0.0,381.0,381.0,0.0,628.0,628.0,0.0,1066.0,1066.0,0.0,1425.0,1425.0,0.0
2022-05-14,Saturday,13297.0,12925.0,13297.0,8841.0,10184.0,13297.0,9536.0,33.9,2611.0,85.0,200.0,1734.0,4713.0,4713.0,0.0,1432.0,1432.0,0.0,1330.0,1330.0,0.0,1012.0,1012.0,0.0,452.0,452.0,0.0,392.0,392.0,0.0,783.0,783.0,0.0,1224.0,1224.0,0.0,1587.0,1587.0,0.0
2022-05-15,Sunday,13701.0,13244.0,13739.0,9536.0,10853.0,13701.0,10032.0,34.8,2462.0,85.0,200.0,1746.0,4736.0,4736.0,0.0,1346.0,1346.0,0.0,1408.0,1408.0,0.0,1039.0,1039.0,0.0,481.0,481.0,0.0,386.0,386.0,0.0,887.0,887.0,0.0,1294.0,1294.0,0.0,1667.0,1667.0,0.0
2022-05-16,Monday,13954.0,13370.0,13954.0,10066.0,11587.0,13954.0,8165.0,35.2,2822.0,85.0,230.0,1345.0,4885.0,4885.0,0.0,1440.0,1440.0,0.0,1467.0,1467.0,0.0,1025.0,1025.0,0.0,447.0,447.0,0.0,418.0,418.0,0.0,756.0,756.0,0.0,1267.0,1267.0,0.0,1666.0,1666.0,0.0
2022-05-17,Tuesday,13256.0,12981.0,13454.0,8165.0,11026.0,13256.0,10470.0,35.2,2761.0,185.0,200.0,1345.0,4929.0,4929.0,0.0,1408.0,1408.0,0.0,1272.0,1272.0,0.0,881.0,881.0,0.0,356.0,356.0,0.0,431.0,431.0,0.0,698.0,698.0,0.0,1264.0,1264.0,0.0,1742.0,1742.0,0.0
2022-05-18,Wednesday,13760.0,13335.0,13760.0,10470.0,11832.0,13760.0,10311.0,35.7,2539.0,184.0,200.0,1757.0,5199.0,5199.0,0.0,1439.0,1439.0,0.0,1417.0,1417.0,0.0,647.0,647.0,0.0,264.0,264.0,0.0,414.0,414.0,0.0,880.0,880.0,0.0,1337.0,1337.0,0.0,1739.0,1739.0,0.0
2022-05-19,Thursday,12907.0,12552.0,12907.0,10311.0,11857.0,12907.0,7503.0,35.5,2579.0,184.0,197.0,1745.0,4909.0,4909.0,0.0,1492.0,1492.0,0.0,1235.0,1235.0,0.0,956.0,956.0,0.0,370.0,370.0,0.0,402.0,402.0,0.0,425.0,425.0,0.0,1071.0,1071.0,0.0,1693.0,1693.0,0.0
2022-05-20,Friday,11749.0,11587.0,12001.0,7503.0,8660.0,11749.0,4396.0,32.4,3052.0,184.0,200.0,1333.0,4182.0,4182.0,0.0,1227.0,1227.0,0.0,1157.0,1157.0,0.0,898.0,898.0,0.0,382.0,382.0,0.0,401.0,401.0,0.0,616.0,616.0,0.0,1234.0,1234.0,0.0,1489.0,1489.0,0.0
2022-05-21,Saturday,10998.0,10894.0,11367.0,4396.0,7266.0,10998.0,8751.0,30.8,3288.0,184.0,200.0,1333.0,4453.0,4453.0,0.0,1231.0,1231.0,0.0,996.0,996.0,0.0,753.0,753.0,0.0,389.0,389.0,0.0,327.0,327.0,0.0,676.0,676.0,0.0,1012.0,1012.0,0.0,1057.0,1057.0,0.0
2022-05-22,Sunday,13456.0,13089.0,13456.0,8751.0,10951.0,13456.0,9232.0,34.5,3403.0,184.0,195.0,1360.0,4759.0,4759.0,0.0,1412.0,1412.0,0.0,1275.0,1275.0,0.0,1005.0,1005.0,0.0,499.0,499.0,0.0,407.0,407.0,0.0,821.0,821.0,0.0,1299.0,1299.0,0.0,1613.0,1613.0,0.0
2022-05-23,Monday,13810.0,13356.0,13810.0,9232.0,11466.0,13810.0,10276.0,35.2,3132.0,184.0,160.0,1360.0,4907.0,4907.0,0.0,1286.0,1286.0,0.0,1344.0,1344.0,0.0,1039.0,1039.0,0.0,500.0,500.0,0.0,406.0,406.0,0.0,856.0,856.0,0.0,1341.0,1341.0,0.0,1677.0,1677.0,0.0
2022-05-24,Tuesday,13923.0,13337.0,13923.0,10276.0,11993.0,13923.0,9931.0,35.0,2771.0,184.0,160.0,1475.0,4923.0,4923.0,0.0,1400.0,1400.0,0.0,1311.0,1311.0,0.0,956.0,956.0,0.0,533.0,533.0,0.0,425.0,425.0,0.0,888.0,888.0,0.0,1255.0,1255.0,0.0,1646.0,1646.0,0.0
2022-05-25,Wednesday,13024.0,12598.0,13024.0,9931.0,11624.0,13024.0,9258.0,32.8,2586.0,184.0,155.0,1700.0,4798.0,4798.0,0.0,1445.0,1445.0,0.0,1110.0,1110.0,0.0,1052.0,1052.0,0.0,507.0,507.0,0.0,339.0,339.0,0.0,761.0,761.0,0.0,1099.0,1099.0,0.0,1488.0,1488.0,0.0
2022-05-26,Thursday,13361.0,12998.0,13361.0,9258.0,11753.0,13361.0,9050.0,34.4,3093.0,184.0,167.0,1586.0,4810.0,4810.0,0.0,1452.0,1452.0,0.0,1296.0,1296.0,0.0,1052.0,1052.0,0.0,488.0,488.0,0.0,358.0,358.0,0.0,893.0,893.0,0.0,1160.0,1160.0,0.0,1489.0,1489.0,0.0
2022-05-27,Friday,11869.0,11552.0,12083.0,9050.0,10118.0,11869.0,9098.0,35.4,3119.0,184.0,167.0,1586.0,4109.0,4109.0,0.0,1174.0,1174.0,0.0,1338.0,1338.0,0.0,850.0,850.0,0.0,501.0,501.0,0.0,220.0,220.0,0.0,833.0,833.0,0.0,1032.0,1032.0,0.0,1495.0,1495.0,0.0
2022-05-28,Saturday,12348.0,12012.0,12348.0,9098.0,10702.0,12348.0,9409.0,34.0,3236.0,184.0,162.0,1581.0,4822.0,4822.0,0.0,1424.0,1424.0,0.0,825.0,825.0,0.0,922.0,922.0,0.0,540.0,540.0,0.0,257.0,257.0,0.0,813.0,813.0,0.0,1222.0,1222.0,0.0,1187.0,1187.0,0.0
2022-05-29,Sunday,13303.0,12820.0,13303.0,9409.0,11023.0,13303.0,9847.0,32.6,2844.0,184.0,162.0,1910.0,4763.0,4763.0,0.0,1221.0,1221.0,0.0,1392.0,1392.0,0.0,1064.0,1064.0,0.0,526.0,526.0,0.0,343.0,343.0,0.0,892.0,892.0,0.0,1079.0,1079.0,0.0,1540.0,1540.0,0.0
2022-05-30,Monday,13713.0,13110.0,13713.0,9847.0,11410.0,13713.0,10101.0,31.3,2369.0,184.0,162.0,1910.0,4779.0,4779.0,0.0,1233.0,1233.0,0.0,1392.0,1392.0,0.0,1067.0,1067.0,0.0,519.0,519.0,0.0,372.0,372.0,0.0,908.0,908.0,0.0,1215.0,1215.0,0.0,1624.0,1624.0,0.0
2022-05-31,Wednesday,13655.0,13194.0,13655.0,10101.0,11563.0,13655.0,10307.0,34.2,2544.0,184.0,162.0,1910.0,4829.0,4829.0,0.0,1323.0,1323.0,0.0,1364.0,1364.0,0.0,1059.0,1059.0,0.0,566.0,566.0,0.0,405.0,405.0,0.0,868.0,868.0,0.0,1251.0,1251.0,0.0,1530.0,1530.0,0.0
2022-06-01,Thursday,9338.0,8931.0,9338.0,5805.0,8136.0,9338.0,5848.0,26.5,3915.0,160.0,152.0,3207.0,3267.0,3267.0,0.0,991.0,991.0,0.0,900.0,900.0,0.0,767.0,767.0,0.0,340.0,340.0,0.0,247.0,247.0,0.0,581.0,581.0,0.0,755.0,755.0,0.0,1083.0,1083.0,0.0
2022-06-02,Sunday,9448.0,9390.0,9448.0,5797.0,8023.0,9448.0,5871.0,23.0,5216.0,159.0,184.0,2108.0,3565.0,3565.0,0.0,1095.0,1095.0,0.0,913.0,913.0,0.0,782.0,782.0,0.0,330.0,330.0,0.0,224.0,224.0,0.0,636.0,636.0,0.0,741.0,741.0,0.0,1104.0,1104.0,0.0
2022-06-03,Sunday,11024.0,10565.0,11024.0,7301.0,9857.0,11024.0,7432.0,31.6,2627.0,159.0,184.0,3489.0,3837.0,3837.0,0.0,1151.0,1151.0,0.0,1128.0,1128.0,0.0,957.0,957.0,0.0,385.0,385.0,0.0,274.0,274.0,0.0,720.0,720.0,0.0,884.0,884.0,0.0,1229.0,1229.0,0.0
2022-06-04,Wednesday,14040.0,13416.0,13687.0,10715.0,11856.0,13635.0,10537.0,34.1,3624.0,0.0,158.0,2108.0,4897.0,4865.0,32.0,1279.0,1279.0,0.0,1506.0,1445.0,61.0,1076.0,981.0,95.0,549.0,539.0,10.0,402.0,402.0,0.0,766.0,736.0,30.0,1263.0,1171.0,92.0,1679.0,1594.0,85.0
2022-06-05,Friday,10543.0,10067.0,10602.0,7393.0,7708.0,10543.0,8032.0,33.2,2070.0,85.0,196.0,1345.0,2715.0,2715.0,0.0,1213.0,1213.0,0.0,1057.0,1057.0,0.0,940.0,940.0,0.0,506.0,506.0,0.0,387.0,387.0,0.0,666.0,666.0,0.0,1131.0,1131.0,0.0,1452.0,1452.0,0.0
2022-06-06,Monday,14004.0,13431.0,14004.0,10636.0,11848.0,14004.0,10664.0,35.1,2305.0,99.0,195.0,1965.0,5077.0,5077.0,0.0,1415.0,1415.0,0.0,1291.0,1291.0,0.0,837.0,837.0,0.0,529.0,529.0,0.0,420.0,420.0,0.0,761.0,761.0,0.0,1357.0,1357.0,0.0,1745.0,1745.0,0.0
2022-06-07,Wednesday,13864.0,13302.0,13614.0,10793.0,11838.0,13614.0,11043.0,31.0,3128.0,85.0,0.0,1963.0,4802.0,4802.0,0.0,1322.0,1322.0,0.0,1425.0,1369.0,56.0,1008.0,922.0,86.0,527.0,527.0,0.0,400.0,400.0,0.0,891.0,843.0,48.0,1309.0,1291.0,18.0,1618.0,1576.0,42.0
2022-06-08,Saturday,13800.0,12991.0,12170.0,10552.0,10629.0,12132.0,10290.0,34.0,2499.0,85.0,0.0,2352.0,4547.0,4167.0,380.0,1499.0,1319.0,180.0,1361.0,1171.0,190.0,1100.0,890.0,210.0,548.0,461.0,87.0,386.0,386.0,0.0,840.0,720.0,120.0,1207.0,1037.0,170.0,1502.0,1302.0,200.0
2022-06-09,Tuesday,13800.0,13294.0,13342.0,9749.0,10112.0,12580.0,10924.0,32.5,2696.0,0.0,0.0,2270.0,4705.0,4555.0,150.0,1363.0,1313.0,50.0,1335.0,1175.0,160.0,1079.0,857.0,222.0,554.0,554.0,0.0,385.0,385.0,0.0,873.0,743.0,130.0,1368.0,1216.0,152.0,1632.0,1372.0,260.0
2022-06-10,Thursday,13275.0,12698.0,11990.0,9738.0,9821.0,11990.0,9231.0,33.7,3521.0,0.0,0.0,1874.0,4596.0,4167.0,429.0,1289.0,1253.0,36.0,1225.0,1225.0,0.0,1097.0,804.0,293.0,599.0,437.0,162.0,345.0,345.0,0.0,753.0,753.0,0.0,1310.0,1046.0,264.0,1484.0,1484.0,0.0
2022-06-11,Sunday,11233.0,10821.0,11166.0,8214.0,10385.0,11166.0,8017.0,32.4,4230.0,0.0,0.0,2274.0,4262.0,4242.0,20.0,1187.0,1187.0,0.0,1027.0,1027.0,0.0,841.0,799.0,42.0,472.0,472.0,0.0,273.0,273.0,0.0,623.0,623.0,0.0,1009.0,1009.0,0.0,1127.0,1127.0,0.0
2022-06-12,Tuesday,9981.0,9656.0,9981.0,6667.0,8555.0,9981.0,6536.0,29.3,3011.0,199.0,184.0,2415.0,3683.0,3683.0,0.0,1044.0,1044.0,0.0,975.0,975.0,0.0,724.0,724.0,0.0,380.0,380.0,0.0,243.0,243.0,0.0,703.0,703.0,0.0,790.0,790.0,0.0,1115.0,1115.0,0.0
2022-06-13,Monday,12914.0,12347.0,13041.0,10512.0,11768.0,12914.0,10280.0,34.4,1960.0,184.0,198.0,2693.0,5140.0,5140.0,0.0,1298.0,1298.0,0.0,926.0,926.0,0.0,905.0,905.0,0.0,391.0,391.0,0.0,398.0,398.0,0.0,687.0,687.0,0.0,1104.0,1104.0,0.0,1499.0,1499.0,0.0
2022-06-14,Tuesday,13200.0,12535.0,13200.0,10280.0,11633.0,13200.0,10479.0,33.6,1847.0,184.0,198.0,3093.0,4696.0,4696.0,0.0,1232.0,1232.0,0.0,1411.0,1411.0,0.0,1002.0,1002.0,0.0,409.0,409.0,0.0,398.0,398.0,0.0,689.0,689.0,0.0,995.0,995.0,0.0,1703.0,1703.0,0.0
2022-06-15,Wednesday,13264.0,12770.0,13306.0,10479.0,11406.0,13264.0,10104.0,33.3,1427.0,184.0,198.0,2299.0,4769.0,4769.0,0.0,1245.0,1245.0,0.0,1453.0,1453.0,0.0,984.0,984.0,0.0,385.0,385.0,0.0,413.0,413.0,0.0,753.0,753.0,0.0,1110.0,1110.0,0.0,1657.0,1657.0,0.0
2022-06-16,Thursday,12989.0,12508.0,12989.0,10104.0,11489.0,12989.0,8284.0,32.6,1697.0,184.0,164.0,1963.0,4786.0,4786.0,0.0,1182.0,1182.0,0.0,1455.0,1455.0,0.0,835.0,835.0,0.0,346.0,346.0,0.0,391.0,391.0,0.0,734.0,734.0,0.0,1122.0,1122.0,0.0,1657.0,1657.0,0.0
2022-06-17,Friday,9530.0,9302.0,12316.0,8231.0,8231.0,9530.0,8424.0,28.8,1409.0,184.0,164.0,1964.0,3181.0,3181.0,0.0,1151.0,1151.0,0.0,1008.0,1008.0,0.0,652.0,652.0,0.0,236.0,236.0,0.0,337.0,337.0,0.0,651.0,651.0,0.0,930.0,930.0,0.0,1156.0,1156.0,0.0
2022-06-18,Saturday,11850.0,11567.0,11850.0,8424.0,9978.0,11850.0,9042.0,32.1,1380.0,184.0,131.0,1976.0,4288.0,4288.0,0.0,1168.0,1168.0,0.0,1304.0,1304.0,0.0,904.0,904.0,0.0,231.0,231.0,0.0,370.0,370.0,0.0,714.0,714.0,0.0,1049.0,1049.0,0.0,1540.0,1540.0,0.0
2022-06-19,Sunday,12133.0,11519.0,12133.0,9042.0,10591.0,12133.0,8586.0,31.6,1269.0,184.0,130.0,1975.0,4375.0,4375.0,0.0,1056.0,1056.0,0.0,1251.0,1251.0,0.0,953.0,953.0,0.0,300.0,300.0,0.0,293.0,293.0,0.0,767.0,767.0,0.0,1024.0,1024.0,0.0,1500.0,1500.0,0.0
2022-06-20,Monday,12439.0,12002.0,12439.0,8586.0,10336.0,12439.0,9143.0,31.1,949.0,184.0,126.0,2004.0,4410.0,4410.0,0.0,1189.0,1189.0,0.0,1362.0,1362.0,0.0,1014.0,1014.0,0.0,335.0,335.0,0.0,337.0,337.0,0.0,815.0,815.0,0.0,1051.0,1051.0,0.0,1489.0,1489.0,0.0
2022-06-21,Tuesday,13023.0,12449.0,13023.0,9143.0,10785.0,13023.0,9506.0,30.9,826.0,184.0,113.0,2370.0,4668.0,4668.0,0.0,1276.0,1276.0,0.0,1296.0,1296.0,0.0,969.0,969.0,0.0,389.0,389.0,0.0,359.0,359.0,0.0,859.0,859.0,0.0,1132.0,1132.0,0.0,1501.0,1501.0,0.0
2022-06-22,Wednesday,13082.0,12564.0,13082.0,9506.0,11018.0,13082.0,9732.0,32.4,948.0,184.0,106.0,2369.0,4729.0,4729.0,0.0,1262.0,1262.0,0.0,1310.0,1310.0,0.0,1021.0,1021.0,0.0,436.0,436.0,0.0,343.0,343.0,0.0,860.0,860.0,0.0,1121.0,1121.0,0.0,1481.0,1481.0,0.0
2022-06-23,Thursday,13194.0,12732.0,13212.0,9732.0,11338.0,13194.0,9303.0,33.2,898.0,184.0,149.0,2328.0,4775.0,4775.0,0.0,1293.0,1293.0,0.0,1291.0,1291.0,0.0,1023.0,1023.0,0.0,414.0,414.0,0.0,359.0,359.0,0.0,840.0,840.0,0.0,1146.0,1146.0,0.0,1591.0,1591.0,0.0
2022-06-24,Friday,12570.0,12164.0,12804.0,9272.0,9942.0,12570.0,9902.0,33.8,733.0,184.0,104.0,2327.0,4241.0,4241.0,0.0,1202.0,1202.0,0.0,1368.0,1368.0,0.0,1037.0,1037.0,0.0,435.0,435.0,0.0,355.0,355.0,0.0,837.0,837.0,0.0,1174.0,1174.0,0.0,1515.0,1515.0,0.0
2022-06-25,Saturday,13319.0,12873.0,13319.0,9902.0,11756.0,13319.0,10295.0,33.3,673.0,184.0,0.0,2328.0,4708.0,4708.0,0.0,1391.0,1391.0,0.0,1352.0,1352.0,0.0,1025.0,1025.0,0.0,445.0,445.0,0.0,358.0,358.0,0.0,878.0,878.0,0.0,1161.0,1161.0,0.0,1555.0,1555.0,0.0
2022-06-26,Sunday,13696.0,13220.0,13696.0,10295.0,11933.0,13696.0,10574.0,34.5,1137.0,184.0,0.0,2327.0,4868.0,4868.0,0.0,1376.0,1376.0,0.0,1411.0,1411.0,0.0,1018.0,1018.0,0.0,474.0,474.0,0.0,392.0,392.0,0.0,872.0,872.0,0.0,1226.0,1226.0,0.0,1583.0,1583.0,0.0
2022-06-27,Monday,13523.0,12951.0,13573.0,10574.0,12067.0,13523.0,10607.0,34.7,1407.0,184.0,0.0,2327.0,4841.0,4841.0,0.0,1302.0,1302.0,0.0,1402.0,1402.0,0.0,941.0,941.0,0.0,460.0,460.0,0.0,398.0,398.0,0.0,812.0,812.0,0.0,1215.0,1215.0,0.0,1580.0,1580.0,0.0
2022-06-28,Tuesday,13332.0,12737.0,13457.0,10607.0,11825.0,13332.0,10384.0,33.3,1664.0,184.0,0.0,2327.0,4794.0,4794.0,0.0,1202.0,1202.0,0.0,1287.0,1287.0,0.0,969.0,969.0,0.0,446.0,446.0,0.0,392.0,392.0,0.0,761.0,761.0,0.0,1259.0,1259.0,0.0,1628.0,1628.0,0.0
2022-06-29,Wednesday,13485.0,12857.0,13485.0,10384.0,11705.0,13485.0,10144.0,32.7,1565.0,184.0,0.0,1962.0,4840.0,4840.0,0.0,1311.0,1311.0,0.0,1351.0,1351.0,0.0,1027.0,1027.0,0.0,431.0,431.0,0.0,391.0,391.0,0.0,796.0,796.0,0.0,1137.0,1137.0,0.0,1573.0,1573.0,0.0
2022-06-30,Thursday,13126.0,12625.0,13126.0,10144.0,11448.0,13126.0,10047.0,30.0,1828.0,184.0,0.0,1962.0,4656.0,4656.0,0.0,1324.0,1324.0,0.0,1321.0,1321.0,0.0,995.0,995.0,0.0,400.0,400.0,0.0,374.0,374.0,0.0,829.0,829.0,0.0,1146.0,1146.0,0.0,1579.0,1579.0,0.0
2022-07-01,Friday,8218.0,8001.0,8218.0,5848.0,6932.0,8218.0,5475.0,27.8,3790.0,160.0,152.0,3382.0,2722.0,2722.0,0.0,842.0,842.0,0.0,858.0,858.0,0.0,742.0,742.0,0.0,313.0,313.0,0.0,234.0,234.0,0.0,575.0,575.0,0.0,700.0,700.0,0.0,1015.0,1015.0,0.0
2022-07-02,Monday,9478.0,9524.0,9478.0,5871.0,8198.0,9478.0,5844.0,23.6,4562.0,159.0,184.0,2458.0,3678.0,3678.0,0.0,1079.0,1079.0,0.0,915.0,915.0,0.0,785.0,785.0,0.0,333.0,333.0,0.0,247.0,247.0,0.0,655.0,655.0,0.0,741.0,741.0,0.0,1091.0,1091.0,0.0
2022-07-03,Monday,11424.0,10963.0,11424.0,7432.0,10123.0,11424.0,7763.0,34.2,2673.0,159.0,184.0,3437.0,4077.0,4077.0,0.0,1141.0,1141.0,0.0,1158.0,1158.0,0.0,966.0,966.0,0.0,401.0,401.0,0.0,268.0,268.0,0.0,738.0,738.0,0.0,931.0,931.0,0.0,1283.0,1283.0,0.0
2022-07-04,Thursday,14351.0,13556.0,14008.0,10537.0,12345.0,14001.0,10167.0,35.0,3882.0,0.0,128.0,1637.0,5038.0,5018.0,20.0,1257.0,1257.0,0.0,1468.0,1368.0,100.0,1174.0,1044.0,130.0,547.0,547.0,0.0,413.0,413.0,0.0,627.0,607.0,20.0,1319.0,1299.0,20.0,1713.0,1653.0,60.0
2022-07-05,Saturday,11937.0,11453.0,11947.0,8032.0,9541.0,11937.0,9139.0,35.2,1861.0,85.0,197.0,1334.0,3423.0,3423.0,0.0,1229.0,1229.0,0.0,1178.0,1178.0,0.0,927.0,927.0,0.0,568.0,568.0,0.0,414.0,414.0,0.0,811.0,811.0,0.0,1297.0,1297.0,0.0,1605.0,1605.0,0.0
2022-07-06,Tuesday,13555.0,13109.0,13587.0,10664.0,11900.0,13555.0,10756.0,34.7,2734.0,184.0,195.0,1964.0,4837.0,4837.0,0.0,1380.0,1380.0,0.0,1341.0,1341.0,0.0,1014.0,1014.0,0.0,509.0,509.0,0.0,413.0,413.0,0.0,806.0,806.0,0.0,1132.0,1132.0,0.0,1677.0,1677.0,0.0
2022-07-07,Thursday,13619.0,13031.0,13619.0,11043.0,12231.0,13619.0,10034.0,34.7,2601.0,85.0,0.0,2008.0,4264.0,4264.0,0.0,1291.0,1291.0,0.0,1519.0,1519.0,0.0,1062.0,1062.0,0.0,538.0,538.0,0.0,397.0,397.0,0.0,921.0,921.0,0.0,1303.0,1303.0,0.0,1736.0,1736.0,0.0
2022-07-08,Sunday,14200.0,13501.0,13227.0,10149.0,10149.0,13227.0,11166.0,35.4,2653.0,85.0,0.0,2377.0,4992.0,4822.0,170.0,1296.0,1246.0,50.0,1371.0,1251.0,120.0,1019.0,839.0,180.0,568.0,488.0,80.0,402.0,402.0,0.0,945.0,908.0,37.0,1268.0,1168.0,100.0,1640.0,1480.0,160.0
2022-07-09,Wednesday,14300.0,13779.0,13761.0,10924.0,11805.0,13631.0,11547.0,35.0,2455.0,0.0,0.0,2270.0,4892.0,4732.0,160.0,1392.0,1392.0,0.0,1442.0,1362.0,80.0,1155.0,928.0,227.0,563.0,518.0,45.0,423.0,423.0,0.0,900.0,820.0,80.0,1267.0,1242.0,25.0,1745.0,1745.0,0.0
2022-07-10,Friday,12950.0,12531.0,11931.0,9231.0,9241.0,11904.0,9669.0,34.3,3617.0,0.0,0.0,1844.0,4331.0,4124.0,207.0,1283.0,1195.0,88.0,1226.0,1226.0,0.0,1136.0,890.0,246.0,615.0,505.0,110.0,309.0,309.0,0.0,766.0,756.0,10.0,1330.0,1077.0,253.0,1536.0,1486.0,50.0
2022-07-11,Monday,11227.0,10886.0,11227.0,8017.0,9550.0,11227.0,7802.0,32.1,4466.0,0.0,0.0,2053.0,4249.0,4249.0,0.0,1298.0,1298.0,0.0,991.0,991.0,0.0,830.0,830.0,0.0,465.0,465.0,0.0,261.0,261.0,0.0,637.0,637.0,0.0,1043.0,1043.0,0.0,1112.0,1112.0,0.0
2022-07-12,Wednesday,10076.0,9708.0,10076.0,6536.0,8634.0,10076.0,6500.0,28.2,2469.0,199.0,184.0,3182.0,3690.0,3690.0,0.0,1129.0,1129.0,0.0,877.0,877.0,0.0,762.0,762.0,0.0,374.0,374.0,0.0,253.0,253.0,0.0,706.0,706.0,0.0,816.0,816.0,0.0,1101.0,1101.0,0.0
2022-07-13,Wednesday,12068.0,11825.0,12469.0,9446.0,10304.0,12068.0,10035.0,36.0,1257.0,85.0,0.0,2108.0,3408.0,3408.0,0.0,1210.0,1210.0,0.0,1473.0,1473.0,0.0,1088.0,1088.0,0.0,366.0,366.0,0.0,408.0,408.0,0.0,910.0,910.0,0.0,1308.0,1308.0,0.0,1655.0,1655.0,0.0
2022-07-14,Thursday,12300.0,12000.0,12557.0,9889.0,10504.0,12300.0,10091.0,36.3,1180.0,85.0,0.0,2108.0,3590.0,3590.0,0.0,1257.0,1257.0,0.0,1501.0,1501.0,0.0,816.0,816.0,0.0,594.0,594.0,0.0,412.0,412.0,0.0,895.0,895.0,0.0,1258.0,1258.0,0.0,1677.0,1677.0,0.0
2022-07-15,Friday,12626.0,12241.0,12818.0,9724.0,10342.0,12626.0,10450.0,35.4,1292.0,85.0,0.0,1858.0,3547.0,3547.0,0.0,1268.0,1268.0,0.0,1462.0,1462.0,0.0,1133.0,1133.0,0.0,590.0,590.0,0.0,393.0,393.0,0.0,933.0,933.0,0.0,1255.0,1255.0,0.0,1660.0,1660.0,0.0
2022-07-16,Saturday,13538.0,13033.0,13538.0,10450.0,11305.0,13538.0,10783.0,35.2,1575.0,85.0,0.0,1860.0,4136.0,4136.0,0.0,1336.0,1336.0,0.0,1511.0,1511.0,0.0,1027.0,1027.0,0.0,608.0,608.0,0.0,398.0,398.0,0.0,931.0,931.0,0.0,1353.0,1353.0,0.0,1734.0,1734.0,0.0
2022-07-17,Sunday,13765.0,13143.0,13765.0,10783.0,12104.0,13765.0,11150.0,35.1,1790.0,85.0,0.0,2193.0,4411.0,4411.0,0.0,1300.0,1300.0,0.0,1536.0,1536.0,0.0,989.0,989.0,0.0,545.0,545.0,0.0,396.0,396.0,0.0,950.0,950.0,0.0,1313.0,1313.0,0.0,1702.0,1702.0,0.0
2022-07-18,Monday,14006.0,13674.0,13281.0,11150.0,12258.0,13221.0,10633.0,33.8,3134.0,85.0,0.0,2207.0,4902.0,4804.0,98.0,1220.0,1120.0,100.0,1506.0,1506.0,0.0,1195.0,902.0,293.0,490.0,470.0,20.0,387.0,387.0,0.0,1002.0,818.0,184.0,1312.0,1222.0,90.0,1660.0,1660.0,0.0
2022-07-19,Tuesday,14124.0,13485.0,12616.0,10633.0,10923.0,11739.0,11182.0,34.4,3409.0,85.0,0.0,2357.0,4801.0,4038.0,763.0,1289.0,1044.0,245.0,1480.0,1177.0,303.0,1082.0,862.0,220.0,511.0,420.0,91.0,384.0,384.0,0.0,857.0,677.0,180.0,1322.0,1069.0,253.0,1759.0,1429.0,330.0
2022-07-20,Wednesday,13664.0,13151.0,12567.0,11054.0,11155.0,12494.0,10866.0,31.8,3632.0,85.0,0.0,2022.0,4539.0,4339.0,200.0,1234.0,1234.0,0.0,1496.0,1316.0,180.0,1123.0,903.0,220.0,519.0,444.0,75.0,374.0,374.0,0.0,936.0,751.0,185.0,1230.0,1070.0,160.0,1700.0,1550.0,150.0
2022-07-21,Thursday,13797.0,13276.0,12239.0,10866.0,10903.0,12239.0,10908.0,35.5,3728.0,85.0,0.0,1859.0,4642.0,4262.0,380.0,1346.0,1206.0,140.0,1451.0,1255.0,196.0,1131.0,911.0,220.0,492.0,434.0,58.0,377.0,377.0,0.0,920.0,720.0,200.0,1241.0,1077.0,164.0,1677.0,1477.0,200.0
2022-07-22,Friday,13206.0,12628.0,12866.0,10615.0,11066.0,12794.0,11010.0,35.6,3402.0,85.0,0.0,1859.0,4186.0,4114.0,72.0,1211.0,1211.0,0.0,1366.0,1276.0,90.0,1041.0,921.0,120.0,603.0,603.0,0.0,381.0,381.0,0.0,893.0,833.0,60.0,1299.0,1229.0,70.0,1648.0,1648.0,0.0
2022-07-23,Saturday,13914.0,13328.0,12134.0,10662.0,10740.0,12131.0,10428.0,34.4,3636.0,85.0,0.0,1860.0,4584.0,4184.0,400.0,1239.0,1156.0,83.0,1537.0,1277.0,260.0,1165.0,895.0,270.0,491.0,401.0,90.0,389.0,389.0,0.0,908.0,748.0,160.0,1296.0,1056.0,240.0,1719.0,1439.0,280.0
2022-07-24,Sunday,12579.0,11997.0,11737.0,10428.0,10467.0,11737.0,10096.0,29.4,3088.0,85.0,0.0,1859.0,4478.0,4261.0,217.0,1219.0,1128.0,91.0,1329.0,1209.0,120.0,917.0,830.0,87.0,462.0,428.0,34.0,310.0,310.0,0.0,739.0,671.0,68.0,1119.0,1020.0,99.0,1424.0,1298.0,126.0
2022-07-25,Monday,13266.0,12843.0,11763.0,10096.0,10531.0,11689.0,10312.0,33.5,3107.0,85.0,0.0,2224.0,4571.0,4168.0,403.0,1156.0,1156.0,0.0,1435.0,1178.0,257.0,1103.0,854.0,249.0,477.0,416.0,61.0,350.0,350.0,0.0,917.0,735.0,182.0,1229.0,1029.0,200.0,1605.0,1380.0,225.0
2022-07-26,Tuesday,13421.0,13006.0,12042.0,10312.0,10464.0,12042.0,10386.0,31.2,4042.0,85.0,0.0,2088.0,4676.0,4399.0,276.0,1374.0,1229.0,145.0,1405.0,1185.0,220.0,1010.0,868.0,142.0,478.0,424.0,53.0,367.0,367.0,0.0,858.0,708.0,150.0,1228.0,1043.0,185.0,1611.0,1405.0,206.0
2022-07-27,Wednesday,13500.0,13328.0,12736.0,10386.0,10638.0,12572.0,10761.0,33.7,2817.0,85.0,0.0,2470.0,4805.0,4660.0,145.0,1344.0,1283.0,61.0,1454.0,1244.0,210.0,1029.0,839.0,190.0,607.0,607.0,0.0,379.0,379.0,0.0,845.0,705.0,140.0,1210.0,1044.0,166.0,1655.0,1435.0,220.0
2022-07-28,Thursday,13500.0,13129.0,12792.0,10599.0,10806.0,12784.0,10521.0,34.9,2751.0,85.0,0.0,2466.0,4775.0,4632.0,143.0,1290.0,1290.0,0.0,1368.0,1188.0,180.0,1075.0,912.0,163.0,565.0,521.0,44.0,379.0,379.0,0.0,844.0,764.0,80.0,1220.0,1070.0,150.0,1613.0,1437.0,176.0
2022-07-29,Friday,13500.0,12718.0,12992.0,10519.0,10605.0,12961.0,10748.0,35.0,2600.0,85.0,0.0,2475.0,4302.0,4302.0,0.0,1277.0,1277.0,0.0,1319.0,1299.0,20.0,1092.0,1035.0,57.0,571.0,571.0,0.0,367.0,367.0,0.0,890.0,872.0,18.0,1236.0,1221.0,15.0,1664.0,1646.0,18.0
2022-07-30,Saturday,13500.0,13240.0,12893.0,10748.0,11036.0,12836.0,10816.0,34.6,2580.0,85.0,0.0,2452.0,4701.0,4434.0,267.0,1397.0,1361.0,36.0,1371.0,1234.0,137.0,1140.0,973.0,167.0,567.0,567.0,0.0,410.0,410.0,0.0,743.0,666.0,77.0,1248.0,1096.0,152.0,1663.0,1518.0,145.0
2022-07-31,Sunday,13800.0,13335.0,12628.0,10641.0,10641.0,12620.0,10381.0,32.6,2778.0,85.0,0.0,2455.0,4850.0,4640.0,210.0,1384.0,1384.0,0.0,1195.0,1095.0,100.0,1117.0,868.0,249.0,521.0,503.0,18.0,408.0,408.0,0.0,802.0,702.0,100.0,1326.0,1116.0,210.0,1732.0,1532.0,200.0
2022-08-01,Saturday,9513.0,9319.0,9513.0,5475.0,7280.0,9513.0,6018.0,28.5,3890.0,160.0,157.0,3092.0,3495.0,3495.0,0.0,998.0,998.0,0.0,924.0,924.0,0.0,788.0,788.0,0.0,348.0,348.0,0.0,254.0,254.0,0.0,610.0,610.0,0.0,785.0,785.0,0.0,1117.0,1117.0,0.0
2022-08-02,Tuesday,9671.0,9292.0,9671.0,5844.0,8339.0,9671.0,5915.0,25.2,4705.0,160.0,195.0,2427.0,3347.0,3347.0,0.0,1078.0,1078.0,0.0,934.0,934.0,0.0,838.0,838.0,0.0,336.0,336.0,0.0,248.0,248.0,0.0,674.0,674.0,0.0,754.0,754.0,0.0,1083.0,1083.0,0.0
2022-08-03,Tuesday,11802.0,11354.0,11802.0,7763.0,10327.0,11802.0,8037.0,34.1,2672.0,159.0,184.0,3583.0,4173.0,4173.0,0.0,1290.0,1290.0,0.0,1181.0,1181.0,0.0,995.0,995.0,0.0,417.0,417.0,0.0,286.0,286.0,0.0,771.0,771.0,0.0,928.0,928.0,0.0,1313.0,1313.0,0.0
2022-08-04,Friday,13442.0,13011.0,13442.0,10167.0,10673.0,13442.0,10153.0,34.8,3525.0,0.0,163.0,1677.0,4623.0,4623.0,0.0,1291.0,1291.0,0.0,1490.0,1490.0,0.0,1018.0,1018.0,0.0,529.0,529.0,0.0,390.0,390.0,0.0,694.0,694.0,0.0,1297.0,1297.0,0.0,1679.0,1679.0,0.0
2022-08-05,Sunday,12734.0,12346.0,12789.0,9139.0,10901.0,12734.0,9377.0,35.0,2081.0,85.0,198.0,1334.0,3857.0,3857.0,0.0,1341.0,1341.0,0.0,1276.0,1276.0,0.0,1076.0,1076.0,0.0,560.0,560.0,0.0,429.0,429.0,0.0,834.0,834.0,0.0,1322.0,1322.0,0.0,1649.0,1649.0,0.0
2022-08-06,Wednesday,13985.0,13450.0,14038.0,10756.0,12226.0,13985.0,10338.0,35.7,2310.0,184.0,195.0,1963.0,5190.0,5190.0,0.0,1351.0,1351.0,0.0,1330.0,1330.0,0.0,1016.0,1016.0,0.0,520.0,520.0,0.0,425.0,425.0,0.0,765.0,765.0,0.0,1224.0,1224.0,0.0,1629.0,1629.0,0.0
2022-08-07,Friday,12785.0,12164.0,13071.0,9692.0,10139.0,12785.0,9066.0,34.0,2422.0,85.0,0.0,1973.0,3618.0,3618.0,0.0,1201.0,1201.0,0.0,1451.0,1451.0,0.0,1152.0,1152.0,0.0,534.0,534.0,0.0,388.0,388.0,0.0,911.0,911.0,0.0,1258.0,1258.0,0.0,1651.0,1651.0,0.0
2022-08-08,Monday,13900.0,13374.0,13047.0,10946.0,10946.0,12970.0,10442.0,34.5,2659.0,15.0,0.0,2396.0,4788.0,4565.0,223.0,1274.0,1274.0,0.0,1487.0,1340.0,147.0,1042.0,901.0,141.0,621.0,621.0,0.0,380.0,380.0,0.0,855.0,738.0,117.0,1264.0,1164.0,100.0,1663.0,1535.0,128.0
2022-08-09,Thursday,14370.0,13816.0,13608.0,11547.0,11999.0,13287.0,10481.0,35.5,2742.0,0.0,0.0,2270.0,4859.0,4652.0,207.0,1449.0,1449.0,0.0,1360.0,1249.0,111.0,1151.0,886.0,265.0,633.0,505.0,128.0,417.0,417.0,0.0,907.0,774.0,133.0,1343.0,1208.0,135.0,1696.0,1677.0,19.0
2022-08-10,Saturday,13872.0,13250.0,12289.0,9561.0,9737.0,12289.0,9522.0,35.5,4004.0,0.0,0.0,1844.0,4763.0,4163.0,600.0,1366.0,1088.0,278.0,1322.0,1304.0,18.0,1134.0,779.0,355.0,608.0,441.0,167.0,357.0,357.0,0.0,741.0,741.0,0.0,1353.0,1312.0,41.0,1607.0,1607.0,0.0
2022-08-11,Tuesday,11169.0,10638.0,11169.0,7802.0,9794.0,11169.0,7795.0,31.7,4247.0,0.0,0.0,2031.0,4176.0,4176.0,0.0,1221.0,1221.0,0.0,1001.0,1001.0,0.0,836.0,836.0,0.0,437.0,437.0,0.0,271.0,271.0,0.0,603.0,603.0,0.0,944.0,944.0,0.0,1150.0,1150.0,0.0
2022-08-12,Thursday,10035.0,9647.0,10035.0,6500.0,8746.0,10035.0,6402.0,29.0,2294.0,199.0,184.0,3154.0,3655.0,3655.0,0.0,1062.0,1062.0,0.0,971.0,971.0,0.0,775.0,775.0,0.0,357.0,357.0,0.0,242.0,242.0,0.0,660.0,660.0,0.0,813.0,813.0,0.0,1114.0,1114.0,0.0
2022-08-13,Saturday,13200.0,12846.0,13000.0,10378.0,10554.0,12811.0,10268.0,33.6,2980.0,0.0,0.0,2100.0,4558.0,4558.0,0.0,1325.0,1325.0,0.0,1417.0,1417.0,0.0,1170.0,915.0,255.0,562.0,517.0,45.0,322.0,322.0,0.0,784.0,726.0,58.0,1170.0,1170.0,0.0,1539.0,1539.0,0.0
2022-08-14,Sunday,12750.0,12331.0,12486.0,10268.0,10279.0,12482.0,9926.0,31.8,3094.0,0.0,0.0,2094.0,4348.0,4288.0,60.0,1329.0,1329.0,0.0,1250.0,1250.0,0.0,1117.0,930.0,187.0,601.0,601.0,0.0,268.0,268.0,0.0,853.0,853.0,0.0,1223.0,1223.0,0.0,1343.0,1343.0,0.0
2022-08-15,Monday,13110.0,12585.0,13081.0,9910.0,10622.0,13051.0,10559.0,32.8,2388.0,0.0,0.0,2098.0,4209.0,4209.0,0.0,1277.0,1277.0,0.0,1360.0,1360.0,0.0,1171.0,1117.0,54.0,553.0,553.0,0.0,369.0,369.0,0.0,909.0,909.0,0.0,1225.0,1225.0,0.0,1514.0,1514.0,0.0
2022-08-16,Tuesday,14100.0,13385.0,13526.0,10559.0,11564.0,13526.0,11212.0,35.0,3071.0,0.0,0.0,2078.0,4847.0,4847.0,0.0,1307.0,1307.0,0.0,1386.0,1307.0,79.0,1087.0,907.0,180.0,559.0,559.0,0.0,398.0,398.0,0.0,871.0,821.0,50.0,1317.0,1267.0,50.0,1613.0,1443.0,170.0
2022-08-17,Wednesday,14200.0,13562.0,13584.0,11212.0,11231.0,13413.0,10556.0,35.4,3056.0,0.0,0.0,2083.0,4798.0,4798.0,0.0,1347.0,1347.0,0.0,1467.0,1312.0,155.0,1078.0,908.0,170.0,555.0,500.0,55.0,418.0,418.0,0.0,923.0,848.0,75.0,1263.0,1158.0,105.0,1714.0,1549.0,165.0
2022-08-18,Thursday,13450.0,12885.0,12982.0,10556.0,11356.0,12946.0,10433.0,37.1,3072.0,0.0,0.0,2100.0,4964.0,4846.0,118.0,1309.0,1309.0,0.0,1426.0,1344.0,82.0,1041.0,952.0,89.0,548.0,512.0,36.0,310.0,310.0,0.0,835.0,793.0,42.0,1055.0,994.0,60.0,1398.0,1362.0,36.0
2022-08-19,Friday,12759.0,12209.0,12948.0,10433.0,10658.0,12644.0,10502.0,34.0,2881.0,0.0,0.0,2076.0,4319.0,4319.0,0.0,1248.0,1248.0,0.0,1358.0,1358.0,0.0,1147.0,1041.0,106.0,486.0,486.0,0.0,255.0,255.0,0.0,917.0,917.0,0.0,1188.0,1188.0,0.0,1291.0,1291.0,0.0
2022-08-20,Saturday,13950.0,13236.0,13478.0,10502.0,10924.0,13432.0,10977.0,34.3,3012.0,0.0,0.0,2089.0,4795.0,4735.0,60.0,1234.0,1234.0,0.0,1349.0,1349.0,0.0,1174.0,874.0,300.0,613.0,613.0,0.0,368.0,368.0,0.0,926.0,926.0,0.0,1255.0,1184.0,71.0,1522.0,1522.0,0.0
2022-08-21,Sunday,14100.0,13400.0,13387.0,10977.0,11224.0,13387.0,11011.0,35.3,3019.0,0.0,0.0,2092.0,4834.0,4764.0,70.0,1345.0,1345.0,0.0,1378.0,1308.0,70.0,1091.0,871.0,220.0,565.0,525.0,40.0,410.0,410.0,0.0,897.0,847.0,50.0,1341.0,1271.0,70.0,1540.0,1403.0,137.0
2022-08-22,Monday,14450.0,13827.0,13480.0,11008.0,11163.0,13371.0,10759.0,34.5,2924.0,0.0,0.0,2079.0,4912.0,4782.0,130.0,1301.0,1301.0,0.0,1427.0,1257.0,170.0,1090.0,840.0,250.0,630.0,630.0,0.0,421.0,421.0,0.0,935.0,845.0,90.0,1359.0,1179.0,180.0,1753.0,1579.0,174.0
2022-08-23,Tuesday,14200.0,13605.0,13646.0,10759.0,11433.0,13646.0,10752.0,33.9,2480.0,0.0,0.0,2073.0,4859.0,4774.0,85.0,1378.0,1378.0,0.0,1421.0,1421.0,0.0,1242.0,876.0,366.0,485.0,485.0,0.0,377.0,377.0,0.0,844.0,844.0,0.0,1315.0,1255.0,60.0,1684.0,1684.0,0.0
2022-08-24,Wednesday,14100.0,13556.0,13472.0,10753.0,11401.0,13472.0,11115.0,32.9,2826.0,0.0,0.0,2070.0,4849.0,4699.0,150.0,1320.0,1320.0,0.0,1439.0,1439.0,0.0,1222.0,902.0,320.0,608.0,529.0,79.0,356.0,356.0,0.0,924.0,924.0,0.0,1258.0,1228.0,30.0,1581.0,1581.0,0.0
2022-08-25,Thursday,14561.0,13951.0,13985.0,11115.0,11848.0,13985.0,11149.0,33.4,2410.0,0.0,0.0,2073.0,4880.0,4749.0,131.0,1338.0,1338.0,0.0,1467.0,1467.0,0.0,1224.0,992.0,232.0,627.0,554.0,73.0,398.0,398.0,0.0,928.0,893.0,35.0,1400.0,1340.0,60.0,1689.0,1689.0,0.0
2022-08-26,Friday,14112.0,13701.0,13855.0,11149.0,11430.0,13777.0,11380.0,35.0,2344.0,0.0,0.0,2066.0,4683.0,4637.0,46.0,1293.0,1293.0,0.0,1457.0,1457.0,0.0,1218.0,996.0,222.0,619.0,619.0,0.0,407.0,407.0,0.0,942.0,921.0,21.0,1398.0,1378.0,20.0,1685.0,1685.0,0.0
2022-08-27,Saturday,13915.0,13436.0,13466.0,11367.0,11759.0,13461.0,11101.0,33.6,2341.0,0.0,0.0,1875.0,4907.0,4761.0,146.0,1134.0,1134.0,0.0,1488.0,1488.0,0.0,1232.0,960.0,272.0,537.0,537.0,0.0,374.0,374.0,0.0,900.0,900.0,0.0,1230.0,1230.0,0.0,1634.0,1634.0,0.0
2022-08-28,Sunday,14150.0,13557.0,13696.0,11101.0,11639.0,13537.0,11108.0,32.6,2575.0,0.0,0.0,1875.0,4860.0,4762.0,98.0,1235.0,1235.0,0.0,1507.0,1399.0,108.0,1202.0,1040.0,162.0,561.0,561.0,0.0,397.0,397.0,0.0,831.0,813.0,18.0,1286.0,1216.0,70.0,1678.0,1569.0,109.0
2022-08-29,Monday,14300.0,13537.0,13423.0,11108.0,11841.0,13423.0,11624.0,35.2,3160.0,0.0,0.0,1883.0,4853.0,4676.0,177.0,1312.0,1312.0,0.0,1404.0,1314.0,90.0,1173.0,998.0,175.0,561.0,511.0,50.0,410.0,410.0,0.0,887.0,821.0,66.0,1390.0,1260.0,130.0,1546.0,1426.0,120.0
2022-08-30,Tuesday,14700.0,13962.0,13422.0,11624.0,11717.0,13338.0,11567.0,36.1,2969.0,0.0,0.0,1875.0,4963.0,4566.0,397.0,1443.0,1400.0,43.0,1412.0,1302.0,110.0,1205.0,980.0,225.0,572.0,482.0,90.0,422.0,422.0,0.0,844.0,754.0,90.0,1350.0,1170.0,180.0,1751.0,1631.0,120.0
2022-08-31,Wednesday,14745.0,13989.0,13750.0,11567.0,11822.0,13581.0,11508.0,35.6,2866.0,0.0,0.0,1731.0,5013.0,4686.0,327.0,1363.0,1363.0,0.0,1413.0,1413.0,0.0,1203.0,997.0,206.0,587.0,529.0,58.0,403.0,403.0,0.0,823.0,823.0,0.0,1446.0,1260.0,186.0,1739.0,1443.0,296.0
2022-09-01,Sunday,9537.0,9407.0,9537.0,6018.0,8149.0,9537.0,6007.0,28.6,3827.0,160.0,148.0,3172.0,3552.0,3552.0,0.0,1028.0,1028.0,0.0,950.0,950.0,0.0,808.0,808.0,0.0,340.0,340.0,0.0,249.0,249.0,0.0,634.0,634.0,0.0,759.0,759.0,0.0,1087.0,1087.0,0.0
2022-09-02,Wednesday,9748.0,9327.0,9748.0,5915.0,8610.0,9748.0,5950.0,26.5,4484.0,159.0,184.0,2437.0,3368.0,3368.0,0.0,1040.0,1040.0,0.0,931.0,931.0,0.0,862.0,862.0,0.0,333.0,333.0,0.0,225.0,225.0,0.0,692.0,692.0,0.0,782.0,782.0,0.0,1094.0,1094.0,0.0
2022-09-03,Wednesday,11895.0,11229.0,11895.0,8037.0,10381.0,11895.0,8001.0,34.0,2866.0,159.0,184.0,3096.0,4112.0,4112.0,0.0,1224.0,1224.0,0.0,1177.0,1177.0,0.0,1016.0,1016.0,0.0,434.0,434.0,0.0,283.0,283.0,0.0,742.0,742.0,0.0,978.0,978.0,0.0,1263.0,1263.0,0.0
2022-09-04,Saturday,13906.0,13313.0,13963.0,10153.0,11642.0,13906.0,10122.0,34.2,3445.0,0.0,161.0,1685.0,4973.0,4973.0,0.0,1274.0,1274.0,0.0,1479.0,1479.0,0.0,902.0,902.0,0.0,528.0,528.0,0.0,414.0,414.0,0.0,682.0,682.0,0.0,1298.0,1298.0,0.0,1763.0,1763.0,0.0
2022-09-05,Monday,11820.0,11397.0,12205.0,9377.0,10378.0,11820.0,8622.0,30.6,2780.0,85.0,200.0,2040.0,3874.0,3874.0,0.0,1107.0,1107.0,0.0,1255.0,1255.0,0.0,1028.0,1028.0,0.0,541.0,541.0,0.0,292.0,292.0,0.0,819.0,819.0,0.0,1103.0,1103.0,0.0,1378.0,1378.0,0.0
2022-09-06,Thursday,12051.0,11721.0,13310.0,10338.0,10677.0,12051.0,8452.0,33.0,2363.0,184.0,198.0,2127.0,4394.0,4394.0,0.0,1329.0,1329.0,0.0,1163.0,1163.0,0.0,900.0,900.0,0.0,486.0,486.0,0.0,277.0,277.0,0.0,808.0,808.0,0.0,934.0,934.0,0.0,1431.0,1431.0,0.0
2022-09-07,Saturday,11760.0,11273.0,12204.0,8857.0,9147.0,11760.0,8130.0,35.6,1879.0,85.0,0.0,1973.0,3126.0,3126.0,0.0,972.0,972.0,0.0,1402.0,1402.0,0.0,1105.0,1105.0,0.0,494.0,494.0,0.0,392.0,392.0,0.0,905.0,905.0,0.0,1302.0,1302.0,0.0,1575.0,1575.0,0.0
2022-09-08,Tuesday,13400.0,12830.0,12815.0,10292.0,10618.0,12815.0,10360.0,33.6,3026.0,0.0,0.0,2192.0,4504.0,4395.0,109.0,1316.0,1316.0,0.0,1367.0,1292.0,75.0,1054.0,914.0,140.0,614.0,614.0,0.0,299.0,299.0,0.0,907.0,852.0,55.0,1292.0,1202.0,90.0,1477.0,1407.0,70.0
2022-09-09,Friday,13141.0,12602.0,13278.0,10481.0,11629.0,12912.0,10634.0,36.6,2288.0,0.0,0.0,2195.0,4558.0,4558.0,0.0,1188.0,1188.0,0.0,1359.0,1359.0,0.0,1034.0,823.0,211.0,407.0,407.0,0.0,421.0,421.0,0.0,876.0,876.0,0.0,1163.0,1163.0,0.0,1596.0,1596.0,0.0
2022-09-10,Sunday,13452.0,12826.0,12383.0,9440.0,9703.0,12383.0,9990.0,34.4,3704.0,0.0,0.0,2023.0,4515.0,4159.0,356.0,1256.0,1256.0,0.0,1373.0,1373.0,0.0,1113.0,851.0,262.0,567.0,456.0,111.0,368.0,368.0,0.0,719.0,719.0,0.0,1311.0,1055.0,256.0,1606.0,1606.0,0.0
2022-09-11,Wednesday,11069.0,10608.0,11069.0,7795.0,9343.0,11069.0,7720.0,31.5,4355.0,0.0,0.0,2041.0,4139.0,4139.0,0.0,1263.0,1263.0,0.0,1006.0,1006.0,0.0,814.0,814.0,0.0,414.0,414.0,0.0,271.0,271.0,0.0,620.0,620.0,0.0,947.0,947.0,0.0,1134.0,1134.0,0.0
2022-09-12,Friday,8874.0,8442.0,8874.0,6402.0,7716.0,8874.0,6021.0,29.0,2201.0,199.0,184.0,2842.0,2977.0,2977.0,0.0,966.0,966.0,0.0,874.0,874.0,0.0,721.0,721.0,0.0,336.0,336.0,0.0,246.0,246.0,0.0,576.0,576.0,0.0,742.0,742.0,0.0,1005.0,1005.0,0.0
2022-09-13,Tuesday,11790.0,11494.0,11790.0,9163.0,9641.0,11790.0,8905.0,26.5,2348.0,0.0,0.0,2055.0,4352.0,4352.0,0.0,1311.0,1311.0,0.0,1095.0,1095.0,0.0,937.0,937.0,0.0,483.0,483.0,0.0,269.0,269.0,0.0,734.0,734.0,0.0,1010.0,1010.0,0.0,1303.0,1303.0,0.0
2022-09-14,Wednesday,11975.0,11588.0,11915.0,8905.0,10133.0,11915.0,8864.0,27.4,2344.0,0.0,0.0,2097.0,4285.0,4265.0,20.0,1209.0,1209.0,0.0,1179.0,1179.0,0.0,999.0,964.0,35.0,482.0,482.0,0.0,305.0,305.0,0.0,726.0,726.0,0.0,1040.0,1040.0,0.0,1363.0,1363.0,0.0
2022-09-15,Thursday,12683.0,12252.0,12683.0,8864.0,10903.0,12683.0,9123.0,32.7,2904.0,0.0,0.0,2032.0,4733.0,4733.0,0.0,1281.0,1281.0,0.0,1155.0,1155.0,0.0,926.0,926.0,0.0,525.0,525.0,0.0,334.0,334.0,0.0,777.0,777.0,0.0,1162.0,1162.0,0.0,1359.0,1359.0,0.0
2022-09-16,Friday,12558.0,12112.0,12515.0,9123.0,10156.0,12502.0,9700.0,31.7,2964.0,0.0,0.0,2033.0,4306.0,4306.0,0.0,1241.0,1241.0,0.0,1235.0,1235.0,0.0,1083.0,1045.0,38.0,510.0,510.0,0.0,321.0,321.0,0.0,835.0,825.0,10.0,1138.0,1134.0,4.0,1443.0,1443.0,0.0
2022-09-17,Saturday,13669.0,13189.0,13431.0,9700.0,11391.0,13431.0,10466.0,34.6,2893.0,0.0,0.0,2376.0,4777.0,4737.0,40.0,1262.0,1262.0,0.0,1402.0,1402.0,0.0,1110.0,958.0,152.0,588.0,588.0,0.0,369.0,369.0,0.0,838.0,838.0,0.0,1303.0,1276.0,27.0,1540.0,1540.0,0.0
2022-09-18,Sunday,13960.0,13399.0,13498.0,10466.0,11732.0,13498.0,10447.0,32.0,3095.0,0.0,0.0,2374.0,4795.0,4795.0,0.0,1298.0,1298.0,0.0,1415.0,1310.0,105.0,1110.0,934.0,176.0,591.0,581.0,10.0,371.0,371.0,0.0,954.0,900.0,54.0,1297.0,1272.0,25.0,1568.0,1512.0,56.0
2022-09-19,Monday,13964.0,13437.0,13543.0,10447.0,11712.0,13543.0,10459.0,34.3,2805.0,0.0,0.0,2739.0,4829.0,4800.0,29.0,1266.0,1266.0,0.0,1387.0,1387.0,0.0,1136.0,923.0,213.0,634.0,539.0,95.0,368.0,368.0,0.0,903.0,903.0,0.0,1319.0,1268.0,51.0,1595.0,1595.0,0.0
2022-09-20,Tuesday,14031.0,13519.0,13575.0,10459.0,11336.0,13575.0,10377.0,33.0,3198.0,0.0,0.0,2194.0,4801.0,4726.0,75.0,1411.0,1411.0,0.0,1405.0,1405.0,0.0,1159.0,937.0,222.0,626.0,543.0,83.0,359.0,359.0,0.0,909.0,909.0,0.0,1293.0,1253.0,40.0,1556.0,1556.0,0.0
2022-09-21,Wednesday,13832.0,13349.0,13430.0,10377.0,11629.0,13421.0,10903.0,34.4,3572.0,0.0,0.0,2018.0,4762.0,4662.0,100.0,1338.0,1338.0,0.0,1423.0,1423.0,0.0,1119.0,948.0,171.0,551.0,531.0,20.0,380.0,380.0,0.0,888.0,838.0,50.0,1286.0,1248.0,38.0,1603.0,1603.0,0.0
2022-09-22,Thursday,14234.0,13627.0,13177.0,10903.0,11587.0,13138.0,10677.0,34.6,3639.0,0.0,0.0,1994.0,4836.0,4673.0,163.0,1310.0,1310.0,0.0,1424.0,1281.0,143.0,1114.0,967.0,147.0,639.0,527.0,112.0,391.0,391.0,0.0,904.0,780.0,124.0,1327.0,1205.0,122.0,1682.0,1483.0,199.0
2022-09-23,Friday,13487.0,13029.0,13332.0,10535.0,10990.0,13332.0,10585.0,34.9,3302.0,0.0,0.0,2024.0,4587.0,4587.0,0.0,1306.0,1306.0,0.0,1358.0,1358.0,0.0,1140.0,1007.0,133.0,570.0,570.0,0.0,374.0,374.0,0.0,844.0,844.0,0.0,1237.0,1227.0,10.0,1613.0,1613.0,0.0
2022-09-24,Saturday,13651.0,13149.0,12964.0,10585.0,11098.0,12902.0,10810.0,34.2,3376.0,0.0,0.0,2024.0,4673.0,4531.0,142.0,1189.0,1189.0,0.0,1440.0,1306.0,134.0,1107.0,965.0,142.0,548.0,548.0,0.0,383.0,383.0,0.0,893.0,785.0,108.0,1218.0,1218.0,0.0,1698.0,1521.0,177.0
2022-09-25,Sunday,13649.0,13148.0,12916.0,10810.0,11208.0,12911.0,10614.0,33.6,3328.0,0.0,0.0,2214.0,4550.0,4442.0,108.0,1304.0,1304.0,0.0,1397.0,1305.0,92.0,1086.0,967.0,119.0,555.0,555.0,0.0,383.0,383.0,0.0,878.0,800.0,78.0,1310.0,1195.0,115.0,1685.0,1517.0,168.0
2022-09-26,Monday,14200.0,13568.0,12934.0,10614.0,10982.0,12929.0,10614.0,33.8,3586.0,0.0,0.0,2184.0,4803.0,4443.0,360.0,1424.0,1390.0,34.0,1350.0,1220.0,130.0,1120.0,1027.0,93.0,596.0,496.0,100.0,383.0,383.0,0.0,869.0,759.0,110.0,1369.0,1199.0,170.0,1654.0,1480.0,174.0
2022-09-27,Tuesday,14200.0,13635.0,12921.0,10614.0,11311.0,12847.0,10994.0,33.3,3524.0,0.0,0.0,1940.0,4927.0,4718.0,209.0,1388.0,1388.0,0.0,1423.0,1265.0,158.0,1091.0,883.0,208.0,623.0,516.0,107.0,396.0,396.0,0.0,856.0,708.0,148.0,1302.0,1132.0,170.0,1629.0,1382.0,247.0
2022-09-28,Wednesday,14500.0,13713.0,12904.0,10994.0,11534.0,12904.0,10599.0,32.2,3463.0,0.0,0.0,1929.0,4890.0,4545.0,345.0,1484.0,1294.0,190.0,1366.0,1222.0,144.0,1131.0,954.0,177.0,609.0,491.0,118.0,406.0,406.0,0.0,876.0,707.0,169.0,1297.0,1199.0,98.0,1654.0,1424.0,230.0
2022-09-29,Thursday,14429.0,13758.0,12993.0,10599.0,10966.0,12983.0,10467.0,33.3,3110.0,0.0,0.0,1929.0,4835.0,4643.0,192.0,1427.0,1386.0,41.0,1343.0,1179.0,164.0,1156.0,925.0,231.0,624.0,465.0,159.0,415.0,415.0,0.0,849.0,695.0,154.0,1402.0,1202.0,200.0,1707.0,1515.0,192.0
2022-09-30,Friday,13921.0,13306.0,13010.0,10467.0,10869.0,13010.0,10525.0,35.6,3364.0,0.0,0.0,1820.0,4663.0,4570.0,93.0,1243.0,1243.0,0.0,1343.0,1203.0,140.0,1127.0,949.0,178.0,624.0,545.0,79.0,393.0,393.0,0.0,849.0,762.0,87.0,1378.0,1338.0,40.0,1687.0,1464.0,223.0
2022-10-01,Monday,9612.0,9589.0,9612.0,6007.0,8242.0,9612.0,6210.0,28.1,3790.0,159.0,144.0,3182.0,3671.0,3671.0,0.0,1091.0,1091.0,0.0,958.0,958.0,0.0,812.0,812.0,0.0,339.0,339.0,0.0,248.0,248.0,0.0,626.0,626.0,0.0,770.0,770.0,0.0,1074.0,1074.0,0.0
2022-10-02,Thursday,9596.0,9061.0,9596.0,5950.0,8698.0,9596.0,5954.0,20.7,4301.0,159.0,184.0,2417.0,3290.0,3290.0,0.0,1036.0,1036.0,0.0,908.0,908.0,0.0,798.0,798.0,0.0,302.0,302.0,0.0,240.0,240.0,0.0,651.0,651.0,0.0,743.0,743.0,0.0,1093.0,1093.0,0.0
2022-10-03,Thursday,11722.0,11148.0,11722.0,8001.0,10466.0,11722.0,8066.0,33.3,2997.0,159.0,184.0,3118.0,4112.0,4112.0,0.0,1170.0,1170.0,0.0,1168.0,1168.0,0.0,974.0,974.0,0.0,446.0,446.0,0.0,279.0,279.0,0.0,770.0,770.0,0.0,968.0,968.0,0.0,1261.0,1261.0,0.0
2022-10-04,Sunday,12853.0,12466.0,12853.0,10122.0,11613.0,12853.0,9421.0,33.8,3353.0,0.0,161.0,1748.0,4703.0,4703.0,0.0,1347.0,1347.0,0.0,1382.0,1382.0,0.0,591.0,591.0,0.0,489.0,489.0,0.0,393.0,393.0,0.0,573.0,573.0,0.0,1303.0,1303.0,0.0,1685.0,1685.0,0.0
2022-10-05,Tuesday,11472.0,11196.0,11472.0,8622.0,9695.0,11472.0,8706.0,31.8,2536.0,85.0,200.0,2039.0,3793.0,3793.0,0.0,1288.0,1288.0,0.0,1159.0,1159.0,0.0,848.0,848.0,0.0,430.0,430.0,0.0,375.0,375.0,0.0,824.0,824.0,0.0,1126.0,1126.0,0.0,1353.0,1353.0,0.0
2022-10-06,Friday,12700.0,12290.0,12766.0,8452.0,9684.0,12700.0,9800.0,33.0,2055.0,184.0,198.0,2126.0,4170.0,4170.0,0.0,1364.0,1364.0,0.0,1365.0,1365.0,0.0,1010.0,1010.0,0.0,464.0,464.0,0.0,355.0,355.0,0.0,759.0,759.0,0.0,1212.0,1212.0,0.0,1591.0,1591.0,0.0
2022-10-07,Sunday,12102.0,11638.0,12264.0,7802.0,8066.0,12102.0,9096.0,35.6,2014.0,85.0,0.0,1973.0,3251.0,3251.0,0.0,998.0,998.0,0.0,1469.0,1469.0,0.0,1117.0,1117.0,0.0,536.0,536.0,0.0,396.0,396.0,0.0,915.0,915.0,0.0,1347.0,1347.0,0.0,1609.0,1609.0,0.0
2022-10-08,Wednesday,13700.0,12941.0,12397.0,10270.0,10291.0,12397.0,10280.0,33.2,3013.0,0.0,0.0,2054.0,4629.0,4398.0,231.0,1218.0,1218.0,0.0,1422.0,1220.0,202.0,1120.0,830.0,290.0,620.0,598.0,22.0,274.0,274.0,0.0,859.0,793.0,66.0,1277.0,1047.0,230.0,1522.0,1362.0,160.0
2022-10-09,Saturday,13560.0,13021.0,13320.0,10634.0,11351.0,13320.0,10443.0,34.9,2460.0,0.0,0.0,2399.0,4778.0,4702.0,76.0,1188.0,1188.0,0.0,1395.0,1395.0,0.0,1130.0,985.0,145.0,440.0,440.0,0.0,369.0,369.0,0.0,898.0,898.0,0.0,1219.0,1219.0,0.0,1605.0,1605.0,0.0
2022-10-10,Monday,13923.0,13358.0,12901.0,9839.0,10256.0,12901.0,9961.0,32.3,4098.0,0.0,0.0,2512.0,4867.0,4485.0,382.0,1262.0,1262.0,0.0,1371.0,1371.0,0.0,1139.0,930.0,209.0,549.0,499.0,50.0,369.0,369.0,0.0,851.0,782.0,69.0,1340.0,1108.0,232.0,1612.0,1612.0,0.0
2022-10-11,Thursday,10950.0,10504.0,10951.0,7720.0,9955.0,10950.0,7469.0,32.3,4306.0,0.0,0.0,2035.0,4221.0,4221.0,0.0,1161.0,1161.0,0.0,986.0,986.0,0.0,804.0,804.0,0.0,404.0,404.0,0.0,268.0,268.0,0.0,606.0,606.0,0.0,914.0,914.0,0.0,1141.0,1141.0,0.0
2022-10-12,Saturday,9822.0,9362.0,9822.0,6021.0,7995.0,9822.0,6264.0,28.9,2330.0,199.0,184.0,2848.0,3457.0,3457.0,0.0,1078.0,1078.0,0.0,827.0,827.0,0.0,768.0,768.0,0.0,366.0,366.0,0.0,244.0,244.0,0.0,695.0,695.0,0.0,814.0,814.0,0.0,1114.0,1114.0,0.0
2022-10-13,Thursday,12856.0,12414.0,12747.0,9623.0,10656.0,12747.0,9364.0,33.3,2903.0,0.0,0.0,3054.0,4584.0,4584.0,0.0,1312.0,1312.0,0.0,1235.0,1235.0,0.0,1007.0,927.0,80.0,502.0,502.0,0.0,366.0,366.0,0.0,727.0,727.0,0.0,1252.0,1232.0,20.0,1430.0,1430.0,0.0
2022-10-14,Friday,12596.0,11986.0,12391.0,9364.0,9778.0,12363.0,9697.0,33.7,2842.0,0.0,0.0,3049.0,4190.0,4183.0,7.0,1232.0,1232.0,0.0,1239.0,1239.0,0.0,1058.0,889.0,169.0,451.0,442.0,9.0,350.0,350.0,0.0,716.0,716.0,0.0,1261.0,1231.0,30.0,1489.0,1489.0,0.0
2022-10-15,Saturday,13354.0,12665.0,12348.0,9512.0,10119.0,12348.0,9442.0,33.7,3129.0,0.0,0.0,3049.0,4783.0,4409.0,374.0,1252.0,1252.0,0.0,1287.0,1287.0,0.0,1058.0,847.0,211.0,570.0,468.0,102.0,362.0,362.0,0.0,579.0,528.0,51.0,1232.0,1043.0,189.0,1542.0,1542.0,0.0
2022-10-16,Sunday,13177.0,12678.0,12309.0,9442.0,10481.0,12309.0,9601.0,34.1,3186.0,0.0,0.0,3054.0,4682.0,4338.0,344.0,1311.0,1311.0,0.0,1250.0,1250.0,0.0,1060.0,900.0,160.0,548.0,444.0,104.0,349.0,349.0,0.0,743.0,721.0,22.0,1253.0,1083.0,170.0,1482.0,1482.0,0.0
2022-10-17,Monday,13593.0,12947.0,12385.0,9601.0,9896.0,12385.0,9668.0,34.3,3048.0,0.0,0.0,3054.0,4779.0,4411.0,368.0,1321.0,1170.0,151.0,1287.0,1192.0,95.0,1054.0,893.0,161.0,581.0,505.0,76.0,357.0,357.0,0.0,798.0,724.0,74.0,1297.0,1109.0,188.0,1474.0,1474.0,0.0
2022-10-18,Tuesday,13660.0,13119.0,12255.0,9668.0,10351.0,12255.0,9665.0,33.4,2885.0,0.0,0.0,3049.0,4900.0,4692.0,208.0,1297.0,1081.0,216.0,1349.0,1187.0,162.0,1070.0,810.0,260.0,563.0,438.0,125.0,369.0,369.0,0.0,792.0,678.0,114.0,1265.0,1055.0,210.0,1515.0,1515.0,0.0
2022-10-19,Wednesday,13019.0,12528.0,12314.0,9393.0,10144.0,12314.0,9346.0,33.3,2822.0,0.0,0.0,3213.0,4709.0,4564.0,145.0,1232.0,1125.0,107.0,1226.0,1226.0,0.0,1057.0,926.0,131.0,558.0,480.0,78.0,370.0,370.0,0.0,691.0,691.0,0.0,1268.0,1079.0,189.0,1418.0,1418.0,0.0
2022-10-20,Thursday,13150.0,12583.0,12286.0,9346.0,10122.0,12286.0,9072.0,34.4,2914.0,0.0,0.0,3318.0,4687.0,4357.0,330.0,1376.0,1376.0,0.0,1234.0,1234.0,0.0,1025.0,855.0,170.0,553.0,449.0,104.0,359.0,359.0,0.0,690.0,690.0,0.0,1201.0,1009.0,192.0,1459.0,1459.0,0.0
2022-10-21,Friday,12500.0,12075.0,12276.0,9072.0,9451.0,12276.0,9319.0,34.4,2804.0,0.0,0.0,3214.0,4463.0,4453.0,10.0,1268.0,1268.0,0.0,1216.0,1216.0,0.0,1007.0,891.0,116.0,509.0,509.0,0.0,338.0,338.0,0.0,667.0,667.0,0.0,1205.0,1125.0,80.0,1402.0,1402.0,0.0
2022-10-22,Saturday,12952.0,12373.0,12318.0,9281.0,9750.0,12318.0,9259.0,34.8,2917.0,0.0,0.0,3192.0,4666.0,4506.0,160.0,1214.0,1214.0,0.0,1213.0,1213.0,0.0,1005.0,805.0,200.0,522.0,419.0,103.0,379.0,379.0,0.0,645.0,645.0,0.0,1249.0,1128.0,121.0,1481.0,1481.0,0.0
2022-10-23,Sunday,13060.0,12476.0,11939.0,8928.0,9817.0,11939.0,8027.0,30.3,3203.0,0.0,0.0,3241.0,4746.0,4578.0,168.0,1303.0,1110.0,193.0,1281.0,1141.0,140.0,984.0,762.0,222.0,518.0,495.0,23.0,312.0,312.0,0.0,723.0,675.0,48.0,1226.0,1097.0,129.0,1383.0,1273.0,110.0
2022-10-24,Monday,5652.0,5372.0,9759.0,8027.0,8146.0,5652.0,2828.0,23.3,806.0,0.0,0.0,2295.0,2512.0,2512.0,0.0,696.0,696.0,0.0,679.0,679.0,0.0,299.0,299.0,0.0,237.0,237.0,0.0,26.0,26.0,0.0,368.0,368.0,0.0,254.0,254.0,0.0,301.0,301.0,0.0
2022-10-25,Tuesday,9032.0,8848.0,9032.0,2828.0,6655.0,9032.0,6593.0,27.3,3109.0,0.0,0.0,2788.0,3596.0,3596.0,0.0,980.0,980.0,0.0,1010.0,1010.0,0.0,716.0,716.0,0.0,355.0,355.0,0.0,131.0,131.0,0.0,613.0,613.0,0.0,509.0,509.0,0.0,940.0,940.0,0.0
2022-10-26,Wednesday,10800.0,10419.0,10833.0,6593.0,9263.0,10800.0,7595.0,32.1,3252.0,0.0,0.0,2492.0,4143.0,4143.0,0.0,1133.0,1133.0,0.0,1145.0,1145.0,0.0,826.0,826.0,0.0,381.0,381.0,0.0,209.0,209.0,0.0,638.0,638.0,0.0,807.0,807.0,0.0,1138.0,1138.0,0.0
2022-10-27,Thursday,11028.0,10633.0,11028.0,7595.0,9524.0,11028.0,7289.0,30.8,4015.0,0.0,0.0,2489.0,4245.0,4245.0,0.0,1148.0,1148.0,0.0,1089.0,1089.0,0.0,831.0,831.0,0.0,415.0,415.0,0.0,232.0,232.0,0.0,650.0,650.0,0.0,863.0,863.0,0.0,1159.0,1159.0,0.0
2022-10-28,Friday,10071.0,9283.0,10071.0,7289.0,8594.0,10071.0,7120.0,31.7,3880.0,0.0,0.0,2679.0,3434.0,3434.0,0.0,976.0,976.0,0.0,1001.0,1001.0,0.0,757.0,757.0,0.0,399.0,399.0,0.0,224.0,224.0,0.0,574.0,574.0,0.0,836.0,836.0,0.0,1083.0,1083.0,0.0
2022-10-29,Saturday,11060.0,10649.0,11060.0,7120.0,9040.0,11060.0,7713.0,31.4,3738.0,0.0,0.0,3008.0,4148.0,4148.0,0.0,1183.0,1183.0,0.0,1071.0,1071.0,0.0,833.0,833.0,0.0,449.0,449.0,0.0,237.0,237.0,0.0,630.0,630.0,0.0,964.0,964.0,0.0,1135.0,1135.0,0.0
2022-10-30,Sunday,11300.0,10860.0,11230.0,7713.0,9865.0,11230.0,8172.0,32.5,4021.0,0.0,0.0,2903.0,4103.0,4038.0,65.0,1276.0,1276.0,0.0,1039.0,1039.0,0.0,875.0,875.0,0.0,501.0,501.0,0.0,263.0,263.0,0.0,634.0,634.0,0.0,1024.0,1024.0,0.0,1145.0,1145.0,0.0
2022-10-31,Monday,11815.0,11327.0,11431.0,8172.0,9836.0,11431.0,8587.0,32.8,3977.0,0.0,0.0,3102.0,4337.0,4168.0,169.0,1412.0,1337.0,75.0,957.0,957.0,0.0,898.0,868.0,30.0,481.0,471.0,10.0,288.0,288.0,0.0,623.0,623.0,0.0,1120.0,1050.0,70.0,1212.0,1212.0,0.0
2022-11-01,Tuesday,9726.0,9552.5,9726.0,6210.0,8457.0,9726.0,5854.0,27.8,3853.0,160.0,145.0,3172.0,3500.0,3415.5,169.0,1098.0,1098.0,0.0,967.0,967.0,0.0,816.0,816.0,0.0,337.0,337.0,0.0,247.0,247.0,0.0,614.0,614.0,0.0,795.0,795.0,0.0,1085.0,1085.0,0.0
2022-11-02,Friday,8555.0,8152.0,8555.0,5954.0,7479.0,8555.0,5534.0,25.8,3916.0,159.0,184.0,2447.0,2663.0,2663.0,0.0,950.0,950.0,0.0,903.0,903.0,0.0,797.0,797.0,0.0,318.0,318.0,0.0,204.0,204.0,0.0,617.0,617.0,0.0,693.0,693.0,0.0,1007.0,1007.0,0.0
2022-11-03,Friday,10372.0,9891.0,10372.0,8066.0,8958.0,10372.0,7575.0,32.8,2691.0,160.0,202.0,3369.0,3323.0,3323.0,0.0,1067.0,1067.0,0.0,1060.0,1060.0,0.0,944.0,944.0,0.0,431.0,431.0,0.0,270.0,270.0,0.0,721.0,721.0,0.0,917.0,917.0,0.0,1158.0,1158.0,0.0
2022-11-04,Monday,13832.0,13473.0,13832.0,9421.0,11129.0,13832.0,10211.0,33.8,2110.0,0.0,162.0,1666.0,4922.0,4922.0,0.0,1371.0,1371.0,0.0,1532.0,1532.0,0.0,1062.0,1062.0,0.0,417.0,417.0,0.0,411.0,411.0,0.0,651.0,651.0,0.0,1330.0,1330.0,0.0,1777.0,1777.0,0.0
2022-11-05,Wednesday,11566.0,11280.0,11566.0,8706.0,10204.0,11566.0,8850.0,31.9,2450.0,85.0,200.0,1633.0,3918.0,3918.0,0.0,1326.0,1326.0,0.0,1176.0,1176.0,0.0,942.0,942.0,0.0,398.0,398.0,0.0,300.0,300.0,0.0,847.0,847.0,0.0,1020.0,1020.0,0.0,1353.0,1353.0,0.0
2022-11-06,Saturday,13803.0,13203.0,13857.0,9800.0,11160.0,13803.0,10325.0,34.0,2244.0,184.0,198.0,2127.0,4773.0,4773.0,0.0,1304.0,1304.0,0.0,1406.0,1406.0,0.0,971.0,971.0,0.0,533.0,533.0,0.0,410.0,410.0,0.0,828.0,828.0,0.0,1257.0,1257.0,0.0,1721.0,1721.0,0.0
2022-11-07,Monday,11800.0,11248.0,11847.0,8756.0,8845.0,11800.0,9175.0,34.0,2032.0,85.0,0.0,1868.0,3091.0,3091.0,0.0,970.0,970.0,0.0,1420.0,1420.0,0.0,1039.0,1039.0,0.0,537.0,537.0,0.0,384.0,384.0,0.0,915.0,915.0,0.0,1310.0,1310.0,0.0,1582.0,1582.0,0.0
2022-11-08,Thursday,13450.0,12957.0,12452.0,10280.0,10459.0,12452.0,9620.0,33.0,3177.0,0.0,0.0,2051.0,4612.0,4422.0,190.0,1246.0,1246.0,0.0,1341.0,1191.0,150.0,1081.0,891.0,190.0,595.0,555.0,40.0,356.0,356.0,0.0,908.0,908.0,0.0,1280.0,1105.0,175.0,1539.0,1364.0,175.0
2022-11-09,Sunday,13264.0,12734.0,12987.0,10443.0,11469.0,12987.0,9578.0,32.5,2723.0,0.0,0.0,2033.0,4619.0,4619.0,0.0,1298.0,1298.0,0.0,1304.0,1304.0,0.0,1152.0,897.0,255.0,546.0,546.0,0.0,341.0,341.0,0.0,857.0,857.0,0.0,1215.0,1215.0,0.0,1402.0,1402.0,0.0
2022-11-10,Tuesday,13003.0,12490.0,12388.0,9961.0,10233.0,12388.0,9719.0,34.1,3263.0,0.0,0.0,2847.0,4690.0,4476.0,214.0,1225.0,1225.0,0.0,1214.0,1214.0,0.0,966.0,844.0,122.0,402.0,402.0,0.0,350.0,350.0,0.0,743.0,743.0,0.0,1364.0,1133.0,231.0,1536.0,1536.0,0.0
2022-11-12,Sunday,9653.0,9389.0,9653.0,6264.0,8665.0,9653.0,6286.0,29.5,3249.0,199.0,184.0,2843.0,3493.0,3493.0,0.0,994.0,994.0,0.0,956.0,956.0,0.0,757.0,757.0,0.0,353.0,353.0,0.0,237.0,237.0,0.0,692.0,692.0,0.0,799.0,799.0,0.0,1110.0,1110.0,0.0
2022-11-13,Sunday,10373.0,10183.0,10373.0,7286.0,9009.0,10373.0,6923.0,30.4,3652.0,0.0,0.0,2405.0,3959.0,3959.0,0.0,1202.0,1202.0,0.0,963.0,963.0,0.0,755.0,755.0,0.0,388.0,388.0,0.0,241.0,241.0,0.0,654.0,654.0,0.0,876.0,876.0,0.0,1146.0,1146.0,0.0
2022-11-14,Monday,10531.0,10256.0,10531.0,6923.0,9073.0,10531.0,7019.0,30.3,3437.0,85.0,0.0,2405.0,4004.0,4004.0,0.0,1245.0,1245.0,0.0,927.0,927.0,0.0,790.0,790.0,0.0,399.0,399.0,0.0,246.0,246.0,0.0,665.0,665.0,0.0,851.0,851.0,0.0,1130.0,1130.0,0.0
2022-11-15,Tuesday,10610.0,10412.0,10610.0,7019.0,9306.0,10610.0,7153.0,30.4,3615.0,85.0,0.0,2765.0,4123.0,4123.0,0.0,1230.0,1230.0,0.0,965.0,965.0,0.0,783.0,783.0,0.0,391.0,391.0,0.0,252.0,252.0,0.0,673.0,673.0,0.0,847.0,847.0,0.0,1150.0,1150.0,0.0
2022-11-16,Wednesday,10559.0,10233.0,10559.0,7153.0,9141.0,10559.0,7056.0,30.7,3402.0,85.0,0.0,2765.0,4013.0,4013.0,0.0,1176.0,1176.0,0.0,982.0,982.0,0.0,788.0,788.0,0.0,381.0,381.0,0.0,258.0,258.0,0.0,667.0,667.0,0.0,849.0,849.0,0.0,1120.0,1120.0,0.0
2022-11-17,Thursday,10671.0,10337.0,10671.0,7056.0,9295.0,10671.0,6877.0,30.7,3265.0,85.0,0.0,2766.0,4131.0,4131.0,0.0,1232.0,1232.0,0.0,949.0,949.0,0.0,774.0,774.0,0.0,386.0,386.0,0.0,247.0,247.0,0.0,640.0,640.0,0.0,849.0,849.0,0.0,1129.0,1129.0,0.0
2022-11-18,Friday,9115.0,8751.0,9115.0,6877.0,8157.0,9115.0,6293.0,29.6,3021.0,85.0,0.0,2811.0,3385.0,3385.0,0.0,908.0,908.0,0.0,847.0,847.0,0.0,703.0,703.0,0.0,334.0,334.0,0.0,250.0,250.0,0.0,523.0,523.0,0.0,781.0,781.0,0.0,1021.0,1021.0,0.0
2022-11-19,Saturday,10131.0,9878.0,10131.0,6293.0,8315.0,10131.0,6770.0,30.5,3142.0,85.0,184.0,2816.0,3874.0,3874.0,0.0,1206.0,1206.0,0.0,931.0,931.0,0.0,694.0,694.0,0.0,358.0,358.0,0.0,240.0,240.0,0.0,630.0,630.0,0.0,840.0,840.0,0.0,1105.0,1105.0,0.0
2022-11-20,Sunday,10549.0,10201.0,10549.0,6770.0,9012.0,10549.0,7024.0,32.2,3337.0,85.0,184.0,2798.0,3990.0,3990.0,0.0,1205.0,1205.0,0.0,946.0,946.0,0.0,758.0,758.0,0.0,379.0,379.0,0.0,261.0,261.0,0.0,652.0,652.0,0.0,869.0,869.0,0.0,1142.0,1142.0,0.0
2022-11-21,Monday,10526.0,10280.0,10526.0,7024.0,9135.0,10526.0,6884.0,30.5,3412.0,85.0,184.0,2793.0,3986.0,3986.0,0.0,1286.0,1286.0,0.0,933.0,933.0,0.0,776.0,776.0,0.0,389.0,389.0,0.0,252.0,252.0,0.0,677.0,677.0,0.0,843.0,843.0,0.0,1139.0,1139.0,0.0
2022-11-22,Tuesday,10512.0,10171.0,10512.0,6884.0,9024.0,10512.0,6735.0,28.9,3277.0,85.0,184.0,3107.0,3964.0,3964.0,0.0,1223.0,1223.0,0.0,954.0,954.0,0.0,764.0,764.0,0.0,365.0,365.0,0.0,243.0,243.0,0.0,701.0,701.0,0.0,846.0,846.0,0.0,1110.0,1110.0,0.0
2022-11-23,Wednesday,10245.0,9996.0,10156.0,6735.0,8684.0,10156.0,6604.0,29.5,3223.0,85.0,184.0,3259.0,3884.0,3872.0,12.0,1126.0,1126.0,0.0,976.0,976.0,0.0,759.0,689.0,70.0,376.0,376.0,0.0,236.0,236.0,0.0,681.0,681.0,0.0,837.0,837.0,0.0,1121.0,1121.0,0.0
2022-11-24,Thursday,10107.0,9738.0,10107.0,6604.0,9081.0,10107.0,6674.0,30.2,3253.0,199.0,154.0,3259.0,3953.0,3953.0,0.0,1133.0,1133.0,0.0,856.0,856.0,0.0,703.0,703.0,0.0,373.0,373.0,0.0,227.0,227.0,0.0,653.0,653.0,0.0,792.0,792.0,0.0,1049.0,1049.0,0.0
2022-11-25,Friday,9187.0,8952.0,9187.0,6674.0,8214.0,9187.0,6286.0,31.2,3396.0,200.0,154.0,3059.0,3341.0,3341.0,0.0,1003.0,1003.0,0.0,865.0,865.0,0.0,710.0,710.0,0.0,342.0,342.0,0.0,219.0,219.0,0.0,628.0,628.0,0.0,799.0,799.0,0.0,1045.0,1045.0,0.0
2022-11-26,Saturday,10259.0,9993.0,10259.0,6286.0,8155.0,10259.0,6639.0,31.1,3176.0,199.0,154.0,3059.0,3933.0,3933.0,0.0,1118.0,1118.0,0.0,949.0,949.0,0.0,689.0,689.0,0.0,381.0,381.0,0.0,232.0,232.0,0.0,695.0,695.0,0.0,833.0,833.0,0.0,1163.0,1163.0,0.0
2022-11-27,Sunday,10076.0,9586.0,10076.0,6639.0,8916.0,10076.0,6771.0,30.5,3201.0,198.0,184.0,2841.0,3722.0,3722.0,0.0,1052.0,1052.0,0.0,937.0,937.0,0.0,716.0,716.0,0.0,364.0,364.0,0.0,257.0,257.0,0.0,602.0,602.0,0.0,838.0,838.0,0.0,1098.0,1098.0,0.0
2022-11-28,Monday,10284.0,9721.0,10070.0,6771.0,8456.0,10070.0,7048.0,30.6,3331.0,199.0,184.0,2867.0,3781.0,3672.0,109.0,1110.0,1110.0,0.0,911.0,911.0,0.0,731.0,687.0,44.0,369.0,343.0,26.0,265.0,265.0,0.0,594.0,576.0,18.0,883.0,883.0,0.0,1078.0,1078.0,0.0
2022-11-29,Tuesday,10254.0,9744.0,10254.0,7048.0,8535.0,10254.0,7167.0,29.8,3351.0,199.0,184.0,2521.0,3788.0,3788.0,0.0,1152.0,1152.0,0.0,921.0,921.0,0.0,699.0,699.0,0.0,380.0,380.0,0.0,265.0,265.0,0.0,592.0,592.0,0.0,897.0,897.0,0.0,1050.0,1050.0,0.0
2022-11-30,Wednesday,10390.0,9866.0,10296.0,7167.0,8691.0,10296.0,7382.0,31.7,3256.0,199.0,184.0,2500.0,3790.0,3728.0,62.0,1170.0,1170.0,0.0,895.0,895.0,0.0,727.0,727.0,0.0,400.0,400.0,0.0,263.0,263.0,0.0,611.0,611.0,0.0,961.0,936.0,25.0,1050.0,1050.0,0.0
2022-12-01,Wednesday,9583.0,9416.0,9583.0,5854.0,8347.0,9583.0,5763.0,24.7,3907.0,160.0,151.0,3142.0,3645.0,3645.0,0.0,1019.0,1019.0,0.0,926.0,926.0,0.0,825.0,825.0,0.0,333.0,333.0,0.0,234.0,234.0,0.0,614.0,614.0,0.0,746.0,746.0,0.0,1074.0,1074.0,0.0
2022-12-02,Saturday,9667.0,9235.4,9667.0,5534.0,7982.0,9667.0,6095.0,24.6,4438.0,159.0,184.0,2427.0,3835.5,3835.5,0.0,980.0,980.0,0.0,994.0,994.0,0.0,843.0,843.0,0.0,355.0,355.0,0.0,220.0,220.0,0.0,689.0,689.0,0.0,706.0,706.0,0.0,1191.5,1191.5,0.0
2022-12-03,Saturday,11669.0,11158.0,11669.0,7575.0,9715.0,11669.0,8149.0,33.4,2894.0,160.0,184.0,3399.0,4026.0,4026.0,0.0,1188.0,1188.0,0.0,1200.0,1200.0,0.0,959.0,959.0,0.0,432.0,432.0,0.0,286.0,286.0,0.0,776.0,776.0,0.0,982.0,982.0,0.0,1309.0,1309.0,0.0
2022-12-04,Tuesday,14423.0,13924.0,14423.0,10211.0,11626.0,14423.0,10229.0,33.7,1465.0,0.0,161.0,2931.0,4982.0,4982.0,0.0,1375.0,1375.0,0.0,1585.0,1585.0,0.0,1087.0,1087.0,0.0,550.0,550.0,0.0,391.0,391.0,0.0,747.0,747.0,0.0,1366.0,1366.0,0.0,1841.0,1841.0,0.0
2022-12-05,Thursday,12736.0,12226.0,12736.0,8850.0,10744.0,12736.0,8519.0,33.7,2693.0,85.0,200.0,1733.0,4194.0,4194.0,0.0,1339.0,1339.0,0.0,1329.0,1329.0,0.0,989.0,989.0,0.0,399.0,399.0,0.0,389.0,389.0,0.0,886.0,886.0,0.0,1109.0,1109.0,0.0,1592.0,1592.0,0.0
2022-12-06,Sunday,13492.0,12907.0,13546.0,10325.0,11802.0,13492.0,10512.0,34.2,2084.0,184.0,198.0,2462.0,4857.0,4857.0,0.0,1393.0,1393.0,0.0,1265.0,1265.0,0.0,1026.0,1026.0,0.0,488.0,488.0,0.0,409.0,409.0,0.0,671.0,671.0,0.0,1135.0,1135.0,0.0,1663.0,1663.0,0.0
2022-12-07,Tuesday,12181.0,11731.0,12319.0,9101.0,9713.0,12181.0,9446.0,34.0,1477.0,85.0,0.0,1858.0,3234.0,3234.0,0.0,1115.0,1115.0,0.0,1449.0,1449.0,0.0,1111.0,1111.0,0.0,569.0,569.0,0.0,397.0,397.0,0.0,902.0,902.0,0.0,1350.0,1350.0,0.0,1604.0,1604.0,0.0
2022-12-08,Friday,13250.0,12670.0,12933.0,9620.0,9923.0,12739.0,10415.0,34.5,3109.0,0.0,0.0,1991.0,4252.0,4222.0,30.0,1255.0,1255.0,0.0,1344.0,1313.0,31.0,1097.0,887.0,210.0,604.0,604.0,0.0,374.0,374.0,0.0,842.0,742.0,100.0,1315.0,1215.0,100.0,1588.0,1588.0,0.0
2022-12-09,Monday,12252.0,11834.0,12165.0,9578.0,10815.0,12165.0,9163.0,28.8,2559.0,0.0,0.0,2040.0,4335.0,4305.0,30.0,1234.0,1234.0,0.0,1203.0,1203.0,0.0,987.0,970.0,17.0,542.0,524.0,18.0,315.0,315.0,0.0,736.0,736.0,0.0,1139.0,1124.0,15.0,1343.0,1343.0,0.0
2022-12-10,Wednesday,12714.0,12207.0,12281.0,9719.0,10559.0,12281.0,9623.0,32.1,2920.0,0.0,0.0,2859.0,4530.0,4386.0,144.0,1281.0,1281.0,0.0,1245.0,1245.0,0.0,1091.0,906.0,185.0,452.0,452.0,0.0,339.0,339.0,0.0,703.0,703.0,0.0,1214.0,1144.0,70.0,1352.0,1352.0,0.0
2022-12-11,Saturday,10514.0,10141.0,10514.0,7074.0,8930.0,10514.0,7286.0,30.7,4011.0,0.0,0.0,2470.0,4095.0,4095.0,0.0,1065.0,1065.0,0.0,951.0,951.0,0.0,791.0,791.0,0.0,389.0,389.0,0.0,260.0,260.0,0.0,591.0,591.0,0.0,870.0,870.0,0.0,1129.0,1129.0,0.0
2022-12-12,Monday,9747.0,9506.0,9747.0,6286.0,8459.0,9747.0,6336.0,27.6,3036.0,199.0,184.0,2954.0,3503.0,3503.0,0.0,1098.0,1098.0,0.0,931.0,931.0,0.0,769.0,769.0,0.0,368.0,368.0,0.0,226.0,226.0,0.0,687.0,687.0,0.0,800.0,800.0,0.0,1124.0,1124.0,0.0
2022-12-13,Tuesday,9740.0,9397.0,9740.0,6336.0,8656.0,9740.0,6338.0,27.9,2790.0,199.0,184.0,3075.0,3542.0,3542.0,0.0,1045.0,1045.0,0.0,929.0,929.0,0.0,758.0,758.0,0.0,362.0,362.0,0.0,219.0,219.0,0.0,673.0,673.0,0.0,772.0,772.0,0.0,1097.0,1097.0,0.0
2022-12-14,Wednesday,9994.0,9486.0,9994.0,6338.0,8677.0,9994.0,6285.0,27.8,3041.0,199.0,184.0,3072.0,3580.0,3580.0,0.0,1050.0,1050.0,0.0,931.0,931.0,0.0,731.0,731.0,0.0,364.0,364.0,0.0,229.0,229.0,0.0,685.0,685.0,0.0,813.0,813.0,0.0,1104.0,1104.0,0.0
2022-12-15,Thursday,9741.0,9410.0,9741.0,6285.0,8591.0,9741.0,6158.0,26.1,3038.0,199.0,184.0,3083.0,3515.0,3515.0,0.0,1033.0,1033.0,0.0,934.0,934.0,0.0,766.0,766.0,0.0,358.0,358.0,0.0,224.0,224.0,0.0,684.0,684.0,0.0,794.0,794.0,0.0,1102.0,1102.0,0.0
2022-12-16,Friday,8108.0,7634.0,8108.0,6158.0,7172.0,8108.0,5506.0,25.4,3002.0,199.0,184.0,3262.0,2521.0,2521.0,0.0,854.0,854.0,0.0,837.0,837.0,0.0,674.0,674.0,0.0,326.0,326.0,0.0,217.0,217.0,0.0,572.0,572.0,0.0,646.0,646.0,0.0,987.0,987.0,0.0
2022-12-17,Saturday,9329.0,8937.0,9329.0,5506.0,7560.0,9329.0,5929.0,27.0,3014.0,199.0,184.0,3099.0,3246.0,3246.0,0.0,951.0,951.0,0.0,911.0,911.0,0.0,751.0,751.0,0.0,355.0,355.0,0.0,232.0,232.0,0.0,625.0,625.0,0.0,796.0,796.0,0.0,1070.0,1070.0,0.0
2022-12-18,Sunday,9577.0,9082.0,9577.0,5929.0,8247.0,9577.0,6098.0,27.0,3048.0,199.0,184.0,2948.0,3315.0,3315.0,0.0,999.0,999.0,0.0,920.0,920.0,0.0,756.0,756.0,0.0,351.0,351.0,0.0,224.0,224.0,0.0,644.0,644.0,0.0,785.0,785.0,0.0,1090.0,1090.0,0.0
2022-12-19,Monday,9589.0,9128.0,9589.0,6098.0,8135.0,9589.0,6244.0,27.7,2860.0,200.0,184.0,2948.0,3377.0,3377.0,0.0,977.0,977.0,0.0,901.0,901.0,0.0,748.0,748.0,0.0,354.0,354.0,0.0,263.0,263.0,0.0,632.0,632.0,0.0,797.0,797.0,0.0,1078.0,1078.0,0.0
2022-12-20,Tuesday,9633.0,9223.0,9633.0,6244.0,8366.0,9633.0,6286.0,27.0,2867.0,359.0,184.0,2948.0,3411.0,3411.0,0.0,946.0,946.0,0.0,916.0,916.0,0.0,749.0,749.0,0.0,352.0,352.0,0.0,270.0,270.0,0.0,686.0,686.0,0.0,805.0,805.0,0.0,1089.0,1089.0,0.0
2022-12-21,Wednesday,9768.0,9486.0,9771.0,6286.0,8380.0,9768.0,6347.0,27.6,2940.0,199.0,184.0,3359.0,3535.0,3535.0,0.0,1083.0,1083.0,0.0,907.0,907.0,0.0,758.0,758.0,0.0,363.0,363.0,0.0,264.0,264.0,0.0,676.0,676.0,0.0,786.0,786.0,0.0,1114.0,1114.0,0.0
2022-12-22,Thursday,9764.0,9394.0,9764.0,6347.0,8513.0,9764.0,6203.0,27.0,3049.0,199.0,184.0,3138.0,3527.0,3527.0,0.0,1040.0,1040.0,0.0,911.0,911.0,0.0,721.0,721.0,0.0,362.0,362.0,0.0,260.0,260.0,0.0,660.0,660.0,0.0,799.0,799.0,0.0,1114.0,1114.0,0.0
2022-12-23,Friday,8619.0,8175.0,8619.0,6203.0,7748.0,8619.0,5766.0,27.0,3048.0,199.0,200.0,3149.0,2785.0,2785.0,0.0,924.0,924.0,0.0,853.0,853.0,0.0,694.0,694.0,0.0,339.0,339.0,0.0,240.0,240.0,0.0,602.0,602.0,0.0,718.0,718.0,0.0,1020.0,1020.0,0.0
2022-12-24,Saturday,9382.0,8986.0,9382.0,5766.0,7531.0,9382.0,6121.0,27.3,3090.0,199.0,200.0,3137.0,3253.0,3253.0,0.0,926.0,926.0,0.0,906.0,906.0,0.0,743.0,743.0,0.0,357.0,357.0,0.0,266.0,266.0,0.0,644.0,644.0,0.0,796.0,796.0,0.0,1095.0,1095.0,0.0
2022-12-25,Sunday,9459.0,9049.0,9459.0,6121.0,8348.0,9459.0,6243.0,28.0,3245.0,200.0,200.0,3138.0,3294.0,3294.0,0.0,965.0,965.0,0.0,909.0,909.0,0.0,750.0,750.0,0.0,354.0,354.0,0.0,243.0,243.0,0.0,653.0,653.0,0.0,780.0,780.0,0.0,1101.0,1101.0,0.0
2022-12-26,Monday,9664.0,9330.0,9664.0,6243.0,8717.0,9664.0,5809.0,28.9,2896.0,200.0,200.0,3148.0,3470.0,3470.0,0.0,1045.0,1045.0,0.0,921.0,921.0,0.0,741.0,741.0,0.0,331.0,331.0,0.0,252.0,252.0,0.0,643.0,643.0,0.0,810.0,810.0,0.0,1118.0,1118.0,0.0
2022-12-27,Tuesday,9835.0,9539.0,9835.0,5809.0,8503.0,9835.0,6214.0,24.7,2609.0,200.0,184.0,3075.0,3601.0,3601.0,0.0,1094.0,1094.0,0.0,900.0,900.0,0.0,735.0,735.0,0.0,349.0,349.0,0.0,262.0,262.0,0.0,662.0,662.0,0.0,808.0,808.0,0.0,1127.0,1127.0,0.0
2022-12-28,Wednesday,9684.0,9474.0,9684.0,6214.0,8567.0,9684.0,6154.0,24.5,2416.0,199.0,184.0,3021.0,3534.0,3534.0,0.0,1125.0,1125.0,0.0,921.0,921.0,0.0,756.0,756.0,0.0,350.0,350.0,0.0,252.0,252.0,0.0,676.0,676.0,0.0,763.0,763.0,0.0,1098.0,1098.0,0.0
2022-12-29,Thursday,9633.0,9240.0,9633.0,6154.0,8714.0,9633.0,6199.0,24.2,2343.0,199.0,184.0,3075.0,3480.0,3480.0,0.0,1015.0,1015.0,0.0,906.0,906.0,0.0,746.0,746.0,0.0,343.0,343.0,0.0,259.0,259.0,0.0,632.0,632.0,0.0,766.0,766.0,0.0,1092.0,1092.0,0.0
2022-12-30,Friday,8671.0,8314.0,8671.0,6199.0,7880.0,8671.0,5746.0,22.2,2265.0,199.0,200.0,3075.0,2853.0,2853.0,0.0,922.0,922.0,0.0,862.0,862.0,0.0,735.0,735.0,0.0,322.0,322.0,0.0,257.0,257.0,0.0,581.0,581.0,0.0,749.0,749.0,0.0,1032.0,1032.0,0.0
2022-12-31,Saturday,9581.0,9134.0,9581.0,5746.0,7763.0,9581.0,5988.0,22.6,2455.0,199.0,184.0,3800.0,3301.0,3301.0,0.0,995.0,995.0,0.0,934.0,934.0,0.0,772.0,772.0,0.0,354.0,354.0,0.0,264.0,264.0,0.0,621.0,621.0,0.0,786.0,786.0,0.0,1108.0,1108.0,0.0
2023-01-01,Monday,9944.0,9415.0,9944.0,6598.0,9084.0,9944.0,6514.0,25.3,5053.0,189.0,0.0,2471.0,3505.0,3505.0,0.0,985.0,985.0,0.0,929.0,929.0,0.0,773.0,773.0,0.0,319.0,319.0,0.0,281.0,281.0,0.0,655.0,655.0,0.0,830.0,830.0,0.0,1138.0,1138.0,0.0
2023-01-02,Wednesday,10581.0,10072.0,10342.0,7246.0,9139.0,10342.0,6972.0,25.7,3673.0,30.0,200.0,3105.0,3619.0,3563.0,56.0,1065.0,1065.0,0.0,1065.0,1065.0,0.0,924.0,774.0,150.0,358.0,344.0,14.0,275.0,275.0,0.0,761.0,761.0,0.0,855.0,855.0,0.0,1150.0,1150.0,0.0
2023-01-03,Wednesday,11892.0,11498.0,11822.0,8092.0,10772.0,11822.0,8170.0,32.7,2191.0,109.0,200.0,2211.0,4249.0,4249.0,0.0,1192.0,1192.0,0.0,1247.0,1247.0,0.0,1020.0,955.0,65.0,397.0,397.0,0.0,292.0,292.0,0.0,776.0,776.0,0.0,1002.0,1002.0,0.0,1324.0,1324.0,0.0
2023-01-05,Monday,11274.0,10860.0,11274.0,8365.0,9578.0,11274.0,9212.0,34.1,1082.0,10.0,205.0,2785.0,3605.0,3605.0,0.0,1190.0,1190.0,0.0,1067.0,1067.0,0.0,1000.0,1000.0,0.0,510.0,510.0,0.0,366.0,366.0,0.0,726.0,726.0,0.0,1218.0,1218.0,0.0,1179.0,1179.0,0.0
2023-01-06,Thursday,15700.0,14950.0,14334.0,11619.0,12349.0,14334.0,11281.0,37.4,1221.0,12.0,205.0,2234.0,5473.0,5203.0,270.0,1397.0,1397.0,0.0,1558.0,1408.0,150.0,1181.0,1011.0,170.0,569.0,539.0,30.0,497.0,442.0,55.0,977.0,857.0,120.0,1430.0,1180.0,250.0,1868.0,1608.0,260.0
2023-01-07,Saturday,11031.0,10530.0,11198.0,8071.0,8701.0,11031.0,8750.0,31.8,2360.0,85.0,165.0,1739.0,2615.0,2615.0,0.0,1220.0,1220.0,0.0,1225.0,1225.0,0.0,929.0,929.0,0.0,467.0,467.0,0.0,473.0,473.0,0.0,872.0,872.0,0.0,1234.0,1234.0,0.0,1496.0,1496.0,0.0
2023-01-08,Tuesday,13970.0,13401.0,13870.0,12246.0,12897.0,13870.0,11306.0,36.8,2263.0,119.0,100.0,1692.0,5003.0,4993.0,10.0,1343.0,1343.0,0.0,1487.0,1487.0,0.0,1107.0,1107.0,0.0,573.0,548.0,25.0,211.0,211.0,0.0,1060.0,1035.0,25.0,1088.0,1052.0,36.0,1529.0,1529.0,0.0
2023-01-09,Friday,14380.0,13704.0,14315.0,11318.0,12420.0,14239.0,11844.0,35.4,1932.0,85.0,0.0,2152.0,4439.0,4439.0,0.0,1359.0,1359.0,0.0,1539.0,1539.0,0.0,1253.0,1183.0,70.0,597.0,570.0,27.0,446.0,446.0,0.0,975.0,955.0,20.0,1385.0,1367.0,18.0,1711.0,1711.0,0.0
2023-01-10,Sunday,14200.0,13773.0,13998.0,11065.0,12530.0,13998.0,11016.0,33.6,1324.0,85.0,0.0,2062.0,5125.0,5125.0,0.0,1363.0,1363.0,0.0,1286.0,1286.0,0.0,1178.0,1098.0,80.0,630.0,517.0,113.0,409.0,409.0,0.0,899.0,899.0,0.0,1282.0,1282.0,0.0,1601.0,1601.0,0.0
2023-01-11,Wednesday,12570.0,12243.0,12524.0,8872.0,10963.0,12524.0,9243.0,34.3,3379.0,85.0,0.0,1607.0,4657.0,4657.0,0.0,1285.0,1285.0,0.0,1150.0,1150.0,0.0,1006.0,996.0,10.0,517.0,499.0,18.0,368.0,368.0,0.0,679.0,679.0,0.0,1209.0,1193.0,16.0,1372.0,1372.0,0.0
2023-01-12,Friday,9203.0,8805.0,9203.0,7361.0,8306.0,9203.0,6874.0,31.7,2514.0,189.0,0.0,2518.0,3202.0,3202.0,0.0,1005.0,1005.0,0.0,870.0,870.0,0.0,694.0,694.0,0.0,350.0,350.0,0.0,269.0,269.0,0.0,575.0,575.0,0.0,820.0,820.0,0.0,1020.0,1020.0,0.0
2023-01-13,Friday,8929.0,8508.0,8929.0,6467.0,8148.0,8929.0,6078.0,23.4,3521.0,39.0,200.0,2960.0,2849.0,2849.0,0.0,885.0,885.0,0.0,918.0,918.0,0.0,826.0,826.0,0.0,322.0,322.0,0.0,247.0,247.0,0.0,621.0,621.0,0.0,740.0,740.0,0.0,1100.0,1100.0,0.0
2023-01-14,Saturday,9700.0,9197.0,9446.0,6078.0,8153.0,9446.0,6452.0,25.6,4085.0,28.0,200.0,2794.0,3296.0,3243.0,53.0,886.0,886.0,0.0,990.0,953.0,37.0,856.0,817.0,39.0,358.0,358.0,0.0,275.0,275.0,0.0,645.0,621.0,24.0,723.0,685.0,38.0,1168.0,1125.0,43.0
2023-01-15,Sunday,9660.0,9230.0,9122.0,6452.0,8501.0,9122.0,6445.0,27.1,3871.0,28.0,200.0,3241.0,3073.0,3073.0,0.0,958.0,958.0,0.0,998.0,891.0,107.0,864.0,777.0,87.0,352.0,299.0,53.0,265.0,265.0,0.0,676.0,563.0,113.0,839.0,839.0,0.0,1205.0,1069.0,136.0
2023-01-16,Monday,9970.0,9393.0,9017.0,6445.0,7973.0,8937.0,6615.0,24.0,3847.0,26.0,200.0,3229.0,3322.0,3008.0,314.0,898.0,888.0,10.0,999.0,861.0,138.0,878.0,816.0,62.0,362.0,304.0,58.0,269.0,269.0,0.0,703.0,570.0,133.0,806.0,806.0,0.0,1157.0,920.0,237.0
2023-01-17,Tuesday,10094.0,9604.0,9472.0,6615.0,7983.0,9472.0,6590.0,23.8,3913.0,26.0,200.0,2934.0,3343.0,3241.0,102.0,987.0,987.0,0.0,1038.0,960.0,78.0,889.0,782.0,107.0,361.0,361.0,0.0,272.0,272.0,0.0,679.0,564.0,115.0,841.0,841.0,0.0,1195.0,1024.0,171.0
2023-01-18,Wednesday,10094.0,9617.0,9460.0,6590.0,8263.0,9460.0,6695.0,23.4,3600.0,27.0,200.0,3022.0,3376.0,3295.0,81.0,942.0,942.0,0.0,1036.0,902.0,134.0,963.0,873.0,90.0,351.0,311.0,40.0,269.0,269.0,0.0,692.0,585.0,107.0,822.0,822.0,0.0,1165.0,1033.0,132.0
2023-01-19,Thursday,10000.0,9569.0,9554.0,6695.0,8415.0,9554.0,6521.0,24.0,3639.0,27.0,200.0,3013.0,3440.0,3399.0,41.0,982.0,982.0,0.0,966.0,786.0,180.0,868.0,718.0,150.0,357.0,357.0,0.0,261.0,261.0,0.0,704.0,704.0,0.0,799.0,799.0,0.0,1191.0,1151.0,40.0
2023-01-20,Friday,9239.0,8784.0,9186.0,6521.0,8171.0,9186.0,6207.0,25.1,3468.0,28.0,200.0,3011.0,2892.0,2892.0,0.0,897.0,897.0,0.0,962.0,962.0,0.0,895.0,846.0,49.0,337.0,337.0,0.0,253.0,253.0,0.0,653.0,653.0,0.0,810.0,810.0,0.0,1087.0,1087.0,0.0
2023-01-21,Saturday,9801.0,9418.0,9768.0,6207.0,8385.0,9768.0,6595.0,26.1,3532.0,24.0,200.0,3001.0,3232.0,3232.0,0.0,971.0,971.0,0.0,1007.0,1007.0,0.0,929.0,899.0,30.0,359.0,359.0,0.0,276.0,276.0,0.0,691.0,691.0,0.0,828.0,828.0,0.0,1125.0,1125.0,0.0
2023-01-22,Sunday,10000.0,9527.0,9673.0,6595.0,8728.0,9673.0,6606.0,27.8,3502.0,25.0,200.0,2926.0,3295.0,3295.0,0.0,984.0,984.0,0.0,1005.0,904.0,101.0,929.0,779.0,150.0,357.0,357.0,0.0,269.0,269.0,0.0,694.0,644.0,50.0,844.0,844.0,0.0,1151.0,1151.0,0.0
2023-01-24,Tuesday,10293.0,9812.0,10098.0,6929.0,8675.0,10098.0,6996.0,28.7,3500.0,26.0,200.0,2926.0,3446.0,3416.0,30.0,1006.0,1006.0,0.0,1057.0,1057.0,0.0,936.0,786.0,150.0,360.0,360.0,0.0,284.0,284.0,0.0,728.0,728.0,0.0,861.0,861.0,0.0,1135.0,1135.0,0.0
2023-01-25,Wednesday,10336.0,9796.0,10048.0,6996.0,9231.0,10048.0,7101.0,28.5,3701.0,32.0,200.0,2926.0,3552.0,3447.0,105.0,948.0,948.0,0.0,1023.0,1023.0,0.0,937.0,828.0,109.0,375.0,324.0,51.0,283.0,283.0,0.0,725.0,725.0,0.0,830.0,830.0,0.0,1124.0,1124.0,0.0
2023-01-26,Thursday,10485.0,9976.0,10308.0,7101.0,8821.0,10308.0,7006.0,28.5,3728.0,29.0,200.0,2926.0,3665.0,3643.0,22.0,928.0,928.0,0.0,1040.0,1040.0,0.0,940.0,799.0,141.0,362.0,362.0,0.0,273.0,273.0,0.0,733.0,733.0,0.0,893.0,893.0,0.0,1142.0,1142.0,0.0
2023-01-27,Friday,9405.0,9007.0,9356.0,7006.0,8508.0,9356.0,6711.0,28.6,3489.0,28.0,200.0,3143.0,3097.0,3097.0,0.0,874.0,874.0,0.0,971.0,971.0,0.0,881.0,836.0,45.0,325.0,325.0,0.0,265.0,265.0,0.0,682.0,682.0,0.0,837.0,837.0,0.0,1075.0,1075.0,0.0
2023-01-28,Saturday,10209.0,9772.0,10111.0,6711.0,8603.0,10111.0,6898.0,28.6,3421.0,29.0,200.0,3186.0,3508.0,3508.0,0.0,960.0,960.0,0.0,1037.0,1037.0,0.0,917.0,827.0,90.0,346.0,346.0,0.0,284.0,284.0,0.0,706.0,706.0,0.0,876.0,876.0,0.0,1139.0,1139.0,0.0
2023-01-29,Sunday,10455.0,10023.0,10300.0,6898.0,9332.0,10300.0,6777.0,26.3,3530.0,28.0,200.0,3228.0,3633.0,3633.0,0.0,987.0,987.0,0.0,1062.0,1062.0,0.0,916.0,773.0,143.0,363.0,363.0,0.0,270.0,270.0,0.0,767.0,767.0,0.0,858.0,858.0,0.0,1168.0,1168.0,0.0
2023-01-30,Monday,10496.0,10024.0,10330.0,6777.0,9051.0,10330.0,6945.0,29.3,3488.0,30.0,200.0,3215.0,3645.0,3645.0,0.0,995.0,995.0,0.0,1052.0,1052.0,0.0,922.0,769.0,153.0,358.0,358.0,0.0,266.0,266.0,0.0,774.0,774.0,0.0,854.0,854.0,0.0,1158.0,1158.0,0.0
2023-01-31,Tuesday,10350.0,9820.0,10187.0,6945.0,9296.0,10187.0,7246.0,29.6,3703.0,29.0,200.0,3100.0,3648.0,3618.0,30.0,852.0,852.0,0.0,1043.0,1043.0,0.0,919.0,799.0,120.0,367.0,367.0,0.0,270.0,270.0,0.0,727.0,727.0,0.0,855.0,855.0,0.0,1140.0,1140.0,0.0
2023-02-01,Tuesday,10056.0,9753.0,10056.0,6514.0,9294.0,10056.0,6464.0,23.5,4940.0,189.0,0.0,2473.0,3705.0,3705.0,0.0,986.0,986.0,0.0,966.0,966.0,0.0,790.0,790.0,0.0,377.0,377.0,0.0,278.0,278.0,0.0,690.0,690.0,0.0,809.0,809.0,0.0,1152.0,1152.0,0.0
2023-02-02,Thursday,10569.0,10052.0,10365.0,6972.0,9402.0,10365.0,6817.0,25.5,3634.0,28.0,200.0,3100.0,3608.0,3608.0,0.0,990.0,990.0,0.0,1063.0,1063.0,0.0,934.0,746.0,188.0,372.0,372.0,0.0,270.0,270.0,0.0,771.0,771.0,0.0,879.0,879.0,0.0,1167.0,1167.0,0.0
2023-02-03,Thursday,11865.0,11515.0,11818.0,8170.0,10639.0,11818.0,8203.0,34.1,2400.0,109.0,200.0,2211.0,4293.0,4293.0,0.0,1092.0,1092.0,0.0,1240.0,1240.0,0.0,1004.0,961.0,43.0,403.0,403.0,0.0,300.0,300.0,0.0,773.0,773.0,0.0,1032.0,1032.0,0.0,1378.0,1378.0,0.0
2023-02-04,Sunday,11412.0,10923.0,11412.0,7408.0,10102.0,11412.0,8001.0,32.0,2175.0,189.0,205.0,2099.0,4076.0,4076.0,0.0,1157.0,1157.0,0.0,1121.0,1121.0,0.0,877.0,877.0,0.0,336.0,336.0,0.0,336.0,336.0,0.0,643.0,643.0,0.0,997.0,997.0,0.0,1381.0,1381.0,0.0
2023-02-05,Tuesday,13542.0,12976.0,13336.0,9212.0,11833.0,13336.0,10618.0,35.7,1443.0,10.0,205.0,2731.0,4414.0,4389.0,25.0,1407.0,1407.0,0.0,1347.0,1347.0,0.0,1142.0,1022.0,120.0,588.0,566.0,22.0,424.0,424.0,0.0,756.0,756.0,0.0,1355.0,1325.0,30.0,1543.0,1543.0,0.0
2023-02-06,Friday,14770.0,14210.0,14377.0,11153.0,11960.0,14377.0,11234.0,37.5,1121.0,10.0,205.0,2236.0,5050.0,5050.0,0.0,1425.0,1425.0,0.0,1507.0,1472.0,35.0,1221.0,1171.0,50.0,560.0,560.0,0.0,466.0,466.0,0.0,953.0,903.0,50.0,1366.0,1256.0,110.0,1663.0,1533.0,130.0
2023-02-07,Sunday,11720.0,11237.0,11876.0,8750.0,9606.0,11720.0,9324.0,33.3,2720.0,85.0,170.0,1729.0,3025.0,3025.0,0.0,1333.0,1333.0,0.0,1249.0,1249.0,0.0,920.0,920.0,0.0,465.0,465.0,0.0,444.0,444.0,0.0,831.0,831.0,0.0,1330.0,1330.0,0.0,1639.0,1639.0,0.0
2023-02-08,Wednesday,14600.0,13953.0,14373.0,11306.0,12196.0,14373.0,11412.0,30.5,2379.0,149.0,100.0,1692.0,4915.0,4915.0,0.0,1359.0,1359.0,0.0,1528.0,1508.0,20.0,1196.0,1091.0,105.0,605.0,543.0,62.0,411.0,411.0,0.0,1002.0,1002.0,0.0,1308.0,1278.0,30.0,1629.0,1629.0,0.0
2023-02-09,Saturday,15100.0,14215.0,14757.0,11844.0,12764.0,14757.0,10304.0,32.6,2024.0,85.0,0.0,2152.0,4997.0,4987.0,10.0,1082.0,1082.0,0.0,1585.0,1585.0,0.0,1272.0,1147.0,125.0,573.0,528.0,45.0,468.0,468.0,0.0,1003.0,900.0,103.0,1427.0,1382.0,45.0,1808.0,1808.0,0.0
2023-02-10,Monday,14200.0,13687.0,14022.0,11016.0,12293.0,14022.0,10668.0,33.6,1223.0,85.0,0.0,2038.0,5090.0,5090.0,0.0,1380.0,1380.0,0.0,1372.0,1372.0,0.0,1161.0,1116.0,45.0,529.0,424.0,105.0,415.0,415.0,0.0,942.0,942.0,0.0,1273.0,1253.0,20.0,1524.0,1524.0,0.0
2023-02-11,Thursday,12650.0,12400.0,12608.0,9243.0,11209.0,12608.0,9084.0,34.3,3255.0,85.0,0.0,1607.0,4640.0,4640.0,0.0,1348.0,1348.0,0.0,1143.0,1143.0,0.0,984.0,984.0,0.0,507.0,497.0,10.0,375.0,375.0,0.0,745.0,745.0,0.0,1215.0,1185.0,30.0,1444.0,1444.0,0.0
2023-02-12,Saturday,10636.0,10117.0,10636.0,6874.0,8833.0,10636.0,7314.0,30.3,2740.0,189.0,0.0,2518.0,3797.0,3797.0,0.0,1151.0,1151.0,0.0,970.0,970.0,0.0,799.0,799.0,0.0,375.0,375.0,0.0,277.0,277.0,0.0,680.0,680.0,0.0,894.0,894.0,0.0,1173.0,1173.0,0.0
2023-02-13,Monday,10432.0,10019.0,10383.0,7371.0,8953.0,10383.0,7071.0,28.0,3912.0,108.0,170.0,2719.0,3586.0,3586.0,0.0,1016.0,1016.0,0.0,1101.0,1101.0,0.0,944.0,909.0,35.0,347.0,347.0,0.0,278.0,278.0,0.0,736.0,726.0,10.0,867.0,867.0,0.0,1145.0,1145.0,0.0
2023-02-14,Tuesday,10574.0,10174.0,10499.0,7071.0,9257.0,10499.0,7097.0,27.5,3861.0,109.0,230.0,2831.0,3599.0,3599.0,0.0,1053.0,1053.0,0.0,1139.0,1139.0,0.0,982.0,913.0,69.0,364.0,364.0,0.0,272.0,272.0,0.0,739.0,739.0,0.0,865.0,865.0,0.0,1161.0,1161.0,0.0
2023-02-15,Wednesday,10838.0,10319.0,10328.0,7097.0,9168.0,10328.0,7185.0,27.2,4123.0,109.0,170.0,2738.0,3756.0,3756.0,0.0,1003.0,1003.0,0.0,1117.0,987.0,130.0,1002.0,792.0,210.0,370.0,370.0,0.0,271.0,271.0,0.0,743.0,613.0,130.0,868.0,868.0,0.0,1188.0,1188.0,0.0
2023-02-16,Thursday,10538.0,10118.0,10495.0,7185.0,9432.0,10495.0,7182.0,28.2,3678.0,109.0,170.0,2831.0,3614.0,3614.0,0.0,1018.0,1018.0,0.0,1092.0,1092.0,0.0,989.0,949.0,40.0,362.0,362.0,0.0,278.0,278.0,0.0,724.0,724.0,0.0,885.0,885.0,0.0,1157.0,1157.0,0.0
2023-02-17,Friday,9670.0,9348.0,9646.0,7182.0,8927.0,9646.0,6729.0,29.4,3628.0,159.0,200.0,2726.0,3131.0,3131.0,0.0,1004.0,1004.0,0.0,1037.0,1037.0,0.0,925.0,903.0,22.0,333.0,333.0,0.0,260.0,260.0,0.0,724.0,724.0,0.0,821.0,821.0,0.0,1113.0,1113.0,0.0
2023-02-18,Saturday,10586.0,10121.0,10586.0,6729.0,9326.0,10586.0,7280.0,30.1,3518.0,159.0,200.0,2288.0,3655.0,3655.0,0.0,1058.0,1058.0,0.0,1088.0,1088.0,0.0,937.0,937.0,0.0,373.0,373.0,0.0,278.0,278.0,0.0,717.0,717.0,0.0,850.0,850.0,0.0,1167.0,1167.0,0.0
2023-02-19,Sunday,10898.0,10544.0,10817.0,7280.0,9792.0,10817.0,7375.0,29.5,3457.0,109.0,170.0,2511.0,3871.0,3871.0,0.0,1055.0,1055.0,0.0,1136.0,1136.0,0.0,971.0,896.0,75.0,357.0,357.0,0.0,284.0,284.0,0.0,736.0,736.0,0.0,925.0,925.0,0.0,1209.0,1209.0,0.0
2023-02-20,Monday,10862.0,10298.0,10801.0,7375.0,9413.0,10801.0,7630.0,29.5,3801.0,109.0,170.0,2477.0,3788.0,3788.0,0.0,1038.0,1038.0,0.0,1099.0,1099.0,0.0,956.0,900.0,56.0,379.0,379.0,0.0,282.0,282.0,0.0,695.0,695.0,0.0,868.0,868.0,0.0,1193.0,1193.0,0.0
2023-02-21,Tuesday,10067.0,9721.0,10067.0,7630.0,8806.0,10067.0,7163.0,29.9,4068.0,109.0,170.0,2500.0,3208.0,3208.0,0.0,938.0,938.0,0.0,1154.0,1154.0,0.0,937.0,937.0,0.0,373.0,373.0,0.0,276.0,276.0,0.0,717.0,717.0,0.0,888.0,888.0,0.0,1231.0,1231.0,0.0
2023-02-22,Wednesday,11200.0,10841.0,11090.0,7163.0,9316.0,11090.0,7887.0,31.0,3076.0,159.0,200.0,2434.0,4101.0,4101.0,0.0,1123.0,1123.0,0.0,1104.0,1049.0,55.0,968.0,958.0,10.0,355.0,355.0,0.0,298.0,298.0,0.0,713.0,677.0,36.0,948.0,948.0,0.0,1230.0,1230.0,0.0
2023-02-23,Thursday,11395.0,10923.0,11395.0,7887.0,10259.0,11395.0,8141.0,33.3,2400.0,109.0,170.0,2850.0,4011.0,4011.0,0.0,1121.0,1121.0,0.0,1173.0,1173.0,0.0,955.0,955.0,0.0,381.0,381.0,0.0,299.0,299.0,0.0,708.0,708.0,0.0,997.0,997.0,0.0,1276.0,1276.0,0.0
2023-02-24,Friday,10679.0,10276.0,10679.0,8141.0,9513.0,10679.0,7644.0,32.4,2694.0,159.0,200.0,3738.0,3672.0,3672.0,0.0,1032.0,1032.0,0.0,1091.0,1091.0,0.0,936.0,936.0,0.0,365.0,365.0,0.0,291.0,291.0,0.0,673.0,673.0,0.0,976.0,976.0,0.0,1241.0,1241.0,0.0
2023-02-25,Saturday,11551.0,11066.0,11470.0,7644.0,9843.0,11470.0,7892.0,32.0,2888.0,159.0,200.0,3627.0,4023.0,4023.0,0.0,1081.0,1081.0,0.0,1197.0,1197.0,0.0,977.0,902.0,75.0,382.0,382.0,0.0,311.0,311.0,0.0,767.0,767.0,0.0,1008.0,1008.0,0.0,1320.0,1320.0,0.0
2023-02-26,Sunday,11233.0,10729.0,11233.0,7892.0,9878.0,11233.0,7905.0,32.6,2664.0,109.0,200.0,3117.0,3977.0,3977.0,0.0,1073.0,1073.0,0.0,1195.0,1195.0,0.0,953.0,953.0,0.0,358.0,358.0,0.0,283.0,283.0,0.0,711.0,711.0,0.0,947.0,947.0,0.0,1232.0,1232.0,0.0
2023-02-27,Monday,11795.0,11285.0,11708.0,7905.0,10493.0,11708.0,8381.0,32.8,2400.0,109.0,200.0,2624.0,4213.0,4213.0,0.0,1110.0,1110.0,0.0,1221.0,1221.0,0.0,1007.0,927.0,80.0,382.0,382.0,0.0,294.0,294.0,0.0,776.0,776.0,0.0,955.0,955.0,0.0,1328.0,1328.0,0.0
2023-02-28,Tuesday,11562.0,11176.0,11540.0,8381.0,10457.0,11540.0,8092.0,32.6,2268.0,109.0,200.0,2212.0,4168.0,4168.0,0.0,1102.0,1102.0,0.0,1237.0,1237.0,0.0,936.0,916.0,20.0,372.0,372.0,0.0,303.0,303.0,0.0,754.0,754.0,0.0,1001.0,1001.0,0.0,1303.0,1303.0,0.0
2023-03-01,Tuesday,9706.0,9334.0,9706.0,6081.0,8371.0,9706.0,6129.0,29.6,2538.0,199.0,200.0,3259.0,3397.0,3397.0,0.0,1010.0,1010.0,0.0,946.0,946.0,0.0,785.0,785.0,0.0,349.0,349.0,0.0,265.0,265.0,0.0,654.0,654.0,0.0,789.0,789.0,0.0,1139.0,1139.0,0.0
2023-03-02,Friday,9390.0,9065.0,9323.0,6817.0,8735.0,9323.0,6484.0,27.1,3599.0,27.0,200.0,3200.0,2988.0,2988.0,0.0,988.0,988.0,0.0,995.0,995.0,0.0,913.0,851.0,62.0,334.0,334.0,0.0,240.0,240.0,0.0,707.0,707.0,0.0,806.0,806.0,0.0,1094.0,1094.0,0.0
2023-03-03,Friday,10693.0,10603.0,10693.0,8203.0,9824.0,10693.0,7915.0,34.2,2659.0,159.0,200.0,2297.0,3674.0,3674.0,0.0,1102.0,1102.0,0.0,1195.0,1195.0,0.0,965.0,965.0,0.0,385.0,385.0,0.0,288.0,288.0,0.0,735.0,735.0,0.0,981.0,981.0,0.0,1280.0,1280.0,0.0
2023-03-04,Monday,12363.0,11765.0,12363.0,8001.0,10525.0,12363.0,8871.0,32.0,2841.0,189.0,205.0,1735.0,4312.0,4312.0,0.0,1163.0,1163.0,0.0,1292.0,1292.0,0.0,964.0,964.0,0.0,391.0,391.0,0.0,367.0,367.0,0.0,699.0,699.0,0.0,1069.0,1069.0,0.0,1507.0,1507.0,0.0
2023-03-05,Wednesday,12413.0,11904.0,12898.0,10618.0,12598.0,12366.0,9762.0,34.8,1544.0,10.0,205.0,2732.0,4265.0,4265.0,0.0,1297.0,1297.0,0.0,1299.0,1299.0,0.0,1078.0,1033.0,45.0,463.0,463.0,0.0,313.0,313.0,0.0,861.0,861.0,0.0,1018.0,1018.0,0.0,1311.0,1311.0,0.0
2023-03-06,Saturday,15500.0,14689.0,13635.0,11234.0,11647.0,13635.0,11134.0,37.1,1295.0,13.0,205.0,2236.0,5321.0,4981.0,340.0,1432.0,1162.0,270.0,1522.0,1322.0,200.0,1193.0,1083.0,110.0,540.0,450.0,90.0,462.0,382.0,80.0,988.0,848.0,140.0,1462.0,1202.0,260.0,1768.0,1477.0,291.0
2023-03-07,Monday,12454.0,11910.0,12605.0,9324.0,9951.0,12454.0,9961.0,33.5,925.0,85.0,170.0,3485.0,3369.0,3369.0,0.0,1344.0,1344.0,0.0,1252.0,1252.0,0.0,1007.0,1007.0,0.0,507.0,507.0,0.0,483.0,483.0,0.0,838.0,838.0,0.0,1399.0,1399.0,0.0,1712.0,1712.0,0.0
2023-03-08,Thursday,14842.0,14133.0,14623.0,11412.0,12729.0,14623.0,10956.0,31.7,2710.0,159.0,126.0,1679.0,4899.0,4889.0,10.0,1300.0,1300.0,0.0,1576.0,1528.0,48.0,1217.0,1133.0,84.0,593.0,546.0,47.0,439.0,439.0,0.0,1015.0,1015.0,0.0,1345.0,1325.0,20.0,1749.0,1749.0,0.0
2023-03-09,Sunday,15100.0,14399.0,14498.0,10304.0,13214.0,14498.0,11369.0,35.4,2074.0,85.0,0.0,2447.0,4976.0,4896.0,80.0,1311.0,1311.0,0.0,1603.0,1503.0,100.0,1230.0,1130.0,100.0,639.0,544.0,95.0,478.0,478.0,0.0,1040.0,910.0,130.0,1384.0,1314.0,70.0,1738.0,1738.0,0.0
2023-03-10,Tuesday,13360.0,12866.0,13294.0,10668.0,12053.0,13294.0,10027.0,32.2,1933.0,85.0,0.0,1967.0,4804.0,4804.0,0.0,1299.0,1299.0,0.0,1291.0,1291.0,0.0,1071.0,1051.0,20.0,540.0,522.0,18.0,363.0,363.0,0.0,868.0,868.0,0.0,1145.0,1120.0,25.0,1485.0,1485.0,0.0
2023-03-11,Friday,11040.0,10606.0,11014.0,8889.0,9790.0,11014.0,8659.0,32.7,3148.0,85.0,0.0,1832.0,3805.0,3805.0,0.0,1187.0,1187.0,0.0,1008.0,1008.0,0.0,846.0,846.0,0.0,451.0,446.0,5.0,340.0,340.0,0.0,571.0,571.0,0.0,1118.0,1098.0,20.0,1280.0,1280.0,0.0
2023-03-12,Sunday,10876.0,10511.0,10876.0,7314.0,9413.0,10876.0,7224.0,30.8,2869.0,189.0,0.0,2518.0,4217.0,4217.0,0.0,1117.0,1117.0,0.0,989.0,989.0,0.0,790.0,790.0,0.0,386.0,386.0,0.0,279.0,279.0,0.0,687.0,687.0,0.0,877.0,877.0,0.0,1169.0,1169.0,0.0
2023-03-13,Monday,13046.0,12606.0,12921.0,9159.0,11475.0,12921.0,9283.0,34.8,2142.0,149.0,205.0,2140.0,4580.0,4570.0,10.0,1175.0,1175.0,0.0,1376.0,1376.0,0.0,1127.0,1022.0,105.0,485.0,485.0,0.0,330.0,330.0,0.0,910.0,910.0,0.0,1160.0,1160.0,0.0,1465.0,1465.0,0.0
2023-03-14,Wednesday,12920.0,12433.0,12920.0,9283.0,11515.0,12920.0,9322.0,34.3,2263.0,159.0,205.0,2109.0,4633.0,4633.0,0.0,1179.0,1179.0,0.0,1420.0,1420.0,0.0,1010.0,1010.0,0.0,433.0,433.0,0.0,325.0,325.0,0.0,844.0,844.0,0.0,1145.0,1145.0,0.0,1444.0,1444.0,0.0
2023-03-16,Thursday,12926.0,12503.0,12891.0,9006.0,11295.0,12891.0,7806.0,31.4,2263.0,159.0,205.0,2095.0,4710.0,4710.0,0.0,1304.0,1304.0,0.0,1281.0,1281.0,0.0,1054.0,1022.0,32.0,430.0,430.0,0.0,344.0,344.0,0.0,824.0,824.0,0.0,1097.0,1097.0,0.0,1460.0,1460.0,0.0
2023-03-17,Friday,10220.0,9731.0,10220.0,7806.0,9637.0,10220.0,8023.0,28.5,2507.0,159.0,205.0,2095.0,3564.0,3564.0,0.0,1149.0,1149.0,0.0,931.0,931.0,0.0,634.0,634.0,0.0,354.0,354.0,0.0,302.0,302.0,0.0,645.0,645.0,0.0,994.0,994.0,0.0,1158.0,1158.0,0.0
2023-03-18,Saturday,12404.0,11945.0,12345.0,8023.0,9999.0,12345.0,7911.0,32.5,1894.0,159.0,205.0,2096.0,4371.0,4360.0,11.0,1193.0,1193.0,0.0,1257.0,1257.0,0.0,1026.0,983.0,43.0,434.0,434.0,0.0,303.0,303.0,0.0,876.0,876.0,0.0,1118.0,1118.0,0.0,1366.0,1366.0,0.0
2023-03-19,Sunday,9675.0,9230.0,9848.0,7822.0,8684.0,9675.0,6507.0,24.7,2033.0,189.0,230.0,2097.0,3433.0,3433.0,0.0,1163.0,1163.0,0.0,1024.0,1024.0,0.0,769.0,769.0,0.0,350.0,350.0,0.0,166.0,166.0,0.0,704.0,704.0,0.0,653.0,653.0,0.0,969.0,969.0,0.0
2023-03-20,Monday,10324.0,9953.0,10324.0,6507.0,9336.0,10324.0,6793.0,28.2,2000.0,189.0,230.0,2097.0,4053.0,4053.0,0.0,1025.0,1025.0,0.0,986.0,986.0,0.0,600.0,600.0,0.0,334.0,334.0,0.0,280.0,280.0,0.0,651.0,651.0,0.0,904.0,904.0,0.0,1121.0,1121.0,0.0
2023-03-21,Tuesday,10376.0,9977.0,10376.0,6793.0,9259.0,10376.0,7464.0,30.0,2061.0,189.0,230.0,2328.0,4020.0,4020.0,0.0,1035.0,1035.0,0.0,1016.0,1016.0,0.0,832.0,832.0,0.0,368.0,368.0,0.0,239.0,239.0,0.0,654.0,654.0,0.0,659.0,659.0,0.0,1155.0,1155.0,0.0
2023-03-22,Wednesday,11259.0,10850.0,11259.0,7464.0,9758.0,11259.0,7985.0,31.3,2005.0,189.0,205.0,2096.0,4282.0,4282.0,0.0,1031.0,1031.0,0.0,1081.0,1081.0,0.0,872.0,872.0,0.0,380.0,380.0,0.0,288.0,288.0,0.0,690.0,690.0,0.0,915.0,915.0,0.0,1311.0,1311.0,0.0
2023-03-23,Thursday,11742.0,11308.0,11742.0,7985.0,10194.0,11742.0,7613.0,32.6,2015.0,199.0,205.0,2096.0,4291.0,4291.0,0.0,1133.0,1133.0,0.0,1158.0,1158.0,0.0,947.0,947.0,0.0,374.0,374.0,0.0,313.0,313.0,0.0,773.0,773.0,0.0,907.0,907.0,0.0,1412.0,1412.0,0.0
2023-03-24,Friday,10892.0,10476.0,10892.0,7613.0,9543.0,10892.0,7813.0,32.7,1906.0,190.0,205.0,2099.0,3687.0,3687.0,0.0,1109.0,1109.0,0.0,1116.0,1116.0,0.0,903.0,903.0,0.0,383.0,383.0,0.0,332.0,332.0,0.0,651.0,651.0,0.0,886.0,886.0,0.0,1410.0,1410.0,0.0
2023-03-25,Saturday,11194.0,10839.0,11201.0,7813.0,10555.0,11194.0,7896.0,32.4,1977.0,189.0,205.0,2099.0,3873.0,3873.0,0.0,1200.0,1200.0,0.0,1189.0,1189.0,0.0,930.0,930.0,0.0,389.0,389.0,0.0,299.0,299.0,0.0,715.0,715.0,0.0,1010.0,1010.0,0.0,1234.0,1234.0,0.0
2023-03-26,Sunday,10776.0,10247.0,10782.0,7896.0,9974.0,10776.0,7755.0,33.6,2021.0,189.0,205.0,2102.0,3675.0,3675.0,0.0,1083.0,1083.0,0.0,1329.0,1329.0,0.0,997.0,997.0,0.0,392.0,392.0,0.0,260.0,260.0,0.0,734.0,734.0,0.0,782.0,782.0,0.0,994.0,994.0,0.0
2023-03-27,Monday,12118.0,11620.0,12072.0,7755.0,10788.0,12072.0,8951.0,32.5,2086.0,199.0,205.0,2099.0,4156.0,4156.0,0.0,1227.0,1227.0,0.0,1322.0,1322.0,0.0,1043.0,1001.0,42.0,429.0,429.0,0.0,300.0,300.0,0.0,793.0,793.0,0.0,973.0,973.0,0.0,1377.0,1377.0,0.0
2023-03-28,Tuesday,12678.0,12220.0,12575.0,8951.0,11375.0,12575.0,8622.0,34.4,2242.0,109.0,205.0,2099.0,4338.0,4338.0,0.0,1305.0,1305.0,0.0,1384.0,1384.0,0.0,1110.0,1035.0,75.0,449.0,449.0,0.0,363.0,363.0,0.0,767.0,767.0,0.0,1025.0,1005.0,20.0,1479.0,1479.0,0.0
2023-03-29,Wednesday,11153.0,10794.0,11153.0,8622.0,10302.0,11153.0,8357.0,29.7,2437.0,189.0,230.0,2099.0,3952.0,3952.0,0.0,1153.0,1153.0,0.0,1333.0,1333.0,0.0,918.0,918.0,0.0,359.0,359.0,0.0,286.0,286.0,0.0,730.0,730.0,0.0,932.0,932.0,0.0,1132.0,1132.0,0.0
2023-03-30,Thursday,12155.0,11714.0,12128.0,8357.0,11163.0,12128.0,6307.0,32.5,2574.0,189.0,205.0,2099.0,4171.0,4171.0,0.0,1234.0,1234.0,0.0,1239.0,1239.0,0.0,936.0,911.0,25.0,420.0,420.0,0.0,337.0,337.0,0.0,780.0,780.0,0.0,1057.0,1057.0,0.0,1541.0,1541.0,0.0
2023-03-31,Friday,10794.0,10391.0,10798.0,6307.0,9176.0,10794.0,5602.0,31.6,2155.0,189.0,205.0,2110.0,3685.0,3685.0,0.0,1142.0,1142.0,0.0,1005.0,1005.0,0.0,801.0,801.0,0.0,410.0,410.0,0.0,331.0,331.0,0.0,675.0,675.0,0.0,1048.0,1048.0,0.0,1294.0,1294.0,0.0
2023-04-01,Wednesday,9797.0,9420.0,9797.0,6129.0,8640.0,9797.0,6104.0,17.0,2391.0,199.0,200.0,3739.0,3491.0,3491.0,0.0,940.0,940.0,0.0,973.0,973.0,0.0,822.0,822.0,0.0,342.0,342.0,0.0,273.0,273.0,0.0,658.0,658.0,0.0,797.0,797.0,0.0,1124.0,1124.0,0.0
2023-04-02,Saturday,10452.0,9935.0,10264.0,6484.0,9132.0,10264.0,6823.0,26.5,3595.0,27.0,200.0,3156.0,3524.0,3524.0,0.0,1018.0,1018.0,0.0,1061.0,1061.0,0.0,960.0,787.0,173.0,361.0,361.0,0.0,268.0,268.0,0.0,713.0,713.0,0.0,865.0,865.0,0.0,1166.0,1166.0,0.0
2023-04-03,Saturday,12065.0,11703.0,11872.0,7915.0,10249.0,11872.0,8502.0,33.7,1990.0,158.0,200.0,2236.0,4269.0,4269.0,0.0,1112.0,1112.0,0.0,1276.0,1276.0,0.0,1055.0,877.0,178.0,419.0,419.0,0.0,318.0,318.0,0.0,812.0,812.0,0.0,1067.0,1067.0,0.0,1376.0,1376.0,0.0
2023-04-04,Tuesday,13378.0,12890.0,13362.0,8871.0,11485.0,13362.0,9961.0,33.4,2820.0,139.0,205.0,1734.0,4614.0,4614.0,0.0,1295.0,1295.0,0.0,1407.0,1407.0,0.0,1088.0,1073.0,15.0,409.0,409.0,0.0,402.0,402.0,0.0,742.0,742.0,0.0,1245.0,1245.0,0.0,1688.0,1688.0,0.0
2023-04-05,Thursday,12411.0,11981.0,12411.0,9762.0,11374.0,12411.0,9352.0,32.5,1642.0,10.0,205.0,2740.0,4579.0,4579.0,0.0,1325.0,1325.0,0.0,1024.0,1024.0,0.0,842.0,842.0,0.0,475.0,475.0,0.0,363.0,363.0,0.0,711.0,711.0,0.0,1212.0,1212.0,0.0,1450.0,1450.0,0.0
2023-04-06,Sunday,15700.0,14823.0,13781.0,11134.0,11905.0,13781.0,11221.0,37.6,1415.0,85.0,205.0,2234.0,5332.0,4876.0,456.0,1633.0,1313.0,320.0,1550.0,1360.0,190.0,1234.0,1169.0,65.0,592.0,507.0,85.0,493.0,424.0,69.0,873.0,745.0,128.0,1417.0,1177.0,240.0,1698.0,1418.0,280.0
2023-04-07,Tuesday,13440.0,12847.0,13474.0,9961.0,11051.0,13402.0,10481.0,36.0,1274.0,85.0,200.0,2232.0,3843.0,3843.0,0.0,1350.0,1350.0,0.0,1386.0,1386.0,0.0,1101.0,1101.0,0.0,573.0,573.0,0.0,499.0,499.0,0.0,866.0,830.0,36.0,1410.0,1410.0,0.0,1819.0,1819.0,0.0
2023-04-08,Friday,13395.0,12804.0,13554.0,10838.0,11626.0,13395.0,11130.0,31.8,2514.0,159.0,126.0,1729.0,4210.0,4210.0,0.0,1241.0,1241.0,0.0,1539.0,1539.0,0.0,1129.0,1129.0,0.0,545.0,545.0,0.0,408.0,408.0,0.0,877.0,877.0,0.0,1236.0,1236.0,0.0,1620.0,1620.0,0.0
2023-04-09,Monday,15200.0,14475.0,14462.0,11369.0,13081.0,14462.0,12081.0,34.2,2097.0,85.0,0.0,2067.0,5169.0,5109.0,60.0,1453.0,1453.0,0.0,1549.0,1549.0,0.0,1212.0,1082.0,130.0,647.0,567.0,80.0,456.0,456.0,0.0,997.0,862.0,135.0,1272.0,1102.0,170.0,1720.0,1590.0,130.0
2023-04-10,Wednesday,12582.0,12099.0,12561.0,10027.0,11245.0,12561.0,8825.0,30.0,2107.0,85.0,0.0,2081.0,4660.0,4660.0,0.0,1279.0,1279.0,0.0,1200.0,1200.0,0.0,1023.0,1003.0,20.0,507.0,507.0,0.0,344.0,344.0,0.0,695.0,695.0,0.0,1056.0,1056.0,0.0,1336.0,1336.0,0.0
2023-04-11,Saturday,12270.0,11910.0,12247.0,8659.0,10302.0,12247.0,8894.0,32.5,3209.0,85.0,0.0,1832.0,4574.0,4574.0,0.0,1195.0,1195.0,0.0,1130.0,1130.0,0.0,972.0,972.0,0.0,474.0,464.0,10.0,360.0,360.0,0.0,715.0,715.0,0.0,1151.0,1139.0,12.0,1340.0,1340.0,0.0
2023-04-12,Monday,10921.0,10273.0,10921.0,7224.0,9415.0,10921.0,7347.0,30.3,2776.0,189.0,0.0,2418.0,4082.0,4082.0,0.0,1157.0,1157.0,0.0,950.0,950.0,0.0,779.0,779.0,0.0,376.0,376.0,0.0,290.0,290.0,0.0,635.0,635.0,0.0,895.0,895.0,0.0,1109.0,1109.0,0.0
2023-04-13,Thursday,15636.0,14863.0,15304.0,10941.0,13188.0,15304.0,11036.0,39.5,2047.0,109.0,205.0,2273.0,5281.0,5281.0,0.0,1383.0,1383.0,0.0,1605.0,1570.0,35.0,1264.0,1058.0,206.0,567.0,552.0,15.0,487.0,487.0,0.0,939.0,939.0,0.0,1487.0,1437.0,50.0,1851.0,1851.0,0.0
2023-04-14,Friday,15031.0,14460.0,14830.0,11036.0,12440.0,14830.0,11475.0,40.2,1907.0,99.0,205.0,3252.0,4809.0,4809.0,0.0,1448.0,1448.0,0.0,1645.0,1645.0,0.0,1177.0,1077.0,100.0,584.0,569.0,15.0,489.0,489.0,0.0,945.0,905.0,40.0,1539.0,1509.0,30.0,1825.0,1825.0,0.0
2023-04-15,Saturday,15000.0,14239.0,14104.0,11475.0,12715.0,13969.0,12010.0,40.4,1658.0,109.0,205.0,3465.0,5220.0,5160.0,60.0,1287.0,1207.0,80.0,1507.0,1387.0,120.0,1250.0,1055.0,195.0,549.0,469.0,80.0,470.0,435.0,35.0,900.0,810.0,90.0,1398.0,1278.0,120.0,1658.0,1488.0,170.0
2023-04-16,Sunday,16000.0,15273.0,14845.0,12010.0,13053.0,14599.0,11818.0,40.6,1609.0,95.0,205.0,3241.0,5382.0,5372.0,10.0,1506.0,1506.0,0.0,1605.0,1395.0,210.0,1274.0,1025.0,249.0,600.0,500.0,100.0,534.0,534.0,0.0,1012.0,880.0,132.0,1518.0,1278.0,240.0,1842.0,1492.0,350.0
2023-04-17,Monday,16221.0,15499.0,15604.0,11702.0,13392.0,15604.0,11656.0,38.1,1428.0,109.0,205.0,3245.0,5312.0,5237.0,75.0,1431.0,1431.0,0.0,1738.0,1738.0,0.0,1257.0,982.0,275.0,626.0,611.0,15.0,512.0,512.0,0.0,1033.0,883.0,150.0,1576.0,1512.0,64.0,2015.0,2005.0,10.0
2023-04-18,Tuesday,16131.0,15385.0,15626.0,11656.0,13307.0,15626.0,12354.0,37.1,1229.0,159.0,205.0,3472.0,5266.0,5266.0,0.0,1429.0,1429.0,0.0,1803.0,1778.0,25.0,1231.0,1031.0,200.0,599.0,519.0,80.0,489.0,489.0,0.0,1015.0,865.0,150.0,1568.0,1541.0,27.0,1986.0,1986.0,0.0
2023-04-19,Wednesday,16096.0,15370.0,15648.0,12354.0,13415.0,15648.0,11566.0,37.6,1214.0,46.0,160.0,2858.0,5107.0,5107.0,0.0,1434.0,1434.0,0.0,1763.0,1763.0,0.0,1279.0,1081.0,198.0,640.0,600.0,40.0,505.0,505.0,0.0,1047.0,987.0,60.0,1567.0,1447.0,120.0,2028.0,2018.0,10.0
2023-04-20,Thursday,14558.0,13960.0,14457.0,11566.0,12898.0,14457.0,10000.0,37.3,1433.0,72.0,205.0,2499.0,4310.0,4310.0,0.0,1360.0,1360.0,0.0,1797.0,1726.0,71.0,1003.0,1003.0,0.0,556.0,556.0,0.0,498.0,498.0,0.0,1000.0,975.0,25.0,1548.0,1548.0,0.0,1889.0,1889.0,0.0
2023-04-21,Friday,9781.0,9415.0,12807.0,10000.0,10948.0,9781.0,8382.0,36.0,1303.0,45.0,205.0,2168.0,2215.0,2215.0,0.0,1002.0,1002.0,0.0,1511.0,1511.0,0.0,1045.0,1045.0,0.0,275.0,275.0,0.0,453.0,453.0,0.0,844.0,844.0,0.0,542.0,542.0,0.0,1528.0,1528.0,0.0
2023-04-22,Saturday,11606.0,11150.0,11764.0,8056.0,9040.0,11584.0,8501.0,36.2,1016.0,68.0,230.0,2105.0,3011.0,3011.0,0.0,974.0,974.0,0.0,1469.0,1469.0,0.0,1117.0,1096.0,21.0,462.0,462.0,0.0,440.0,440.0,0.0,815.0,815.0,0.0,1280.0,1280.0,0.0,1582.0,1582.0,0.0
2023-04-23,Sunday,9442.0,9005.0,11014.0,7252.0,8226.0,9442.0,7059.0,30.3,1445.0,114.0,230.0,2281.0,2433.0,2433.0,0.0,877.0,877.0,0.0,1211.0,1211.0,0.0,868.0,868.0,0.0,312.0,312.0,0.0,342.0,342.0,0.0,637.0,637.0,0.0,1052.0,1052.0,0.0,1274.0,1274.0,0.0
2023-04-24,Monday,10231.0,9725.0,10231.0,7059.0,9061.0,10231.0,7813.0,35.1,999.0,113.0,205.0,2114.0,2662.0,2662.0,0.0,1117.0,1117.0,0.0,991.0,991.0,0.0,998.0,998.0,0.0,462.0,462.0,0.0,382.0,382.0,0.0,745.0,745.0,0.0,1188.0,1188.0,0.0,1180.0,1180.0,0.0
2023-04-25,Tuesday,11857.0,11279.0,11836.0,7813.0,9719.0,11836.0,9128.0,35.2,650.0,10.0,205.0,2933.0,3041.0,3041.0,0.0,1199.0,1199.0,0.0,1428.0,1428.0,0.0,1101.0,1081.0,20.0,509.0,509.0,0.0,405.0,405.0,0.0,812.0,812.0,0.0,1267.0,1267.0,0.0,1518.0,1518.0,0.0
2023-04-26,Wednesday,12155.0,11541.0,12194.0,9128.0,10655.0,12155.0,9512.0,37.5,521.0,10.0,205.0,2820.0,3460.0,3460.0,0.0,1176.0,1176.0,0.0,1196.0,1196.0,0.0,1112.0,1112.0,0.0,536.0,536.0,0.0,410.0,410.0,0.0,852.0,852.0,0.0,1345.0,1345.0,0.0,1455.0,1455.0,0.0
2023-04-27,Thursday,7753.0,7488.0,11551.0,9512.0,11335.0,7753.0,7561.0,37.3,747.0,11.0,205.0,2962.0,2434.0,2434.0,0.0,1165.0,1165.0,0.0,1105.0,1105.0,0.0,898.0,898.0,0.0,200.0,200.0,0.0,140.0,140.0,0.0,884.0,884.0,0.0,196.0,196.0,0.0,466.0,466.0,0.0
2023-04-28,Friday,12100.0,11555.0,12006.0,7561.0,9539.0,12006.0,9111.0,34.8,562.0,9.0,205.0,2773.0,3594.0,3594.0,0.0,1251.0,1251.0,0.0,1393.0,1393.0,0.0,1159.0,1094.0,65.0,503.0,503.0,0.0,266.0,266.0,0.0,840.0,840.0,0.0,1232.0,1207.0,25.0,1317.0,1317.0,0.0
2023-04-29,Saturday,9235.0,8917.0,11670.0,9111.0,11099.0,9235.0,8596.0,36.6,738.0,10.0,205.0,2823.0,3058.0,3058.0,0.0,1275.0,1275.0,0.0,967.0,967.0,0.0,356.0,356.0,0.0,127.0,127.0,0.0,347.0,347.0,0.0,759.0,759.0,0.0,1050.0,1050.0,0.0,978.0,978.0,0.0
2023-04-30,Sunday,11801.0,11282.0,12171.0,8596.0,11349.0,11712.0,8365.0,35.5,1135.0,10.0,205.0,2803.0,4281.0,4281.0,0.0,1308.0,1308.0,0.0,547.0,547.0,0.0,1033.0,978.0,55.0,528.0,518.0,10.0,413.0,413.0,0.0,753.0,753.0,0.0,1310.0,1290.0,20.0,1110.0,1110.0,0.0
2023-05-01,Thursday,9839.0,9398.0,9839.0,6104.0,8652.0,9839.0,6092.0,20.2,2816.0,199.0,200.0,3739.0,3430.0,3430.0,0.0,976.0,976.0,0.0,936.0,936.0,0.0,821.0,821.0,0.0,343.0,343.0,0.0,262.0,262.0,0.0,670.0,670.0,0.0,813.0,813.0,0.0,1148.0,1148.0,0.0
2023-05-02,Sunday,10465.0,9954.0,10294.0,6823.0,9343.0,10294.0,6731.0,27.0,3616.0,28.0,200.0,3150.0,3636.0,3636.0,0.0,928.0,928.0,0.0,1067.0,1067.0,0.0,925.0,767.0,158.0,348.0,348.0,0.0,265.0,265.0,0.0,734.0,734.0,0.0,875.0,875.0,0.0,1176.0,1176.0,0.0
2023-05-03,Sunday,12308.0,11869.0,12052.0,8502.0,11096.0,12052.0,8777.0,34.0,2425.0,109.0,200.0,2223.0,4381.0,4352.0,29.0,1074.0,1074.0,0.0,1253.0,1175.0,78.0,1074.0,954.0,120.0,428.0,419.0,9.0,303.0,303.0,0.0,778.0,778.0,0.0,1112.0,1112.0,0.0,1466.0,1466.0,0.0
2023-05-04,Wednesday,13291.0,12818.0,13253.0,9961.0,11833.0,13253.0,9998.0,34.7,2744.0,139.0,205.0,1735.0,4741.0,4741.0,0.0,1216.0,1216.0,0.0,1438.0,1438.0,0.0,1055.0,1020.0,35.0,383.0,383.0,0.0,423.0,423.0,0.0,738.0,738.0,0.0,1164.0,1164.0,0.0,1660.0,1660.0,0.0
2023-05-05,Friday,12938.0,12498.0,12938.0,9352.0,10675.0,12938.0,10043.0,35.0,1456.0,10.0,205.0,2739.0,4301.0,4301.0,0.0,1340.0,1340.0,0.0,1315.0,1315.0,0.0,1072.0,1072.0,0.0,522.0,522.0,0.0,369.0,369.0,0.0,817.0,817.0,0.0,1204.0,1204.0,0.0,1557.0,1557.0,0.0
2023-05-06,Monday,15700.0,14826.0,13859.0,11221.0,12099.0,13859.0,11293.0,38.6,3140.0,0.0,205.0,1835.0,5389.0,5099.0,290.0,1372.0,1106.0,266.0,1546.0,1348.0,198.0,1256.0,1140.0,116.0,624.0,528.0,96.0,506.0,440.0,66.0,943.0,807.0,136.0,1415.0,1170.0,245.0,1775.0,1430.0,345.0
2023-05-08,Saturday,14217.0,13624.0,14049.0,11130.0,12395.0,14049.0,10988.0,32.8,2644.0,159.0,96.0,1729.0,4788.0,4773.0,15.0,1189.0,1189.0,0.0,1501.0,1468.0,33.0,1155.0,1080.0,75.0,576.0,576.0,0.0,415.0,415.0,0.0,997.0,975.0,22.0,1294.0,1279.0,15.0,1709.0,1709.0,0.0
2023-05-09,Tuesday,15350.0,14500.0,14489.0,12081.0,13711.0,14489.0,11652.0,37.3,1842.0,85.0,0.0,2362.0,5117.0,5075.0,42.0,1316.0,1131.0,185.0,1647.0,1617.0,30.0,1229.0,1084.0,145.0,619.0,554.0,65.0,487.0,487.0,0.0,1001.0,877.0,124.0,1298.0,1179.0,119.0,1787.0,1675.0,112.0
2023-05-10,Thursday,11300.0,10770.0,11300.0,8825.0,10985.0,11300.0,8008.0,29.3,2249.0,85.0,0.0,2162.0,4091.0,4091.0,0.0,1255.0,1255.0,0.0,851.0,851.0,0.0,553.0,553.0,0.0,488.0,488.0,0.0,394.0,394.0,0.0,665.0,665.0,0.0,1156.0,1156.0,0.0,1318.0,1318.0,0.0
2023-05-11,Sunday,12197.0,11826.0,12197.0,8894.0,10908.0,12197.0,8534.0,32.0,3171.0,85.0,0.0,1837.0,4659.0,4659.0,0.0,1163.0,1163.0,0.0,1111.0,1111.0,0.0,932.0,932.0,0.0,470.0,470.0,0.0,348.0,348.0,0.0,712.0,712.0,0.0,1099.0,1099.0,0.0,1332.0,1332.0,0.0
2023-05-12,Tuesday,10838.0,10404.0,10838.0,7347.0,9039.0,10838.0,7309.0,27.1,2741.0,189.0,0.0,2223.0,4122.0,4122.0,0.0,1144.0,1144.0,0.0,968.0,968.0,0.0,782.0,782.0,0.0,374.0,374.0,0.0,279.0,279.0,0.0,715.0,715.0,0.0,891.0,891.0,0.0,1130.0,1130.0,0.0
2023-05-13,Saturday,14400.0,13631.0,12349.0,9766.0,10749.0,12349.0,9616.0,35.5,2205.0,10.0,200.0,2715.0,5141.0,4291.0,850.0,990.0,939.0,51.0,1389.0,1199.0,190.0,1122.0,932.0,190.0,568.0,449.0,119.0,430.0,430.0,0.0,918.0,723.0,195.0,1311.0,1011.0,300.0,1762.0,1698.0,64.0
2023-05-14,Sunday,12732.0,12096.0,11025.0,9616.0,9774.0,11025.0,8943.0,33.0,3411.0,10.0,205.0,2715.0,4594.0,3884.0,710.0,737.0,737.0,0.0,1489.0,1133.0,356.0,968.0,795.0,173.0,415.0,415.0,0.0,332.0,332.0,0.0,934.0,662.0,272.0,1111.0,992.0,119.0,1515.0,1515.0,0.0
2023-05-15,Monday,13585.0,12950.0,11496.0,8943.0,9984.0,11496.0,8843.0,34.9,3229.0,10.0,205.0,2716.0,5142.0,4511.0,631.0,1123.0,981.0,142.0,1484.0,1233.0,251.0,1155.0,930.0,225.0,546.0,444.0,102.0,415.0,415.0,0.0,945.0,719.0,226.0,1381.0,963.0,418.0,759.0,759.0,0.0
2023-05-17,Wednesday,11950.0,11369.0,11950.0,8469.0,9376.0,11950.0,4959.0,31.1,2562.0,12.0,205.0,2714.0,4429.0,4429.0,0.0,1119.0,1119.0,0.0,1296.0,1296.0,0.0,905.0,905.0,0.0,455.0,455.0,0.0,362.0,362.0,0.0,788.0,788.0,0.0,1052.0,1052.0,0.0,964.0,964.0,0.0
2023-05-18,Thursday,11823.0,11271.0,11823.0,4959.0,9855.0,11823.0,8700.0,32.1,2585.0,11.0,205.0,2639.0,4519.0,4519.0,0.0,1034.0,1034.0,0.0,1238.0,1238.0,0.0,938.0,938.0,0.0,444.0,444.0,0.0,335.0,335.0,0.0,765.0,765.0,0.0,1046.0,1046.0,0.0,953.0,953.0,0.0
2023-05-19,Friday,12641.0,12231.0,12641.0,8700.0,10278.0,12641.0,8609.0,34.4,2169.0,10.0,205.0,2254.0,4354.0,4354.0,0.0,1235.0,1235.0,0.0,1295.0,1295.0,0.0,966.0,966.0,0.0,409.0,409.0,0.0,424.0,424.0,0.0,705.0,705.0,0.0,1289.0,1289.0,0.0,1554.0,1554.0,0.0
2023-05-20,Saturday,14250.0,13654.0,13626.0,8609.0,10970.0,13626.0,10714.0,35.1,1781.0,12.0,205.0,2246.0,4951.0,4861.0,90.0,1392.0,1392.0,0.0,1427.0,1427.0,0.0,1055.0,915.0,140.0,507.0,507.0,0.0,437.0,437.0,0.0,861.0,735.0,126.0,1341.0,1101.0,240.0,1683.0,1683.0,0.0
2023-05-21,Sunday,12900.0,12480.0,12533.0,10627.0,11795.0,12533.0,8863.0,35.4,1795.0,13.0,205.0,2234.0,5192.0,5192.0,0.0,1467.0,1327.0,140.0,888.0,888.0,0.0,432.0,432.0,0.0,308.0,308.0,0.0,424.0,384.0,40.0,795.0,795.0,0.0,1248.0,1103.0,145.0,1726.0,1701.0,25.0
2023-05-22,Monday,14251.0,13676.0,13937.0,8863.0,11750.0,13937.0,11299.0,35.6,1329.0,11.0,205.0,2236.0,4837.0,4837.0,0.0,1404.0,1349.0,55.0,1370.0,1370.0,0.0,1065.0,1030.0,35.0,501.0,501.0,0.0,466.0,441.0,25.0,855.0,855.0,0.0,1405.0,1245.0,160.0,1773.0,1748.0,25.0
2023-05-23,Tuesday,8346.0,8168.0,12609.0,11299.0,12221.0,8346.0,8101.0,34.8,2002.0,8.0,205.0,2235.0,3514.0,3514.0,0.0,1208.0,1208.0,0.0,687.0,687.0,0.0,508.0,508.0,0.0,411.0,411.0,0.0,107.0,107.0,0.0,383.0,383.0,0.0,783.0,783.0,0.0,567.0,567.0,0.0
2023-05-24,Wednesday,12700.0,12098.0,12646.0,8101.0,10034.0,12646.0,8925.0,32.2,1203.0,12.0,205.0,2234.0,4718.0,4718.0,0.0,1065.0,1065.0,0.0,1269.0,1269.0,0.0,936.0,884.0,52.0,511.0,511.0,0.0,308.0,308.0,0.0,871.0,871.0,0.0,1002.0,1002.0,0.0,1418.0,1418.0,0.0
2023-05-25,Thursday,13563.0,12914.0,13507.0,8925.0,11747.0,13507.0,8035.0,33.6,1218.0,11.0,205.0,2234.0,4667.0,4667.0,0.0,1305.0,1305.0,0.0,1393.0,1393.0,0.0,1063.0,1010.0,53.0,557.0,557.0,0.0,394.0,394.0,0.0,870.0,870.0,0.0,1300.0,1300.0,0.0,1365.0,1365.0,0.0
2023-05-26,Friday,12600.0,12056.0,12548.0,8035.0,10284.0,12548.0,9541.0,35.6,1225.0,12.0,205.0,2235.0,4374.0,4374.0,0.0,1307.0,1307.0,0.0,1242.0,1242.0,0.0,1066.0,1016.0,50.0,524.0,524.0,0.0,409.0,409.0,0.0,845.0,845.0,0.0,1295.0,1295.0,0.0,994.0,994.0,0.0
2023-05-27,Saturday,12821.0,12294.0,12821.0,9541.0,10780.0,12821.0,9649.0,33.1,1343.0,10.0,205.0,2234.0,4404.0,4404.0,0.0,1351.0,1351.0,0.0,1273.0,1273.0,0.0,985.0,985.0,0.0,495.0,495.0,0.0,360.0,360.0,0.0,817.0,817.0,0.0,1114.0,1114.0,0.0,1495.0,1495.0,0.0
2023-05-28,Sunday,14218.0,13577.0,14136.0,9649.0,11786.0,14136.0,10960.0,35.0,1391.0,12.0,205.0,2234.0,4755.0,4737.0,18.0,1433.0,1433.0,0.0,1392.0,1367.0,25.0,1104.0,1079.0,25.0,570.0,570.0,0.0,426.0,426.0,0.0,871.0,871.0,0.0,1361.0,1351.0,10.0,1665.0,1665.0,0.0
2023-05-29,Monday,14950.0,14203.0,14336.0,10960.0,11934.0,14336.0,11306.0,36.3,1485.0,10.0,205.0,2234.0,4993.0,4933.0,60.0,1473.0,1473.0,0.0,1460.0,1322.0,138.0,1085.0,1000.0,85.0,603.0,593.0,10.0,442.0,442.0,0.0,965.0,865.0,100.0,1403.0,1388.0,15.0,1779.0,1601.0,178.0
2023-05-30,Tuesday,15000.0,14316.0,14511.0,11306.0,11850.0,14511.0,11312.0,37.2,1107.0,11.0,205.0,2235.0,5158.0,5105.0,53.0,1472.0,1427.0,45.0,1443.0,1378.0,65.0,1150.0,1087.0,63.0,614.0,614.0,0.0,448.0,405.0,43.0,910.0,880.0,30.0,1378.0,1283.0,95.0,1743.0,1670.0,73.0
2023-05-31,Wednesday,15600.0,14750.0,14368.0,11312.0,12326.0,14368.0,11619.0,37.8,1045.0,13.0,205.0,2235.0,5320.0,5050.0,270.0,1313.0,1189.0,124.0,1519.0,1519.0,0.0,1189.0,1008.0,181.0,645.0,508.0,137.0,482.0,439.0,43.0,976.0,904.0,72.0,1432.0,1242.0,190.0,1873.0,1713.0,160.0
2023-06-01,Friday,8810.0,8486.0,8810.0,6092.0,7986.0,8810.0,5671.0,18.8,2607.0,199.0,200.0,3434.0,2880.0,2880.0,0.0,907.0,907.0,0.0,873.0,873.0,0.0,774.0,774.0,0.0,332.0,332.0,0.0,259.0,259.0,0.0,620.0,620.0,0.0,773.0,773.0,0.0,1069.0,1069.0,0.0
2023-06-02,Monday,10286.0,9800.0,10170.0,6731.0,9220.0,10170.0,6796.0,27.2,3678.0,109.0,200.0,3013.0,3491.0,3491.0,0.0,1007.0,1007.0,0.0,1023.0,1023.0,0.0,927.0,820.0,107.0,364.0,364.0,0.0,278.0,278.0,0.0,701.0,701.0,0.0,877.0,877.0,0.0,1132.0,1132.0,0.0
2023-06-03,Monday,12521.0,12063.0,12465.0,8777.0,10869.0,12465.0,8854.0,32.7,2450.0,109.0,200.0,2594.0,4552.0,4552.0,0.0,1139.0,1139.0,0.0,1299.0,1299.0,0.0,1068.0,1016.0,52.0,443.0,443.0,0.0,304.0,304.0,0.0,795.0,795.0,0.0,1076.0,1076.0,0.0,1386.0,1386.0,0.0
2023-06-04,Thursday,13283.0,12693.0,13265.0,9998.0,12314.0,13265.0,9482.0,35.8,2721.0,189.0,205.0,1736.0,4614.0,4614.0,0.0,1248.0,1248.0,0.0,1387.0,1387.0,0.0,1045.0,1028.0,17.0,459.0,459.0,0.0,421.0,421.0,0.0,751.0,751.0,0.0,1162.0,1162.0,0.0,1606.0,1606.0,0.0
2023-06-05,Saturday,14163.0,13556.0,14097.0,10043.0,12047.0,14097.0,10825.0,37.0,1561.0,12.0,205.0,2750.0,4834.0,4819.0,15.0,1367.0,1367.0,0.0,1395.0,1395.0,0.0,1104.0,1056.0,48.0,537.0,537.0,0.0,389.0,389.0,0.0,866.0,866.0,0.0,1392.0,1392.0,0.0,1673.0,1673.0,0.0
2023-06-06,Tuesday,15800.0,14982.0,13763.0,11293.0,12166.0,13763.0,11344.0,38.7,3244.0,0.0,205.0,1835.0,5581.0,5081.0,500.0,1072.0,1072.0,0.0,1526.0,1241.0,285.0,1179.0,949.0,230.0,626.0,626.0,0.0,528.0,453.0,75.0,984.0,794.0,190.0,1517.0,1197.0,320.0,1970.0,1625.0,345.0
2023-06-07,Thursday,13087.0,12587.0,13196.0,10625.0,11699.0,13087.0,10080.0,33.0,1279.0,179.0,170.0,2750.0,3920.0,3920.0,0.0,1286.0,1286.0,0.0,1385.0,1385.0,0.0,1085.0,1085.0,0.0,557.0,557.0,0.0,457.0,457.0,0.0,915.0,915.0,0.0,1322.0,1322.0,0.0,1659.0,1659.0,0.0
2023-06-08,Sunday,13640.0,13140.0,13501.0,10988.0,11786.0,13501.0,10104.0,28.6,2676.0,189.0,0.0,1729.0,4665.0,4640.0,25.0,1139.0,1114.0,25.0,1484.0,1454.0,30.0,1122.0,1107.0,15.0,496.0,496.0,0.0,400.0,400.0,0.0,996.0,958.0,38.0,1199.0,1199.0,0.0,1638.0,1638.0,0.0
2023-06-09,Wednesday,14700.0,13965.0,14180.0,11652.0,12621.0,14180.0,11403.0,36.0,1614.0,85.0,0.0,2238.0,4731.0,4681.0,50.0,1308.0,1308.0,0.0,1583.0,1563.0,20.0,1177.0,955.0,222.0,638.0,533.0,105.0,471.0,471.0,0.0,871.0,871.0,0.0,1394.0,1294.0,100.0,1792.0,1792.0,0.0
2023-06-10,Friday,11396.0,10926.0,11396.0,8008.0,9326.0,11396.0,9215.0,28.6,2539.0,85.0,0.0,1950.0,3788.0,3788.0,0.0,1258.0,1258.0,0.0,1094.0,1094.0,0.0,818.0,818.0,0.0,375.0,375.0,0.0,405.0,405.0,0.0,597.0,597.0,0.0,1130.0,1130.0,0.0,1460.0,1460.0,0.0
2023-06-11,Monday,11741.0,11484.0,11725.0,8534.0,10465.0,11725.0,8279.0,31.4,3205.0,85.0,0.0,1868.0,4472.0,4472.0,0.0,1204.0,1204.0,0.0,1071.0,1071.0,0.0,918.0,918.0,0.0,449.0,449.0,0.0,322.0,322.0,0.0,694.0,694.0,0.0,1050.0,1035.0,15.0,1304.0,1304.0,0.0
2023-06-12,Wednesday,10827.0,10418.0,10827.0,7309.0,9153.0,10827.0,6835.0,27.0,2828.0,189.0,0.0,2243.0,4172.0,4172.0,0.0,1198.0,1198.0,0.0,920.0,920.0,0.0,751.0,751.0,0.0,383.0,383.0,0.0,286.0,286.0,0.0,700.0,700.0,0.0,881.0,881.0,0.0,1127.0,1127.0,0.0
2023-06-13,Tuesday,14400.0,13589.0,13439.0,10690.0,12230.0,13439.0,10443.0,35.1,3151.0,0.0,175.0,1895.0,5235.0,5055.0,180.0,1342.0,1172.0,170.0,1345.0,1205.0,140.0,1107.0,997.0,110.0,576.0,556.0,20.0,350.0,350.0,0.0,839.0,689.0,150.0,1344.0,1296.0,48.0,1451.0,1351.0,100.0
2023-06-14,Wednesday,15000.0,14381.0,14129.0,10443.0,11976.0,14129.0,10800.0,36.8,3036.0,0.0,180.0,1890.0,5422.0,5369.0,53.0,1340.0,1340.0,0.0,1549.0,1462.0,87.0,1019.0,951.0,68.0,270.0,270.0,0.0,505.0,458.0,47.0,966.0,847.0,119.0,1432.0,1224.0,208.0,1878.0,1628.0,250.0
2023-06-15,Thursday,14125.0,13518.0,13863.0,10723.0,11687.0,13863.0,10686.0,34.1,3053.0,0.0,205.0,1910.0,5340.0,5320.0,20.0,1336.0,1336.0,0.0,1539.0,1539.0,0.0,486.0,486.0,0.0,447.0,447.0,0.0,447.0,447.0,0.0,584.0,584.0,0.0,1431.0,1220.0,211.0,1908.0,1889.0,19.0
2023-06-16,Friday,11974.0,11512.0,12522.0,10686.0,11780.0,11974.0,10806.0,35.5,2788.0,0.0,200.0,1781.0,3794.0,3794.0,0.0,1261.0,1261.0,0.0,1378.0,1378.0,0.0,695.0,695.0,0.0,369.0,369.0,0.0,467.0,467.0,0.0,740.0,740.0,0.0,951.0,951.0,0.0,1857.0,1857.0,0.0
2023-06-17,Saturday,11886.0,11499.0,12410.0,10806.0,12045.0,11886.0,10534.0,35.6,2754.0,0.0,200.0,1723.0,3903.0,3903.0,0.0,1237.0,1237.0,0.0,1231.0,1231.0,0.0,717.0,717.0,0.0,381.0,381.0,0.0,454.0,454.0,0.0,784.0,784.0,0.0,1212.0,1212.0,0.0,1580.0,1580.0,0.0
2023-06-18,Sunday,13267.0,12770.0,13141.0,10534.0,11466.0,13141.0,10195.0,32.6,2743.0,0.0,200.0,1722.0,4832.0,4802.0,30.0,1270.0,1270.0,0.0,1272.0,1272.0,0.0,958.0,868.0,90.0,389.0,389.0,0.0,436.0,436.0,0.0,734.0,734.0,0.0,1132.0,1132.0,0.0,1747.0,1747.0,0.0
2023-06-19,Monday,13540.0,12970.0,13456.0,10195.0,11449.0,13456.0,10600.0,34.7,2882.0,0.0,195.0,1722.0,5046.0,5026.0,20.0,1313.0,1313.0,0.0,1314.0,1314.0,0.0,925.0,875.0,50.0,399.0,399.0,0.0,401.0,401.0,0.0,743.0,743.0,0.0,1190.0,1180.0,10.0,1639.0,1639.0,0.0
2023-06-20,Tuesday,13596.0,12956.0,13596.0,10600.0,11950.0,13596.0,10667.0,35.0,2874.0,0.0,165.0,1724.0,4737.0,4737.0,0.0,1368.0,1368.0,0.0,1424.0,1424.0,0.0,993.0,993.0,0.0,392.0,392.0,0.0,449.0,449.0,0.0,738.0,738.0,0.0,1226.0,1226.0,0.0,1629.0,1629.0,0.0
2023-06-21,Wednesday,14168.0,13522.0,14131.0,10667.0,11970.0,14131.0,10976.0,35.5,3017.0,0.0,165.0,1745.0,5079.0,5044.0,35.0,1365.0,1365.0,0.0,1301.0,1301.0,0.0,936.0,936.0,0.0,482.0,482.0,0.0,441.0,441.0,0.0,805.0,805.0,0.0,1365.0,1365.0,0.0,1749.0,1749.0,0.0
2023-06-22,Thursday,14250.0,13637.0,13892.0,10954.0,11719.0,13892.0,10590.0,33.6,3034.0,0.0,162.0,1744.0,5111.0,5061.0,50.0,1311.0,1311.0,0.0,1363.0,1363.0,0.0,1045.0,1005.0,40.0,520.0,478.0,42.0,410.0,410.0,0.0,858.0,858.0,0.0,1403.0,1383.0,20.0,1616.0,1426.0,190.0
2023-06-23,Friday,13860.0,13116.0,13733.0,10590.0,11519.0,13733.0,10901.0,35.5,2606.0,0.0,170.0,1744.0,4690.0,4672.0,18.0,1288.0,1288.0,0.0,1416.0,1416.0,0.0,1074.0,971.0,103.0,505.0,505.0,0.0,403.0,403.0,0.0,892.0,892.0,0.0,1289.0,1289.0,0.0,1560.0,1560.0,0.0
2023-06-24,Saturday,14500.0,13788.0,13906.0,10714.0,11858.0,13906.0,10908.0,34.1,2729.0,0.0,165.0,1858.0,5065.0,5004.0,61.0,1255.0,1255.0,0.0,1406.0,1354.0,52.0,1144.0,1000.0,144.0,555.0,555.0,0.0,412.0,377.0,35.0,979.0,896.0,83.0,1315.0,1219.0,96.0,1657.0,1561.0,96.0
2023-06-25,Sunday,14600.0,13928.0,13768.0,10908.0,11781.0,13727.0,10866.0,34.0,2883.0,0.0,170.0,1858.0,4984.0,4898.0,86.0,1318.0,1318.0,0.0,1446.0,1351.0,95.0,1173.0,1009.0,164.0,572.0,572.0,0.0,406.0,406.0,0.0,920.0,782.0,138.0,1422.0,1252.0,170.0,1686.0,1505.0,181.0
2023-06-26,Monday,13395.0,12733.0,13364.0,10866.0,11796.0,13364.0,9448.0,32.0,2574.0,0.0,160.0,1840.0,4409.0,4409.0,0.0,1196.0,1196.0,0.0,1373.0,1373.0,0.0,1113.0,1083.0,30.0,543.0,543.0,0.0,395.0,395.0,0.0,905.0,905.0,0.0,1311.0,1311.0,0.0,1489.0,1489.0,0.0
2023-06-27,Tuesday,11566.0,11172.0,11668.0,9383.0,9530.0,11566.0,7678.0,28.2,2346.0,0.0,160.0,1838.0,3429.0,3429.0,0.0,1120.0,1120.0,0.0,1280.0,1280.0,0.0,995.0,995.0,0.0,540.0,540.0,0.0,373.0,373.0,0.0,831.0,831.0,0.0,1124.0,1124.0,0.0,1479.0,1479.0,0.0
2023-06-28,Wednesday,10301.0,9924.0,11257.0,7589.0,7917.0,10301.0,7955.0,26.4,2466.0,0.0,160.0,1765.0,2747.0,2747.0,0.0,928.0,928.0,0.0,1175.0,1175.0,0.0,925.0,925.0,0.0,464.0,464.0,0.0,412.0,412.0,0.0,793.0,793.0,0.0,1171.0,1171.0,0.0,1309.0,1309.0,0.0
2023-06-29,Thursday,10896.0,10456.0,10904.0,7361.0,7361.0,10896.0,8445.0,27.3,2039.0,0.0,170.0,1738.0,2762.0,2762.0,0.0,1021.0,1021.0,0.0,1267.0,1267.0,0.0,985.0,985.0,0.0,492.0,492.0,0.0,381.0,381.0,0.0,811.0,811.0,0.0,1315.0,1315.0,0.0,1423.0,1423.0,0.0
2023-06-30,Friday,9504.0,9141.0,10066.0,8343.0,8674.0,9504.0,8071.0,33.8,2204.0,85.0,195.0,1739.0,2604.0,2604.0,0.0,964.0,964.0,0.0,1111.0,1111.0,0.0,826.0,826.0,0.0,449.0,449.0,0.0,348.0,348.0,0.0,724.0,724.0,0.0,917.0,917.0,0.0,1198.0,1198.0,0.0
2023-07-01,Saturday,9795.0,9270.0,9795.0,5671.0,7958.0,9795.0,6079.0,15.4,2612.0,199.0,200.0,3449.0,3349.0,3349.0,0.0,930.0,930.0,0.0,910.0,910.0,0.0,818.0,818.0,0.0,356.0,356.0,0.0,275.0,275.0,0.0,638.0,638.0,0.0,838.0,838.0,0.0,1155.0,1155.0,0.0
2023-07-02,Tuesday,10349.0,9835.0,10311.0,6796.0,8798.0,10311.0,7030.0,28.3,3504.0,109.0,200.0,2914.0,3493.0,3493.0,0.0,988.0,988.0,0.0,1079.0,1079.0,0.0,947.0,912.0,35.0,358.0,358.0,0.0,276.0,276.0,0.0,711.0,711.0,0.0,843.0,843.0,0.0,1141.0,1141.0,0.0
2023-07-03,Tuesday,11568.0,11148.0,11553.0,8854.0,11350.0,11503.0,7839.0,34.4,2095.0,109.0,205.0,3154.0,3868.0,3868.0,0.0,1052.0,1052.0,0.0,1228.0,1228.0,0.0,1066.0,1006.0,60.0,416.0,416.0,0.0,310.0,310.0,0.0,769.0,769.0,0.0,1064.0,1064.0,0.0,1375.0,1375.0,0.0
2023-07-04,Friday,12860.0,12389.0,12837.0,9482.0,11282.0,12813.0,9298.0,36.5,2659.0,189.0,205.0,1740.0,4259.0,4259.0,0.0,1188.0,1188.0,0.0,1419.0,1419.0,0.0,1098.0,1055.0,43.0,481.0,481.0,0.0,412.0,412.0,0.0,756.0,756.0,0.0,1185.0,1185.0,0.0,1591.0,1591.0,0.0
2023-07-05,Sunday,14802.0,14091.0,14331.0,10825.0,12796.0,14331.0,11358.0,37.7,1550.0,10.0,205.0,2750.0,5055.0,5055.0,0.0,1405.0,1405.0,0.0,1469.0,1469.0,0.0,1105.0,905.0,200.0,572.0,572.0,0.0,439.0,439.0,0.0,902.0,852.0,50.0,1377.0,1247.0,130.0,1767.0,1697.0,70.0
2023-07-06,Wednesday,15500.0,14673.0,13898.0,11344.0,12407.0,13898.0,11271.0,37.5,2734.0,0.0,205.0,1836.0,5725.0,5725.0,0.0,1387.0,1387.0,0.0,1435.0,1215.0,220.0,1126.0,906.0,220.0,559.0,459.0,100.0,461.0,351.0,110.0,817.0,657.0,160.0,1359.0,1039.0,320.0,1804.0,1404.0,400.0
2023-07-07,Friday,13049.0,12476.0,13053.0,10080.0,10746.0,12899.0,10556.0,32.5,1249.0,179.0,170.0,3033.0,3940.0,3940.0,0.0,1318.0,1318.0,0.0,1307.0,1164.0,143.0,1083.0,1083.0,0.0,486.0,486.0,0.0,422.0,422.0,0.0,928.0,928.0,0.0,1314.0,1314.0,0.0,1678.0,1678.0,0.0
2023-07-08,Monday,12729.0,12161.0,12729.0,10104.0,11453.0,12729.0,9525.0,28.7,2720.0,169.0,0.0,1729.0,4420.0,4420.0,0.0,1039.0,1039.0,0.0,1264.0,1264.0,0.0,982.0,982.0,0.0,538.0,538.0,0.0,337.0,337.0,0.0,963.0,963.0,0.0,1163.0,1163.0,0.0,1456.0,1456.0,0.0
2023-07-09,Thursday,14500.0,13875.0,14125.0,11403.0,12594.0,14125.0,10465.0,33.5,1516.0,85.0,0.0,2906.0,4903.0,4903.0,0.0,1365.0,1365.0,0.0,1378.0,1378.0,0.0,1064.0,1054.0,10.0,648.0,598.0,50.0,428.0,428.0,0.0,1017.0,909.0,108.0,1422.0,1242.0,180.0,1651.0,1641.0,10.0
2023-07-10,Saturday,13458.0,12900.0,13458.0,9215.0,11030.0,13458.0,10344.0,32.8,2144.0,85.0,0.0,1953.0,4826.0,4826.0,0.0,1298.0,1298.0,0.0,1256.0,1256.0,0.0,1024.0,1024.0,0.0,467.0,467.0,0.0,396.0,396.0,0.0,764.0,764.0,0.0,1227.0,1227.0,0.0,1642.0,1642.0,0.0
2023-07-11,Tuesday,11253.0,10830.0,11253.0,8279.0,10318.0,11253.0,7970.0,30.1,3327.0,85.0,0.0,1840.0,4308.0,4308.0,0.0,1106.0,1106.0,0.0,1020.0,1020.0,0.0,857.0,857.0,0.0,407.0,407.0,0.0,300.0,300.0,0.0,651.0,651.0,0.0,973.0,973.0,0.0,1207.0,1207.0,0.0
2023-07-12,Thursday,9839.0,9528.0,9839.0,6835.0,9214.0,9839.0,6539.0,21.0,2800.0,189.0,0.0,2248.0,3721.0,3721.0,0.0,1156.0,1156.0,0.0,846.0,846.0,0.0,669.0,669.0,0.0,344.0,344.0,0.0,266.0,266.0,0.0,656.0,656.0,0.0,805.0,805.0,0.0,1065.0,1065.0,0.0
2023-07-13,Thursday,14870.0,14231.0,14709.0,11050.0,12004.0,14709.0,11261.0,33.7,1506.0,189.0,170.0,1825.0,5010.0,5010.0,0.0,1372.0,1372.0,0.0,1466.0,1466.0,0.0,1203.0,1049.0,154.0,558.0,558.0,0.0,450.0,450.0,0.0,948.0,948.0,0.0,1385.0,1385.0,0.0,1841.0,1841.0,0.0
2023-07-14,Friday,0.0,13259.0,13775.0,11075.0,11879.0,13730.0,10930.0,35.1,1568.0,189.0,170.0,1825.0,4526.0,4526.0,0.0,1267.0,1267.0,0.0,1394.0,1394.0,0.0,1110.0,1055.0,55.0,567.0,567.0,0.0,429.0,429.0,0.0,861.0,782.0,79.0,1367.0,1367.0,0.0,1739.0,1739.0,0.0
2023-07-15,Saturday,14545.0,14028.0,14545.0,10930.0,12219.0,14545.0,11227.0,32.7,1497.0,189.0,170.0,1834.0,4918.0,4918.0,0.0,1373.0,1373.0,0.0,1495.0,1495.0,0.0,1128.0,1128.0,0.0,598.0,598.0,0.0,424.0,424.0,0.0,966.0,966.0,0.0,1364.0,1364.0,0.0,1761.0,1761.0,0.0
2023-07-16,Sunday,14485.0,13882.0,14316.0,11227.0,12457.0,14316.0,11440.0,31.6,1851.0,189.0,170.0,1864.0,4853.0,4831.0,22.0,1270.0,1270.0,0.0,1472.0,1472.0,0.0,1136.0,1063.0,73.0,597.0,597.0,0.0,446.0,446.0,0.0,965.0,914.0,51.0,1376.0,1361.0,15.0,1766.0,1766.0,0.0
2023-07-17,Monday,15066.0,14455.0,14701.0,11440.0,12432.0,14701.0,11586.0,34.0,1857.0,189.0,170.0,1844.0,5055.0,5018.0,37.0,1422.0,1422.0,0.0,1519.0,1519.0,0.0,1214.0,1070.0,144.0,566.0,566.0,0.0,463.0,463.0,0.0,1011.0,901.0,110.0,1407.0,1407.0,0.0,1799.0,1741.0,58.0
2023-07-18,Tuesday,15200.0,14549.0,14574.0,11586.0,12428.0,14518.0,11652.0,35.2,2129.0,189.0,170.0,1624.0,5200.0,5100.0,100.0,1353.0,1353.0,0.0,1518.0,1462.0,56.0,1180.0,1030.0,150.0,640.0,640.0,0.0,473.0,473.0,0.0,982.0,794.0,188.0,1384.0,1227.0,157.0,1820.0,1820.0,0.0
2023-07-19,Wednesday,15600.0,14903.0,14448.0,11652.0,12586.0,14448.0,11991.0,35.4,2184.0,124.0,170.0,1614.0,5296.0,5158.0,138.0,1440.0,1440.0,0.0,1632.0,1532.0,100.0,1239.0,1039.0,200.0,632.0,542.0,90.0,480.0,440.0,40.0,991.0,811.0,180.0,1303.0,1123.0,180.0,1892.0,1720.0,172.0
2023-07-20,Thursday,15499.0,14712.0,15059.0,11757.0,12359.0,15059.0,11682.0,35.2,1541.0,189.0,170.0,1613.0,5244.0,5162.0,82.0,1395.0,1395.0,0.0,1598.0,1598.0,0.0,1105.0,928.0,177.0,555.0,555.0,0.0,477.0,477.0,0.0,987.0,911.0,76.0,1513.0,1428.0,85.0,1838.0,1838.0,0.0
2023-07-21,Friday,0.0,13766.0,14318.0,11545.0,12290.0,14218.0,11701.0,35.8,1405.0,189.0,170.0,1614.0,4593.0,4593.0,0.0,1422.0,1422.0,0.0,1497.0,1497.0,0.0,1137.0,1122.0,15.0,582.0,582.0,0.0,452.0,452.0,0.0,964.0,964.0,0.0,1349.0,1244.0,105.0,1771.0,1771.0,0.0
2023-07-22,Saturday,15300.0,14677.0,14926.0,11701.0,12607.0,14909.0,12192.0,36.0,1404.0,189.0,160.0,1614.0,5093.0,5093.0,0.0,1484.0,1484.0,0.0,1587.0,1587.0,0.0,1213.0,1093.0,120.0,617.0,617.0,0.0,469.0,469.0,0.0,1027.0,919.0,108.0,1407.0,1262.0,145.0,1779.0,1779.0,0.0
2023-07-23,Sunday,15300.0,14614.0,14476.0,12192.0,13242.0,14476.0,12254.0,35.2,1317.0,114.0,160.0,1614.0,5303.0,5251.0,52.0,1463.0,1331.0,132.0,1556.0,1456.0,100.0,1145.0,1040.0,105.0,636.0,636.0,0.0,481.0,481.0,0.0,965.0,850.0,115.0,1329.0,1189.0,140.0,1736.0,1594.0,142.0
2023-07-24,Monday,15550.0,14893.0,15018.0,12254.0,13419.0,15018.0,12460.0,36.1,1419.0,109.0,160.0,1697.0,5184.0,5139.0,45.0,1564.0,1564.0,0.0,1719.0,1719.0,0.0,1182.0,1075.0,107.0,588.0,523.0,65.0,485.0,485.0,0.0,999.0,907.0,92.0,1325.0,1203.0,122.0,1847.0,1770.0,77.0
2023-07-25,Tuesday,15520.0,14906.0,15118.0,12460.0,13129.0,15118.0,12359.0,36.6,1092.0,159.0,160.0,1667.0,5241.0,5241.0,0.0,1451.0,1451.0,0.0,1681.0,1656.0,25.0,1227.0,1017.0,210.0,613.0,578.0,35.0,454.0,454.0,0.0,1041.0,991.0,50.0,1412.0,1348.0,64.0,1786.0,1786.0,0.0
2023-07-26,Wednesday,0.0,14651.0,15164.0,12359.0,13334.0,15164.0,12071.0,36.6,1096.0,139.0,155.0,1577.0,5148.0,5148.0,0.0,1402.0,1402.0,0.0,1631.0,1601.0,30.0,1201.0,1101.0,100.0,546.0,546.0,0.0,472.0,472.0,0.0,1042.0,968.0,74.0,1433.0,1393.0,40.0,1776.0,1776.0,0.0
2023-07-27,Thursday,15160.0,14598.0,14804.0,12071.0,13417.0,14804.0,11378.0,33.9,1087.0,139.0,150.0,1577.0,5091.0,5091.0,0.0,1415.0,1415.0,0.0,1616.0,1616.0,0.0,1245.0,1052.0,193.0,607.0,607.0,0.0,449.0,449.0,0.0,1059.0,937.0,122.0,1368.0,1343.0,25.0,1749.0,1749.0,0.0
2023-07-28,Friday,14300.0,13675.0,14156.0,11234.0,11909.0,14098.0,11678.0,35.1,924.0,179.0,120.0,1577.0,4513.0,4513.0,0.0,1289.0,1289.0,0.0,1599.0,1599.0,0.0,1197.0,1174.0,23.0,578.0,438.0,140.0,451.0,451.0,0.0,956.0,948.0,8.0,1337.0,1315.0,22.0,1756.0,1756.0,0.0
2023-07-29,Saturday,15175.0,14464.0,15060.0,11678.0,12587.0,15049.0,12232.0,34.2,899.0,149.0,120.0,1577.0,4920.0,4895.0,25.0,1356.0,1356.0,0.0,1645.0,1645.0,0.0,1221.0,1169.0,52.0,622.0,611.0,11.0,474.0,474.0,0.0,993.0,993.0,0.0,1447.0,1415.0,32.0,1785.0,1785.0,0.0
2023-07-29,Saturday,15175.0,14464.0,15060.0,11678.0,12587.0,15049.0,12232.0,34.2,899.0,149.0,120.0,1577.0,4920.0,4895.0,25.0,1356.0,1356.0,0.0,1645.0,1645.0,0.0,1221.0,1169.0,52.0,622.0,611.0,11.0,474.0,474.0,0.0,993.0,993.0,0.0,1447.0,1415.0,32.0,1785.0,1785.0,0.0
2023-07-31,Monday,15220.0,14391.0,14801.0,12165.0,13198.0,14801.0,12246.0,37.1,2071.0,139.0,98.0,1692.0,4936.0,4896.0,40.0,1484.0,1484.0,0.0,1575.0,1515.0,60.0,1288.0,1118.0,170.0,538.0,538.0,0.0,474.0,474.0,0.0,1134.0,1044.0,90.0,1094.0,1054.0,40.0,1868.0,1868.0,0.0
2023-08-01,Sunday,9861.0,9338.0,9340.0,6079.0,8582.0,9340.0,6187.0,21.2,2761.0,199.0,200.0,3798.0,3325.0,3191.0,134.0,953.0,918.0,35.0,956.0,939.0,17.0,822.0,721.0,101.0,355.0,293.0,62.0,262.0,262.0,0.0,672.0,588.0,84.0,825.0,825.0,0.0,1169.0,1122.0,47.0
2023-08-02,Wednesday,10496.0,10022.0,10436.0,7030.0,9258.0,10436.0,7150.0,28.7,3609.0,109.0,200.0,2845.0,3627.0,3617.0,10.0,1017.0,1017.0,0.0,1049.0,1049.0,0.0,954.0,909.0,45.0,360.0,360.0,0.0,271.0,271.0,0.0,703.0,703.0,0.0,907.0,907.0,0.0,1134.0,1134.0,0.0
2023-08-03,Wednesday,11040.0,10472.0,11020.0,7839.0,9421.0,11020.0,8274.0,32.7,1794.0,158.0,205.0,2546.0,3524.0,3524.0,0.0,999.0,999.0,0.0,1246.0,1246.0,0.0,991.0,973.0,18.0,402.0,402.0,0.0,290.0,290.0,0.0,728.0,728.0,0.0,1002.0,1002.0,0.0,1289.0,1289.0,0.0
2023-08-04,Saturday,13951.0,13375.0,13871.0,9298.0,11695.0,13871.0,10069.0,37.4,2105.0,109.0,205.0,2135.0,4746.0,4746.0,0.0,1269.0,1269.0,0.0,1521.0,1521.0,0.0,1048.0,974.0,74.0,500.0,500.0,0.0,421.0,421.0,0.0,849.0,849.0,0.0,1311.0,1311.0,0.0,1711.0,1711.0,0.0
2023-08-06,Thursday,15147.0,14583.0,14655.0,11271.0,12677.0,14655.0,11187.0,33.3,2588.0,0.0,205.0,1834.0,5045.0,5002.0,43.0,1377.0,1377.0,0.0,1609.0,1512.0,97.0,1169.0,1017.0,152.0,626.0,616.0,10.0,456.0,456.0,0.0,1057.0,905.0,152.0,1317.0,1317.0,0.0,1927.0,1911.0,16.0
2023-08-07,Saturday,14085.0,13433.0,14087.0,10556.0,11681.0,14085.0,11409.0,34.0,1244.0,179.0,170.0,2802.0,4441.0,4441.0,0.0,1329.0,1329.0,0.0,1442.0,1442.0,0.0,1107.0,1107.0,0.0,581.0,581.0,0.0,459.0,459.0,0.0,928.0,928.0,0.0,1372.0,1372.0,0.0,1774.0,1774.0,0.0
2023-08-08,Tuesday,13253.0,12587.0,13253.0,9525.0,10921.0,13253.0,10285.0,29.4,2812.0,179.0,0.0,1727.0,4653.0,4653.0,0.0,981.0,981.0,0.0,1302.0,1302.0,0.0,1087.0,1087.0,0.0,509.0,509.0,0.0,384.0,384.0,0.0,896.0,896.0,0.0,1214.0,1214.0,0.0,1562.0,1562.0,0.0
2023-08-09,Friday,13300.0,12680.0,13259.0,10221.0,10585.0,13259.0,10895.0,32.5,1384.0,85.0,0.0,2742.0,4265.0,4265.0,0.0,1295.0,1295.0,0.0,1323.0,1323.0,0.0,1143.0,1104.0,39.0,549.0,549.0,0.0,397.0,397.0,0.0,873.0,873.0,0.0,1253.0,1253.0,0.0,1581.0,1581.0,0.0
2023-08-10,Sunday,14060.0,13437.0,14021.0,10344.0,11991.0,14021.0,10564.0,34.1,1682.0,85.0,0.0,2310.0,4879.0,4879.0,0.0,1337.0,1337.0,0.0,1368.0,1368.0,0.0,1161.0,1134.0,27.0,506.0,506.0,0.0,405.0,405.0,0.0,882.0,882.0,0.0,1195.0,1185.0,10.0,1704.0,1704.0,0.0
2023-08-11,Wednesday,11315.0,10954.0,11315.0,7970.0,9911.0,11315.0,7938.0,30.1,3432.0,85.0,0.0,1745.0,4420.0,4420.0,0.0,1109.0,1109.0,0.0,1024.0,1024.0,0.0,858.0,858.0,0.0,407.0,407.0,0.0,297.0,297.0,0.0,677.0,677.0,0.0,947.0,947.0,0.0,1215.0,1215.0,0.0
2023-08-12,Friday,8619.0,8211.0,8619.0,6539.0,8019.0,8619.0,6263.0,23.5,2893.0,189.0,0.0,2208.0,2868.0,2868.0,0.0,951.0,951.0,0.0,808.0,808.0,0.0,679.0,679.0,0.0,329.0,329.0,0.0,272.0,272.0,0.0,549.0,549.0,0.0,765.0,765.0,0.0,991.0,991.0,0.0
2023-08-13,Sunday,13665.0,12904.0,13665.0,10524.0,11620.0,13665.0,10599.0,29.2,2571.0,149.0,0.0,1738.0,4673.0,4673.0,0.0,1195.0,1195.0,0.0,1326.0,1326.0,0.0,1042.0,1042.0,0.0,541.0,541.0,0.0,406.0,406.0,0.0,882.0,882.0,0.0,1206.0,1206.0,0.0,1632.0,1632.0,0.0
2023-08-14,Monday,14100.0,13441.0,13972.0,10599.0,12295.0,13972.0,10875.0,31.5,2153.0,179.0,0.0,1739.0,4656.0,4636.0,20.0,1205.0,1205.0,0.0,1443.0,1443.0,0.0,1193.0,1091.0,102.0,531.0,531.0,0.0,432.0,432.0,0.0,982.0,982.0,0.0,1313.0,1313.0,0.0,1687.0,1687.0,0.0
2023-08-15,Tuesday,13904.0,13238.0,13781.0,10791.0,11476.0,13781.0,11437.0,34.1,1826.0,159.0,0.0,1729.0,4322.0,4322.0,0.0,1212.0,1212.0,0.0,1502.0,1502.0,0.0,1190.0,1170.0,20.0,583.0,583.0,0.0,449.0,449.0,0.0,979.0,882.0,97.0,1336.0,1336.0,0.0,1666.0,1666.0,0.0
2023-08-16,Wednesday,14750.0,14047.0,14311.0,11437.0,12424.0,14311.0,11389.0,32.0,1751.0,159.0,0.0,1729.0,4902.0,4902.0,0.0,1347.0,1347.0,0.0,1509.0,1479.0,30.0,1201.0,1041.0,160.0,648.0,609.0,39.0,473.0,473.0,0.0,1001.0,901.0,100.0,1230.0,1140.0,90.0,1736.0,1736.0,0.0
2023-08-17,Thursday,14847.0,14253.0,14392.0,11389.0,12309.0,14392.0,11235.0,35.8,1946.0,139.0,0.0,1729.0,5018.0,4973.0,45.0,1304.0,1304.0,0.0,1562.0,1517.0,45.0,1215.0,1101.0,114.0,602.0,592.0,10.0,478.0,478.0,0.0,967.0,867.0,100.0,1354.0,1241.0,113.0,1754.0,1744.0,10.0
2023-08-18,Friday,13957.0,13347.0,13937.0,10810.0,11453.0,13805.0,11068.0,34.4,2110.0,179.0,0.0,1729.0,4439.0,4439.0,0.0,1277.0,1277.0,0.0,1448.0,1448.0,0.0,1230.0,1151.0,79.0,612.0,612.0,0.0,434.0,434.0,0.0,958.0,931.0,27.0,1284.0,1245.0,39.0,1665.0,1665.0,0.0
2023-08-19,Saturday,14700.0,13934.0,14036.0,11068.0,12284.0,14036.0,11660.0,32.6,2234.0,179.0,0.0,1729.0,4861.0,4851.0,10.0,1368.0,1291.0,77.0,1372.0,1290.0,82.0,1204.0,1114.0,90.0,620.0,620.0,0.0,464.0,464.0,0.0,998.0,842.0,156.0,1320.0,1265.0,55.0,1727.0,1563.0,164.0
2023-08-20,Sunday,15200.0,14424.0,14651.0,11564.0,12738.0,14651.0,11506.0,35.0,2174.0,149.0,0.0,1729.0,5085.0,5075.0,10.0,1337.0,1337.0,0.0,1558.0,1488.0,70.0,1233.0,1083.0,150.0,619.0,599.0,20.0,478.0,478.0,0.0,963.0,843.0,120.0,1365.0,1286.0,79.0,1786.0,1711.0,75.0
2023-08-21,Monday,15360.0,14582.0,14701.0,11506.0,12786.0,14701.0,11931.0,34.8,2320.0,159.0,0.0,1730.0,5176.0,5141.0,35.0,1315.0,1280.0,35.0,1586.0,1476.0,110.0,1202.0,1112.0,90.0,610.0,565.0,45.0,491.0,491.0,0.0,970.0,860.0,110.0,1412.0,1292.0,120.0,1820.0,1736.0,84.0
2023-08-22,Tuesday,14513.0,13784.0,14244.0,11931.0,13210.0,14244.0,11048.0,32.5,2172.0,149.0,0.0,1729.0,4827.0,4827.0,0.0,1220.0,1220.0,0.0,1575.0,1575.0,0.0,1214.0,997.0,217.0,558.0,543.0,15.0,415.0,415.0,0.0,879.0,879.0,0.0,1329.0,1304.0,25.0,1768.0,1768.0,0.0
2023-08-23,Wednesday,14180.0,13561.0,14030.0,11048.0,12511.0,14030.0,11145.0,31.8,2439.0,85.0,0.0,1727.0,4881.0,4861.0,20.0,1273.0,1273.0,0.0,1444.0,1444.0,0.0,1185.0,1070.0,115.0,563.0,555.0,8.0,429.0,429.0,0.0,853.0,853.0,0.0,1319.0,1319.0,0.0,1614.0,1614.0,0.0
2023-08-24,Thursday,14225.0,13520.0,14182.0,11145.0,12731.0,14182.0,10182.0,33.2,2399.0,85.0,0.0,1729.0,4750.0,4750.0,0.0,1278.0,1278.0,0.0,1443.0,1443.0,0.0,1155.0,1114.0,41.0,561.0,561.0,0.0,444.0,444.0,0.0,888.0,888.0,0.0,1296.0,1296.0,0.0,1705.0,1705.0,0.0
2023-08-25,Friday,12278.0,11761.0,12436.0,9846.0,10484.0,12278.0,9748.0,31.7,2135.0,85.0,0.0,2112.0,4017.0,4017.0,0.0,1186.0,1186.0,0.0,1232.0,1232.0,0.0,1049.0,1049.0,0.0,536.0,536.0,0.0,380.0,380.0,0.0,790.0,790.0,0.0,1219.0,1219.0,0.0,1352.0,1352.0,0.0
2023-08-26,Saturday,13560.0,12960.0,13496.0,9748.0,10904.0,13496.0,10484.0,32.0,2118.0,85.0,0.0,2112.0,4593.0,4563.0,30.0,1218.0,1218.0,0.0,1335.0,1335.0,0.0,1138.0,1128.0,10.0,533.0,523.0,10.0,412.0,412.0,0.0,888.0,888.0,0.0,1250.0,1239.0,11.0,1593.0,1593.0,0.0
2023-08-27,Sunday,14350.0,13670.0,14251.0,10484.0,12365.0,14251.0,11070.0,34.7,2293.0,85.0,0.0,2113.0,4933.0,4933.0,0.0,1230.0,1230.0,0.0,1474.0,1474.0,0.0,1160.0,1095.0,65.0,500.0,500.0,0.0,425.0,425.0,0.0,937.0,907.0,30.0,1270.0,1270.0,0.0,1742.0,1742.0,0.0
2023-08-28,Monday,14550.0,13940.0,14347.0,11070.0,11818.0,14347.0,11711.0,34.7,2120.0,85.0,0.0,2112.0,4954.0,4939.0,15.0,1339.0,1339.0,0.0,1503.0,1398.0,105.0,1152.0,1102.0,50.0,541.0,541.0,0.0,423.0,423.0,0.0,960.0,936.0,24.0,1278.0,1278.0,0.0,1791.0,1791.0,0.0
2023-08-29,Tuesday,15000.0,14397.0,14716.0,11711.0,13382.0,14716.0,12235.0,34.4,2096.0,85.0,0.0,2113.0,4940.0,4930.0,10.0,1499.0,1499.0,0.0,1567.0,1567.0,0.0,1186.0,1135.0,51.0,598.0,598.0,0.0,444.0,444.0,0.0,974.0,774.0,200.0,1400.0,1390.0,10.0,1789.0,1789.0,0.0
2023-08-30,Wednesday,15300.0,14507.0,14889.0,12235.0,13320.0,14889.0,12224.0,36.2,2022.0,85.0,0.0,2112.0,5141.0,5116.0,25.0,1408.0,1408.0,0.0,1564.0,1544.0,20.0,1243.0,1163.0,80.0,581.0,521.0,60.0,486.0,486.0,0.0,974.0,916.0,58.0,1253.0,1103.0,150.0,1857.0,1857.0,0.0
2023-08-31,Thursday,15300.0,14526.0,14815.0,12224.0,13301.0,14815.0,11318.0,33.2,1869.0,85.0,0.0,2113.0,5079.0,5039.0,40.0,1415.0,1415.0,0.0,1542.0,1464.0,78.0,1225.0,1140.0,85.0,602.0,542.0,60.0,461.0,461.0,0.0,1016.0,916.0,100.0,1345.0,1245.0,100.0,1842.0,1842.0,0.0
2023-09-01,Monday,9972.0,9445.0,8939.0,6187.0,7776.0,8939.0,6338.0,28.5,2736.0,199.0,200.0,3635.0,3352.0,2951.0,401.0,1018.0,928.0,90.0,977.0,918.0,59.0,790.0,689.0,101.0,359.0,297.0,62.0,269.0,269.0,0.0,637.0,537.0,100.0,836.0,804.0,32.0,1206.0,1099.0,107.0
2023-09-02,Thursday,10533.0,10114.0,10386.0,7150.0,9255.0,10386.0,7128.0,28.5,3801.0,109.0,200.0,2961.0,3662.0,3632.0,30.0,1048.0,1048.0,0.0,1035.0,1035.0,0.0,973.0,868.0,105.0,364.0,364.0,0.0,281.0,281.0,0.0,692.0,692.0,0.0,918.0,918.0,0.0,1141.0,1141.0,0.0
2023-09-03,Thursday,12264.0,11928.0,12096.0,8274.0,10842.0,12096.0,8757.0,33.5,1681.0,159.0,205.0,2266.0,4375.0,4375.0,0.0,1142.0,1142.0,0.0,1308.0,1308.0,0.0,1098.0,943.0,155.0,440.0,440.0,0.0,302.0,302.0,0.0,829.0,829.0,0.0,1047.0,1047.0,0.0,1387.0,1387.0,0.0
2023-09-04,Sunday,14323.0,13764.0,14176.0,10069.0,12331.0,14176.0,10517.0,37.7,2356.0,119.0,205.0,2138.0,4879.0,4879.0,0.0,1295.0,1295.0,0.0,1549.0,1549.0,0.0,1156.0,1086.0,70.0,507.0,477.0,30.0,428.0,428.0,0.0,836.0,836.0,0.0,1373.0,1338.0,35.0,1740.0,1740.0,0.0
2023-09-05,Tuesday,15300.0,14672.0,13908.0,11741.0,12970.0,13752.0,11392.0,39.8,1376.0,10.0,203.0,2751.0,5232.0,5060.0,172.0,1448.0,1248.0,200.0,1520.0,1370.0,150.0,1165.0,907.0,258.0,625.0,532.0,93.0,478.0,478.0,0.0,953.0,861.0,92.0,1468.0,1247.0,221.0,1783.0,1491.0,292.0
2023-09-06,Friday,12699.0,12098.0,12699.0,11089.0,11089.0,12699.0,10176.0,32.1,2466.0,0.0,205.0,1725.0,4103.0,4103.0,0.0,1186.0,1186.0,0.0,1343.0,1343.0,0.0,968.0,968.0,0.0,567.0,567.0,0.0,408.0,408.0,0.0,897.0,897.0,0.0,1254.0,1254.0,0.0,1372.0,1372.0,0.0
2023-09-07,Sunday,14850.0,14172.0,14210.0,11409.0,12030.0,14210.0,10967.0,34.4,1504.0,179.0,170.0,2185.0,4776.0,4776.0,0.0,1368.0,1368.0,0.0,1551.0,1471.0,80.0,1213.0,1093.0,120.0,517.0,446.0,71.0,490.0,490.0,0.0,964.0,864.0,100.0,1425.0,1345.0,80.0,1867.0,1707.0,160.0
2023-09-08,Wednesday,13776.0,13181.0,13661.0,10285.0,12258.0,13661.0,10895.0,33.8,2841.0,139.0,0.0,1727.0,4725.0,4665.0,60.0,1083.0,1083.0,0.0,1412.0,1412.0,0.0,1158.0,1108.0,50.0,527.0,527.0,0.0,394.0,394.0,0.0,947.0,947.0,0.0,1318.0,1318.0,0.0,1618.0,1618.0,0.0
2023-09-09,Saturday,15000.0,14154.0,14763.0,10895.0,12009.0,14763.0,11792.0,33.8,1323.0,85.0,0.0,2552.0,4905.0,4900.0,5.0,1403.0,1351.0,52.0,1487.0,1487.0,0.0,1196.0,1151.0,45.0,603.0,563.0,40.0,465.0,465.0,0.0,948.0,906.0,42.0,1342.0,1300.0,42.0,1806.0,1806.0,0.0
2023-09-10,Monday,14220.0,13613.0,14220.0,10564.0,11911.0,14220.0,10751.0,34.0,1715.0,85.0,0.0,1724.0,5020.0,5020.0,0.0,1363.0,1363.0,0.0,1413.0,1413.0,0.0,1064.0,1064.0,0.0,453.0,453.0,0.0,407.0,407.0,0.0,898.0,898.0,0.0,1257.0,1257.0,0.0,1739.0,1739.0,0.0
2023-09-11,Thursday,11740.0,11099.0,11740.0,7938.0,10048.0,11740.0,7748.0,30.2,3786.0,85.0,0.0,1711.0,4417.0,4417.0,0.0,1161.0,1161.0,0.0,1009.0,1009.0,0.0,890.0,890.0,0.0,418.0,418.0,0.0,296.0,296.0,0.0,687.0,687.0,0.0,991.0,991.0,0.0,1231.0,1231.0,0.0
2023-09-12,Saturday,9849.0,9545.0,9849.0,6263.0,8067.0,9849.0,6672.0,26.3,2975.0,189.0,0.0,2188.0,3578.0,3578.0,0.0,1061.0,1061.0,0.0,913.0,913.0,0.0,764.0,764.0,0.0,356.0,356.0,0.0,279.0,279.0,0.0,655.0,655.0,0.0,838.0,838.0,0.0,1102.0,1102.0,0.0
2023-09-13,Wednesday,14830.0,14163.0,14531.0,11253.0,12668.0,14531.0,11461.0,34.4,1373.0,85.0,0.0,2308.0,4929.0,4929.0,0.0,1326.0,1326.0,0.0,1551.0,1551.0,0.0,1234.0,1148.0,86.0,608.0,557.0,51.0,409.0,409.0,0.0,1016.0,922.0,94.0,1392.0,1334.0,58.0,1699.0,1699.0,0.0
2023-09-14,Thursday,14450.0,13864.0,14157.0,11461.0,12610.0,14157.0,10795.0,33.1,1402.0,85.0,0.0,2311.0,4909.0,4894.0,15.0,1243.0,1243.0,0.0,1475.0,1475.0,0.0,1209.0,1119.0,90.0,617.0,537.0,80.0,425.0,425.0,0.0,1007.0,937.0,70.0,1322.0,1297.0,25.0,1656.0,1656.0,0.0
2023-09-15,Friday,14050.0,13463.0,13974.0,10711.0,11455.0,13926.0,11548.0,35.0,1338.0,85.0,0.0,2310.0,4426.0,4426.0,0.0,1287.0,1287.0,0.0,1466.0,1466.0,0.0,1234.0,1186.0,48.0,620.0,580.0,40.0,440.0,440.0,0.0,955.0,955.0,0.0,1380.0,1350.0,30.0,1656.0,1656.0,0.0
2023-09-16,Saturday,15350.0,14674.0,14938.0,11548.0,12605.0,14938.0,12330.0,36.0,1237.0,85.0,0.0,2595.0,5091.0,5091.0,0.0,1395.0,1395.0,0.0,1535.0,1528.0,7.0,1299.0,1161.0,138.0,620.0,540.0,80.0,464.0,464.0,0.0,994.0,906.0,88.0,1436.0,1356.0,80.0,1841.0,1841.0,0.0
2023-09-17,Sunday,14900.0,14351.0,14277.0,12330.0,13849.0,14277.0,11514.0,36.0,1283.0,85.0,0.0,2672.0,5472.0,5447.0,25.0,1333.0,1333.0,0.0,1518.0,1518.0,0.0,1233.0,988.0,245.0,606.0,496.0,110.0,459.0,459.0,0.0,996.0,836.0,160.0,895.0,875.0,20.0,1839.0,1804.0,35.0
2023-09-18,Monday,14650.0,14022.0,14465.0,11514.0,12998.0,14465.0,10881.0,32.5,1270.0,85.0,0.0,2670.0,5146.0,5146.0,0.0,1293.0,1293.0,0.0,1488.0,1488.0,0.0,1221.0,1099.0,122.0,633.0,603.0,30.0,380.0,380.0,0.0,964.0,964.0,0.0,1272.0,1247.0,25.0,1625.0,1625.0,0.0
2023-09-19,Tuesday,13890.0,13242.0,13694.0,10881.0,12559.0,13694.0,10628.0,32.4,1401.0,85.0,0.0,2580.0,4721.0,4721.0,0.0,1313.0,1313.0,0.0,1328.0,1328.0,0.0,1138.0,1006.0,132.0,602.0,572.0,30.0,353.0,353.0,0.0,934.0,934.0,0.0,1258.0,1233.0,25.0,1596.0,1596.0,0.0
2023-09-20,Wednesday,13250.0,12742.0,13204.0,10628.0,11865.0,13204.0,10455.0,31.4,1485.0,85.0,0.0,2492.0,4764.0,4764.0,0.0,1242.0,1242.0,0.0,1300.0,1300.0,0.0,1092.0,1048.0,44.0,448.0,448.0,0.0,360.0,360.0,0.0,842.0,842.0,0.0,1200.0,1200.0,0.0,1495.0,1495.0,0.0
2023-09-21,Thursday,12861.0,12341.0,12861.0,10455.0,11696.0,12861.0,9824.0,32.8,1349.0,85.0,0.0,2424.0,4705.0,4705.0,0.0,1263.0,1263.0,0.0,1218.0,1218.0,0.0,905.0,905.0,0.0,511.0,511.0,0.0,408.0,408.0,0.0,676.0,676.0,0.0,1170.0,1170.0,0.0,1485.0,1485.0,0.0
2023-09-22,Friday,12183.0,11638.0,12234.0,9737.0,10398.0,12183.0,9950.0,32.5,1297.0,85.0,0.0,2424.0,4097.0,4097.0,0.0,1225.0,1225.0,0.0,1170.0,1170.0,0.0,981.0,981.0,0.0,490.0,490.0,0.0,395.0,395.0,0.0,633.0,633.0,0.0,1218.0,1218.0,0.0,1430.0,1430.0,0.0
2023-09-23,Saturday,13240.0,12752.0,13201.0,9950.0,10699.0,13201.0,10278.0,32.5,1473.0,85.0,0.0,2414.0,4656.0,4656.0,0.0,1417.0,1417.0,0.0,1286.0,1286.0,0.0,1055.0,1018.0,37.0,525.0,525.0,0.0,402.0,402.0,0.0,681.0,681.0,0.0,1201.0,1201.0,0.0,1529.0,1529.0,0.0
2023-09-24,Sunday,12852.0,12324.0,12852.0,10278.0,11824.0,12852.0,10389.0,33.4,1462.0,85.0,0.0,2454.0,4692.0,4692.0,0.0,1320.0,1320.0,0.0,1100.0,1100.0,0.0,1028.0,1028.0,0.0,477.0,477.0,0.0,397.0,397.0,0.0,572.0,572.0,0.0,1260.0,1260.0,0.0,1479.0,1479.0,0.0
2023-09-25,Monday,14120.0,13436.0,14022.0,10389.0,12262.0,14022.0,10877.0,34.4,1086.0,85.0,0.0,2424.0,4927.0,4927.0,0.0,1328.0,1328.0,0.0,1248.0,1248.0,0.0,1162.0,1098.0,64.0,579.0,549.0,30.0,417.0,417.0,0.0,827.0,827.0,0.0,1332.0,1332.0,0.0,1616.0,1616.0,0.0
2023-09-26,Tuesday,14750.0,14134.0,14632.0,10877.0,12429.0,14632.0,11405.0,32.5,1288.0,85.0,0.0,2234.0,5017.0,4995.0,22.0,1339.0,1339.0,0.0,1466.0,1466.0,0.0,1209.0,1161.0,48.0,619.0,591.0,28.0,441.0,441.0,0.0,926.0,926.0,0.0,1373.0,1358.0,15.0,1744.0,1744.0,0.0
2023-09-27,Wednesday,14900.0,14328.0,14693.0,11405.0,12661.0,14693.0,11348.0,33.2,1359.0,85.0,0.0,2234.0,5078.0,5078.0,0.0,1401.0,1401.0,0.0,1484.0,1484.0,0.0,1211.0,1136.0,75.0,638.0,545.0,93.0,430.0,430.0,0.0,963.0,963.0,0.0,1364.0,1334.0,30.0,1758.0,1758.0,0.0
2023-09-28,Thursday,14700.0,14093.0,14539.0,11214.0,12235.0,14539.0,11153.0,36.2,1283.0,85.0,0.0,1674.0,4863.0,4863.0,0.0,1355.0,1355.0,0.0,1485.0,1485.0,0.0,1234.0,1134.0,100.0,645.0,616.0,29.0,475.0,475.0,0.0,920.0,920.0,0.0,1380.0,1355.0,25.0,1736.0,1736.0,0.0
2023-09-29,Friday,13485.0,12861.0,13529.0,11006.0,11852.0,13402.0,10305.0,35.6,1316.0,85.0,0.0,1741.0,4257.0,4257.0,0.0,1220.0,1220.0,0.0,1428.0,1428.0,0.0,1113.0,1083.0,30.0,593.0,564.0,29.0,401.0,401.0,0.0,957.0,957.0,0.0,1319.0,1299.0,20.0,1573.0,1573.0,0.0
2023-09-30,Saturday,13900.0,13295.0,13735.0,10304.0,11277.0,13735.0,11065.0,33.5,1376.0,85.0,0.0,2055.0,4849.0,4830.0,19.0,1347.0,1347.0,0.0,1226.0,1226.0,0.0,1205.0,1105.0,100.0,558.0,538.0,20.0,407.0,407.0,0.0,880.0,880.0,0.0,1307.0,1288.0,19.0,1516.0,1516.0,0.0
2023-10-01,Tuesday,9800.0,9430.0,9606.0,6338.0,8152.0,9606.0,6489.0,28.2,3009.0,109.0,200.0,3559.0,3342.0,3342.0,0.0,977.0,977.0,0.0,961.0,861.0,100.0,848.0,824.0,24.0,357.0,357.0,0.0,273.0,273.0,0.0,653.0,598.0,55.0,836.0,836.0,0.0,1183.0,1183.0,0.0
2023-10-02,Friday,9722.0,9197.0,9703.0,7128.0,8729.0,9703.0,6670.0,29.5,3479.0,159.0,200.0,3684.0,3073.0,3073.0,0.0,947.0,947.0,0.0,1016.0,1016.0,0.0,890.0,872.0,18.0,344.0,344.0,0.0,269.0,269.0,0.0,703.0,703.0,0.0,844.0,844.0,0.0,1112.0,1112.0,0.0
2023-10-03,Friday,10978.0,10801.0,10945.0,8757.0,9948.0,10945.0,8379.0,31.6,2211.0,159.0,205.0,2211.0,3788.0,3788.0,0.0,1096.0,1096.0,0.0,1179.0,1179.0,0.0,1033.0,1003.0,30.0,395.0,395.0,0.0,280.0,280.0,0.0,776.0,776.0,0.0,993.0,993.0,0.0,1261.0,1261.0,0.0
2023-10-04,Monday,14598.0,14075.0,14380.0,10517.0,12718.0,14380.0,10889.0,37.5,2407.0,129.0,205.0,2139.0,4905.0,4905.0,0.0,1314.0,1314.0,0.0,1571.0,1571.0,0.0,1224.0,1066.0,158.0,527.0,499.0,28.0,467.0,467.0,0.0,857.0,857.0,0.0,1411.0,1396.0,15.0,1799.0,1799.0,0.0
2023-10-05,Wednesday,14500.0,13805.0,14035.0,11392.0,13382.0,14035.0,11368.0,39.0,1237.0,11.0,205.0,2849.0,5064.0,5041.0,23.0,1384.0,1320.0,64.0,1502.0,1472.0,30.0,901.0,792.0,109.0,358.0,358.0,0.0,493.0,493.0,0.0,934.0,884.0,50.0,1457.0,1289.0,168.0,1712.0,1712.0,0.0
2023-10-06,Saturday,13950.0,13246.0,13897.0,10176.0,11798.0,13897.0,10875.0,32.7,2644.0,0.0,200.0,1733.0,4790.0,4765.0,25.0,1235.0,1235.0,0.0,1471.0,1445.0,26.0,1125.0,1125.0,0.0,500.0,500.0,0.0,397.0,397.0,0.0,923.0,923.0,0.0,1169.0,1169.0,0.0,1636.0,1636.0,0.0
2023-10-07,Monday,14765.0,14100.0,14459.0,10967.0,12062.0,14459.0,11675.0,34.1,1808.0,139.0,170.0,2185.0,4943.0,4908.0,35.0,1269.0,1269.0,0.0,1530.0,1530.0,0.0,1131.0,1051.0,80.0,564.0,564.0,0.0,462.0,462.0,0.0,966.0,801.0,165.0,1405.0,1395.0,10.0,1830.0,1828.0,2.0
2023-10-08,Thursday,14047.0,13390.0,13879.0,10895.0,12235.0,13879.0,10689.0,33.3,2962.0,149.0,0.0,1727.0,4765.0,4765.0,0.0,1181.0,1181.0,0.0,1444.0,1409.0,35.0,1136.0,1058.0,78.0,566.0,566.0,0.0,384.0,384.0,0.0,982.0,935.0,47.0,1268.0,1268.0,0.0,1664.0,1664.0,0.0
2023-10-09,Sunday,15370.0,14611.0,14709.0,11792.0,12987.0,14709.0,11974.0,35.0,1292.0,85.0,0.0,2552.0,5021.0,4941.0,80.0,1403.0,1403.0,0.0,1574.0,1564.0,10.0,1278.0,978.0,300.0,631.0,585.0,46.0,483.0,483.0,0.0,1017.0,922.0,95.0,1404.0,1304.0,100.0,1800.0,1800.0,0.0
2023-10-10,Tuesday,14085.0,13519.0,14017.0,10751.0,12224.0,14017.0,10773.0,34.1,1735.0,85.0,0.0,1651.0,4964.0,4964.0,0.0,1360.0,1360.0,0.0,1350.0,1350.0,0.0,1087.0,1087.0,0.0,548.0,508.0,40.0,447.0,447.0,0.0,806.0,806.0,0.0,1287.0,1262.0,25.0,1671.0,1671.0,0.0
2023-10-11,Friday,9556.0,9187.0,9556.0,7737.0,8735.0,9556.0,7369.0,31.6,3262.0,85.0,0.0,1695.0,3418.0,3418.0,0.0,964.0,964.0,0.0,903.0,903.0,0.0,766.0,766.0,0.0,374.0,374.0,0.0,276.0,276.0,0.0,546.0,546.0,0.0,887.0,887.0,0.0,1053.0,1053.0,0.0
2023-10-12,Sunday,9773.0,9735.0,9773.0,6672.0,8640.0,9773.0,6576.0,25.2,3164.0,189.0,0.0,2238.0,3715.0,3715.0,0.0,1088.0,1088.0,0.0,905.0,905.0,0.0,742.0,742.0,0.0,360.0,360.0,0.0,263.0,263.0,0.0,692.0,692.0,0.0,834.0,834.0,0.0,1136.0,1136.0,0.0
2023-10-13,Friday,12852.0,12304.0,12852.0,9613.0,10593.0,12852.0,9972.0,34.7,1727.0,85.0,0.0,2096.0,4210.0,4210.0,0.0,1232.0,1232.0,0.0,1271.0,1271.0,0.0,1061.0,1061.0,0.0,499.0,499.0,0.0,403.0,403.0,0.0,796.0,796.0,0.0,1266.0,1266.0,0.0,1567.0,1567.0,0.0
2023-10-14,Saturday,13720.0,13223.0,13639.0,9972.0,11230.0,13639.0,10321.0,34.2,1750.0,85.0,0.0,2006.0,4774.0,4774.0,0.0,1331.0,1331.0,0.0,1329.0,1329.0,0.0,1085.0,1008.0,77.0,537.0,537.0,0.0,410.0,410.0,0.0,853.0,853.0,0.0,1278.0,1278.0,0.0,1627.0,1627.0,0.0
2023-10-15,Sunday,13852.0,13319.0,13826.0,10321.0,11898.0,13826.0,10163.0,32.2,1752.0,85.0,0.0,1956.0,5008.0,4993.0,15.0,1317.0,1317.0,0.0,1299.0,1299.0,0.0,1076.0,1066.0,10.0,534.0,534.0,0.0,404.0,404.0,0.0,779.0,779.0,0.0,1308.0,1308.0,0.0,1596.0,1596.0,0.0
2023-10-16,Monday,13742.0,13177.0,13742.0,10163.0,11862.0,13742.0,10151.0,33.3,1858.0,85.0,0.0,1956.0,5026.0,5026.0,0.0,1227.0,1227.0,0.0,1331.0,1331.0,0.0,1086.0,1086.0,0.0,535.0,535.0,0.0,395.0,395.0,0.0,758.0,758.0,0.0,1265.0,1265.0,0.0,1553.0,1553.0,0.0
2023-10-17,Tuesday,13832.0,13235.0,13832.0,10151.0,11754.0,13832.0,10120.0,33.5,1857.0,85.0,0.0,1963.0,4993.0,4993.0,0.0,1268.0,1268.0,0.0,1310.0,1310.0,0.0,1093.0,1093.0,0.0,539.0,539.0,0.0,411.0,411.0,0.0,762.0,762.0,0.0,1300.0,1300.0,0.0,1560.0,1560.0,0.0
2023-10-18,Wednesday,13313.0,12798.0,13313.0,10120.0,11833.0,13313.0,9946.0,32.8,1850.0,85.0,0.0,1961.0,4841.0,4841.0,0.0,1205.0,1205.0,0.0,1261.0,1261.0,0.0,1057.0,1057.0,0.0,523.0,523.0,0.0,411.0,411.0,0.0,741.0,741.0,0.0,1225.0,1225.0,0.0,1534.0,1534.0,0.0
2023-10-19,Thursday,13370.0,12759.0,13351.0,9946.0,11503.0,13351.0,9025.0,33.3,1868.0,85.0,0.0,1592.0,4942.0,4942.0,0.0,1238.0,1238.0,0.0,1185.0,1185.0,0.0,1018.0,1000.0,18.0,523.0,523.0,0.0,391.0,391.0,0.0,732.0,732.0,0.0,1266.0,1266.0,0.0,1463.0,1463.0,0.0
2023-10-20,Friday,11780.0,11347.0,11630.0,8998.0,10165.0,11630.0,8974.0,33.6,1857.0,85.0,0.0,1600.0,4047.0,4047.0,0.0,1211.0,1211.0,0.0,1097.0,1097.0,0.0,967.0,937.0,30.0,437.0,364.0,73.0,354.0,354.0,0.0,699.0,699.0,0.0,1165.0,1125.0,40.0,1370.0,1370.0,0.0
2023-10-21,Saturday,13180.0,12544.0,13108.0,8974.0,11390.0,13108.0,9499.0,34.6,2028.0,85.0,0.0,1831.0,4741.0,4741.0,0.0,1333.0,1333.0,0.0,1180.0,1180.0,0.0,1035.0,985.0,50.0,513.0,494.0,19.0,366.0,366.0,0.0,730.0,730.0,0.0,1230.0,1230.0,0.0,1417.0,1417.0,0.0
2023-10-22,Sunday,12948.0,12371.0,12918.0,9499.0,11420.0,12918.0,9754.0,32.4,2765.0,85.0,0.0,1786.0,4716.0,4716.0,0.0,1238.0,1238.0,0.0,1191.0,1191.0,0.0,1009.0,1009.0,0.0,526.0,497.0,29.0,391.0,391.0,0.0,666.0,666.0,0.0,1226.0,1226.0,0.0,1409.0,1409.0,0.0
2023-10-23,Monday,12144.0,11718.0,12144.0,9754.0,11359.0,12144.0,9157.0,31.0,2862.0,85.0,0.0,1786.0,4420.0,4420.0,0.0,1242.0,1242.0,0.0,1118.0,1118.0,0.0,906.0,906.0,0.0,491.0,491.0,0.0,327.0,327.0,0.0,717.0,717.0,0.0,1148.0,1148.0,0.0,1349.0,1349.0,0.0
2023-10-24,Tuesday,11269.0,10770.0,11269.0,9157.0,10238.0,11269.0,8504.0,29.9,2793.0,85.0,0.0,1786.0,4346.0,4346.0,0.0,731.0,731.0,0.0,1097.0,1097.0,0.0,919.0,919.0,0.0,427.0,427.0,0.0,300.0,300.0,0.0,640.0,640.0,0.0,1030.0,1030.0,0.0,1281.0,1281.0,0.0
2023-10-25,Wednesday,12425.0,11947.0,12390.0,8504.0,10768.0,12390.0,9206.0,33.0,2839.0,85.0,0.0,1555.0,4711.0,4693.0,18.0,1076.0,1076.0,0.0,1170.0,1170.0,0.0,1002.0,987.0,15.0,447.0,447.0,0.0,338.0,338.0,0.0,667.0,667.0,0.0,1117.0,1117.0,0.0,1419.0,1419.0,0.0
2023-10-26,Thursday,12730.0,12116.0,12688.0,9206.0,11245.0,12688.0,8976.0,33.0,2874.0,85.0,0.0,1555.0,4731.0,4731.0,0.0,1161.0,1161.0,0.0,1170.0,1170.0,0.0,977.0,952.0,25.0,481.0,466.0,15.0,357.0,357.0,0.0,677.0,677.0,0.0,1163.0,1163.0,0.0,1399.0,1399.0,0.0
2023-10-27,Friday,10967.0,10593.0,10943.0,8976.0,9860.0,10943.0,8411.0,32.3,2702.0,85.0,0.0,1555.0,3836.0,3836.0,0.0,1109.0,1109.0,0.0,1027.0,1027.0,0.0,884.0,884.0,0.0,464.0,456.0,8.0,329.0,329.0,0.0,587.0,587.0,0.0,1090.0,1075.0,15.0,1266.0,1266.0,0.0
2023-10-28,Saturday,11798.0,11399.0,11798.0,8411.0,10299.0,11798.0,8502.0,33.0,2795.0,85.0,0.0,1555.0,4355.0,4355.0,0.0,1216.0,1216.0,0.0,1084.0,1084.0,0.0,863.0,863.0,0.0,487.0,487.0,0.0,334.0,334.0,0.0,638.0,638.0,0.0,1114.0,1114.0,0.0,1309.0,1309.0,0.0
2023-10-29,Sunday,11825.0,11642.0,11825.0,8502.0,10675.0,11825.0,8476.0,32.5,2804.0,85.0,0.0,1557.0,4438.0,4438.0,0.0,1233.0,1233.0,0.0,1092.0,1092.0,0.0,927.0,927.0,0.0,482.0,482.0,0.0,331.0,331.0,0.0,724.0,724.0,0.0,1075.0,1075.0,0.0,1340.0,1340.0,0.0
2023-10-30,Monday,11977.0,11770.0,11977.0,8476.0,10823.0,11977.0,8643.0,31.6,3260.0,85.0,0.0,1578.0,4568.0,4568.0,0.0,1199.0,1199.0,0.0,1129.0,1129.0,0.0,930.0,930.0,0.0,450.0,450.0,0.0,327.0,327.0,0.0,761.0,761.0,0.0,1057.0,1057.0,0.0,1351.0,1351.0,0.0
2023-10-31,Tuesday,12466.0,11987.0,12466.0,8643.0,11078.0,12466.0,8872.0,34.6,3149.0,85.0,0.0,1606.0,4483.0,4483.0,0.0,1352.0,1352.0,0.0,1125.0,1125.0,0.0,989.0,989.0,0.0,510.0,510.0,0.0,331.0,331.0,0.0,695.0,695.0,0.0,1151.0,1151.0,0.0,1352.0,1352.0,0.0
2023-11-01,Wednesday,9767.0,9374.0,9767.0,6489.0,8503.0,9767.0,6318.0,26.0,3037.0,109.0,200.0,3180.0,3338.0,3338.0,0.0,912.0,912.0,0.0,1003.0,1003.0,0.0,844.0,844.0,0.0,353.0,353.0,0.0,268.0,268.0,0.0,652.0,652.0,0.0,843.0,843.0,0.0,1160.0,1160.0,0.0
2023-11-02,Saturday,10376.0,9843.0,10349.0,6670.0,8527.0,10349.0,7227.0,30.5,3613.0,159.0,200.0,3324.0,3532.0,3532.0,0.0,1044.0,1044.0,0.0,1002.0,1002.0,0.0,934.0,909.0,25.0,352.0,352.0,0.0,274.0,274.0,0.0,671.0,671.0,0.0,905.0,905.0,0.0,1130.0,1130.0,0.0
2023-11-03,Saturday,12221.0,11847.0,12172.0,8379.0,10238.0,12172.0,8688.0,33.7,2231.0,159.0,205.0,1997.0,4353.0,4353.0,0.0,1169.0,1169.0,0.0,1267.0,1267.0,0.0,1026.0,981.0,45.0,446.0,446.0,0.0,314.0,314.0,0.0,845.0,845.0,0.0,1086.0,1086.0,0.0,1341.0,1341.0,0.0
2023-11-04,Tuesday,14896.0,14365.0,14800.0,10889.0,12948.0,14800.0,10887.0,38.5,2314.0,159.0,205.0,2264.0,4994.0,4994.0,0.0,1399.0,1399.0,0.0,1592.0,1592.0,0.0,1160.0,1072.0,88.0,555.0,555.0,0.0,480.0,480.0,0.0,863.0,863.0,0.0,1497.0,1497.0,0.0,1826.0,1826.0,0.0
2023-11-05,Thursday,14300.0,13607.0,13501.0,11368.0,12836.0,13501.0,10860.0,38.4,1192.0,10.0,205.0,2716.0,5136.0,5076.0,60.0,1383.0,1249.0,134.0,1355.0,1257.0,98.0,657.0,657.0,0.0,387.0,387.0,0.0,477.0,477.0,0.0,879.0,879.0,0.0,1454.0,1204.0,250.0,1879.0,1658.0,221.0
2023-11-06,Sunday,14100.0,13621.0,13792.0,10875.0,12356.0,13792.0,10606.0,31.9,2604.0,0.0,200.0,1734.0,5081.0,4991.0,90.0,1224.0,1224.0,0.0,1503.0,1490.0,13.0,1137.0,1030.0,107.0,514.0,438.0,76.0,397.0,397.0,0.0,860.0,860.0,0.0,1153.0,1145.0,8.0,1752.0,1752.0,0.0
2023-11-07,Tuesday,14921.0,14322.0,14691.0,11487.0,12178.0,14691.0,11475.0,33.4,2161.0,139.0,170.0,2185.0,4899.0,4887.0,12.0,1439.0,1439.0,0.0,1554.0,1554.0,0.0,1192.0,1095.0,97.0,586.0,586.0,0.0,463.0,463.0,0.0,947.0,836.0,111.0,1403.0,1403.0,0.0,1839.0,1839.0,0.0
2023-11-08,Friday,13333.0,12778.0,13396.0,10486.0,11365.0,13333.0,10801.0,31.0,2885.0,139.0,0.0,1727.0,4232.0,4232.0,0.0,1170.0,1170.0,0.0,1396.0,1396.0,0.0,1151.0,1151.0,0.0,540.0,540.0,0.0,416.0,416.0,0.0,920.0,920.0,0.0,1281.0,1281.0,0.0,1673.0,1673.0,0.0
2023-11-09,Monday,15175.0,14474.0,14728.0,11974.0,13311.0,14728.0,11926.0,33.2,1459.0,85.0,0.0,2645.0,5044.0,5017.0,27.0,1363.0,1363.0,0.0,1543.0,1543.0,0.0,1247.0,1109.0,138.0,622.0,604.0,18.0,443.0,443.0,0.0,1000.0,921.0,79.0,1443.0,1278.0,165.0,1770.0,1770.0,0.0
2023-11-10,Wednesday,14470.0,13831.0,14356.0,10773.0,12238.0,14356.0,10918.0,34.6,1753.0,85.0,0.0,2005.0,5005.0,5005.0,0.0,1269.0,1269.0,0.0,1441.0,1441.0,0.0,1162.0,1141.0,21.0,573.0,503.0,70.0,434.0,434.0,0.0,881.0,881.0,0.0,1347.0,1329.0,18.0,1721.0,1721.0,0.0
2023-11-11,Saturday,11207.0,10994.0,11207.0,7369.0,9414.0,11207.0,7754.0,31.6,3447.0,85.0,0.0,1601.0,4349.0,4349.0,0.0,1144.0,1144.0,0.0,1006.0,1006.0,0.0,896.0,896.0,0.0,437.0,437.0,0.0,297.0,297.0,0.0,680.0,680.0,0.0,988.0,988.0,0.0,1198.0,1198.0,0.0
2023-11-12,Monday,9966.0,9684.0,9966.0,6576.0,8635.0,9966.0,6609.0,23.9,3271.0,189.0,0.0,2228.0,3704.0,3704.0,0.0,1043.0,1043.0,0.0,901.0,901.0,0.0,750.0,750.0,0.0,364.0,364.0,0.0,274.0,274.0,0.0,693.0,693.0,0.0,820.0,820.0,0.0,1135.0,1135.0,0.0
2023-11-13,Monday,11553.0,11207.0,11553.0,7806.0,10157.0,11553.0,7882.0,31.9,3379.0,189.0,0.0,1821.0,4477.0,4477.0,0.0,1185.0,1185.0,0.0,1003.0,1003.0,0.0,891.0,891.0,0.0,432.0,432.0,0.0,297.0,297.0,0.0,693.0,693.0,0.0,1012.0,1012.0,0.0,1217.0,1217.0,0.0
2023-11-14,Tuesday,11657.0,11292.0,11657.0,7882.0,10298.0,11657.0,8060.0,31.8,3500.0,189.0,0.0,1823.0,4524.0,4524.0,0.0,1236.0,1236.0,0.0,1024.0,1024.0,0.0,861.0,861.0,0.0,434.0,434.0,0.0,296.0,296.0,0.0,662.0,662.0,0.0,1024.0,1024.0,0.0,1231.0,1231.0,0.0
2023-11-15,Wednesday,11892.0,11526.0,11892.0,8060.0,10345.0,11892.0,8260.0,32.6,3411.0,189.0,0.0,1821.0,4547.0,4547.0,0.0,1337.0,1337.0,0.0,1004.0,1004.0,0.0,863.0,863.0,0.0,471.0,471.0,0.0,310.0,310.0,0.0,701.0,701.0,0.0,1081.0,1081.0,0.0,1213.0,1213.0,0.0
2023-11-16,Thursday,11088.0,10675.0,11088.0,8260.0,9805.0,11088.0,6877.0,27.4,3574.0,189.0,0.0,1824.0,4402.0,4402.0,0.0,1180.0,1180.0,0.0,941.0,941.0,0.0,757.0,757.0,0.0,428.0,428.0,0.0,277.0,277.0,0.0,657.0,657.0,0.0,939.0,939.0,0.0,1094.0,1094.0,0.0
2023-11-17,Friday,6897.0,6620.0,8827.0,6845.0,7098.0,6897.0,5719.0,22.6,3942.0,189.0,0.0,1821.0,2780.0,2780.0,0.0,709.0,709.0,0.0,822.0,822.0,0.0,619.0,619.0,0.0,153.0,153.0,0.0,69.0,69.0,0.0,523.0,523.0,0.0,100.0,100.0,0.0,845.0,845.0,0.0
2023-11-18,Saturday,10596.0,10100.0,10596.0,5719.0,8588.0,10596.0,7338.0,29.4,3307.0,189.0,0.0,1791.0,4108.0,4108.0,0.0,1067.0,1067.0,0.0,982.0,982.0,0.0,783.0,783.0,0.0,387.0,387.0,0.0,229.0,229.0,0.0,694.0,694.0,0.0,681.0,681.0,0.0,1170.0,1170.0,0.0
2023-11-19,Sunday,11033.0,10661.0,11033.0,7338.0,9557.0,11033.0,7592.0,30.2,3669.0,189.0,0.0,1801.0,4270.0,4270.0,0.0,1106.0,1106.0,0.0,998.0,998.0,0.0,844.0,844.0,0.0,414.0,414.0,0.0,281.0,281.0,0.0,669.0,669.0,0.0,851.0,851.0,0.0,1228.0,1228.0,0.0
2023-11-20,Monday,11253.0,10972.0,11253.0,7592.0,9710.0,11253.0,7812.0,31.8,3066.0,189.0,0.0,2143.0,4350.0,4350.0,0.0,1211.0,1211.0,0.0,999.0,999.0,0.0,813.0,813.0,0.0,435.0,435.0,0.0,285.0,285.0,0.0,715.0,715.0,0.0,938.0,938.0,0.0,1226.0,1226.0,0.0
2023-11-21,Tuesday,11034.0,10883.0,11034.0,7812.0,9707.0,11034.0,7580.0,29.4,3017.0,189.0,0.0,2143.0,4371.0,4371.0,0.0,1223.0,1223.0,0.0,988.0,988.0,0.0,814.0,814.0,0.0,399.0,399.0,0.0,284.0,284.0,0.0,697.0,697.0,0.0,900.0,900.0,0.0,1207.0,1207.0,0.0
2023-11-22,Wednesday,10696.0,10461.0,10696.0,7580.0,9436.0,10696.0,7341.0,29.6,2733.0,189.0,0.0,2153.0,4211.0,4211.0,0.0,1155.0,1155.0,0.0,945.0,945.0,0.0,795.0,795.0,0.0,394.0,394.0,0.0,277.0,277.0,0.0,677.0,677.0,0.0,881.0,881.0,0.0,1125.0,1125.0,0.0
2023-11-23,Thursday,10409.0,10327.0,10409.0,7341.0,9340.0,10409.0,7277.0,29.2,2922.0,189.0,0.0,2153.0,4066.0,4066.0,0.0,1185.0,1185.0,0.0,928.0,928.0,0.0,804.0,804.0,0.0,391.0,391.0,0.0,270.0,270.0,0.0,669.0,669.0,0.0,867.0,867.0,0.0,1147.0,1147.0,0.0
2023-11-24,Friday,9061.0,8783.0,9061.0,7277.0,8215.0,9061.0,6700.0,29.2,2615.0,189.0,0.0,2153.0,3147.0,3147.0,0.0,977.0,977.0,0.0,892.0,892.0,0.0,693.0,693.0,0.0,362.0,362.0,0.0,255.0,255.0,0.0,639.0,639.0,0.0,761.0,761.0,0.0,1057.0,1057.0,0.0
2023-11-25,Saturday,10583.0,10154.0,10583.0,6700.0,8140.0,10583.0,7092.0,30.1,2667.0,189.0,0.0,2155.0,3890.0,3890.0,0.0,1073.0,1073.0,0.0,948.0,948.0,0.0,812.0,812.0,0.0,413.0,413.0,0.0,282.0,282.0,0.0,707.0,707.0,0.0,887.0,887.0,0.0,1142.0,1142.0,0.0
2023-11-26,Sunday,10721.0,10481.0,10721.0,7092.0,9325.0,10721.0,7273.0,31.4,2793.0,189.0,0.0,2154.0,4125.0,4125.0,0.0,1168.0,1168.0,0.0,975.0,975.0,0.0,800.0,800.0,0.0,388.0,388.0,0.0,271.0,271.0,0.0,689.0,689.0,0.0,890.0,890.0,0.0,1175.0,1175.0,0.0
2023-11-27,Monday,10831.0,10746.0,10831.0,7273.0,9553.0,10831.0,7508.0,32.4,2732.0,189.0,0.0,2155.0,4337.0,4337.0,0.0,1159.0,1159.0,0.0,976.0,976.0,0.0,813.0,813.0,0.0,396.0,396.0,0.0,274.0,274.0,0.0,715.0,715.0,0.0,933.0,933.0,0.0,1142.0,1142.0,0.0
2023-11-28,Tuesday,10847.0,10745.0,10847.0,7508.0,9651.0,10847.0,7400.0,32.5,2522.0,189.0,0.0,2151.0,4343.0,4343.0,0.0,1089.0,1089.0,0.0,1002.0,1002.0,0.0,813.0,813.0,0.0,385.0,385.0,0.0,286.0,286.0,0.0,727.0,727.0,0.0,918.0,918.0,0.0,1182.0,1182.0,0.0
2023-11-29,Wednesday,10786.0,10576.0,10786.0,7400.0,9568.0,10786.0,7398.0,29.2,2326.0,189.0,0.0,2158.0,4237.0,4237.0,0.0,1195.0,1195.0,0.0,964.0,964.0,0.0,784.0,784.0,0.0,386.0,386.0,0.0,274.0,274.0,0.0,708.0,708.0,0.0,884.0,884.0,0.0,1143.0,1143.0,0.0
2023-11-29,Wednesday,10786.0,10576.0,10786.0,7400.0,9568.0,10786.0,7398.0,29.2,2738.0,189.0,0.0,2518.0,4237.0,4237.0,0.0,1195.0,1195.0,0.0,964.0,964.0,0.0,784.0,784.0,0.0,386.0,386.0,0.0,274.0,274.0,0.0,708.0,708.0,0.0,884.0,884.0,0.0,1143.0,1143.0,0.0
2023-11-30,Thursday,10725.0,10550.0,10725.0,7398.0,9608.0,10725.0,7375.0,22.6,2695.0,189.0,0.0,2519.0,4214.0,4214.0,0.0,1135.0,1135.0,0.0,964.0,964.0,0.0,800.0,800.0,0.0,372.0,372.0,0.0,277.0,277.0,0.0,721.0,721.0,0.0,902.0,902.0,0.0,1165.0,1165.0,0.0
2023-12-01,Thursday,9808.0,9307.0,9375.0,6318.0,8733.0,9375.0,6467.0,23.4,3430.0,109.0,200.0,3164.0,3262.0,3142.0,120.0,942.0,942.0,0.0,971.0,971.0,0.0,870.0,715.0,155.0,348.0,348.0,0.0,275.0,275.0,0.0,628.0,516.0,112.0,838.0,838.0,0.0,1173.0,1161.0,12.0
2023-12-02,Sunday,10600.0,10085.0,10355.0,7227.0,8780.0,10355.0,7371.0,30.0,4222.0,109.0,200.0,2841.0,3639.0,3579.0,60.0,1078.0,1078.0,0.0,1086.0,1046.0,40.0,895.0,819.0,76.0,345.0,345.0,0.0,289.0,289.0,0.0,674.0,624.0,50.0,918.0,918.0,0.0,1162.0,1162.0,0.0
2023-12-03,Sunday,12829.0,12459.0,12748.0,8688.0,11332.0,12748.0,9159.0,34.9,2161.0,159.0,205.0,2139.0,4618.0,4618.0,0.0,1208.0,1208.0,0.0,1351.0,1351.0,0.0,1090.0,1015.0,75.0,463.0,463.0,0.0,333.0,333.0,0.0,847.0,847.0,0.0,1133.0,1133.0,0.0,1416.0,1416.0,0.0
2023-12-04,Wednesday,15154.0,14624.0,14932.0,10887.0,13242.0,14932.0,10941.0,38.9,2011.0,119.0,205.0,2262.0,5144.0,5102.0,42.0,1482.0,1482.0,0.0,1644.0,1644.0,0.0,1206.0,1083.0,123.0,583.0,583.0,0.0,467.0,467.0,0.0,893.0,893.0,0.0,1420.0,1380.0,40.0,1784.0,1784.0,0.0
2023-12-05,Friday,14130.0,13483.0,13806.0,10784.0,11764.0,13806.0,9941.0,37.3,1160.0,10.0,203.0,2716.0,4720.0,4720.0,0.0,1296.0,1296.0,0.0,1422.0,1422.0,0.0,1055.0,970.0,85.0,548.0,538.0,10.0,450.0,450.0,0.0,895.0,895.0,0.0,1423.0,1276.0,147.0,1675.0,1605.0,70.0
2023-12-06,Monday,13850.0,13116.0,13565.0,10606.0,11364.0,13565.0,10690.0,31.9,2980.0,0.0,170.0,2061.0,4752.0,4652.0,100.0,1364.0,1364.0,0.0,1398.0,1398.0,0.0,1058.0,938.0,120.0,527.0,492.0,35.0,331.0,331.0,0.0,925.0,925.0,0.0,1111.0,1094.0,17.0,1650.0,1650.0,0.0
2023-12-07,Wednesday,14780.0,14122.0,14601.0,11475.0,12805.0,14601.0,11050.0,33.1,1977.0,209.0,170.0,2186.0,4905.0,4905.0,0.0,1430.0,1430.0,0.0,1498.0,1498.0,0.0,1120.0,1004.0,116.0,557.0,557.0,0.0,462.0,462.0,0.0,962.0,907.0,55.0,1434.0,1434.0,0.0,1755.0,1755.0,0.0
2023-12-08,Saturday,13889.0,13315.0,13800.0,10801.0,11989.0,13800.0,10524.0,31.9,2700.0,149.0,0.0,1727.0,4887.0,4862.0,25.0,1257.0,1257.0,0.0,1346.0,1346.0,0.0,1043.0,983.0,60.0,565.0,565.0,0.0,424.0,424.0,0.0,943.0,943.0,0.0,1276.0,1276.0,0.0,1575.0,1575.0,0.0
2023-12-09,Tuesday,14800.0,14148.0,14441.0,11926.0,13299.0,14441.0,11253.0,33.4,1505.0,85.0,0.0,2644.0,4891.0,4891.0,0.0,1278.0,1278.0,0.0,1514.0,1514.0,0.0,1222.0,1092.0,130.0,636.0,611.0,25.0,461.0,461.0,0.0,985.0,932.0,53.0,1435.0,1300.0,135.0,1726.0,1726.0,0.0
2023-12-10,Thursday,14200.0,13654.0,13944.0,10918.0,11976.0,13944.0,9727.0,35.0,1753.0,85.0,0.0,2014.0,5012.0,4957.0,55.0,1276.0,1276.0,0.0,1399.0,1399.0,0.0,1169.0,1105.0,64.0,534.0,499.0,35.0,421.0,421.0,0.0,880.0,880.0,0.0,1242.0,1152.0,90.0,1722.0,1722.0,0.0
2023-12-11,Sunday,11680.0,11185.0,11680.0,7754.0,10201.0,11680.0,7806.0,31.6,3600.0,85.0,0.0,1602.0,4490.0,4490.0,0.0,1177.0,1177.0,0.0,999.0,999.0,0.0,860.0,860.0,0.0,422.0,422.0,0.0,306.0,306.0,0.0,694.0,694.0,0.0,1017.0,1017.0,0.0,1222.0,1222.0,0.0
2023-12-12,Tuesday,10074.0,9549.0,10074.0,6609.0,8810.0,10074.0,6602.0,24.1,3298.0,139.0,0.0,2258.0,3692.0,3692.0,0.0,949.0,949.0,0.0,938.0,938.0,0.0,746.0,746.0,0.0,348.0,348.0,0.0,291.0,291.0,0.0,644.0,644.0,0.0,836.0,836.0,0.0,1105.0,1105.0,0.0
2023-12-13,Wednesday,10083.0,9720.0,10083.0,6602.0,9003.0,10083.0,6526.0,25.7,2963.0,189.0,0.0,2208.0,3770.0,3770.0,0.0,966.0,966.0,0.0,957.0,957.0,0.0,767.0,767.0,0.0,353.0,353.0,0.0,275.0,275.0,0.0,699.0,699.0,0.0,834.0,834.0,0.0,1101.0,1101.0,0.0
2023-12-14,Thursday,9911.0,9555.0,9911.0,6526.0,8870.0,9911.0,6439.0,25.6,2718.0,199.0,0.0,2518.0,3650.0,3650.0,0.0,954.0,954.0,0.0,934.0,934.0,0.0,767.0,767.0,0.0,345.0,345.0,0.0,268.0,268.0,0.0,676.0,676.0,0.0,825.0,825.0,0.0,1136.0,1136.0,0.0
2023-12-15,Friday,8466.0,8165.0,8466.0,6439.0,7625.0,8466.0,5848.0,26.2,2377.0,189.0,0.0,2518.0,2805.0,2805.0,0.0,760.0,760.0,0.0,863.0,863.0,0.0,721.0,721.0,0.0,340.0,340.0,0.0,253.0,253.0,0.0,631.0,631.0,0.0,763.0,763.0,0.0,1030.0,1030.0,0.0
2023-12-16,Saturday,8192.0,7847.0,8192.0,5848.0,7199.0,8192.0,5635.0,26.0,2023.0,189.0,0.0,2518.0,2541.0,2541.0,0.0,680.0,680.0,0.0,877.0,877.0,0.0,715.0,715.0,0.0,325.0,325.0,0.0,257.0,257.0,0.0,641.0,641.0,0.0,760.0,760.0,0.0,1051.0,1051.0,0.0
2023-12-17,Sunday,9648.0,9163.0,9648.0,5635.0,8567.0,9648.0,6274.0,26.7,2119.0,189.0,0.0,2546.0,3429.0,3429.0,0.0,863.0,863.0,0.0,930.0,930.0,0.0,753.0,753.0,0.0,353.0,353.0,0.0,276.0,276.0,0.0,642.0,642.0,0.0,837.0,837.0,0.0,1081.0,1081.0,0.0
2023-12-18,Monday,10111.0,9620.0,10111.0,6274.0,8756.0,10111.0,6353.0,26.9,2215.0,189.0,0.0,2546.0,3686.0,3686.0,0.0,912.0,912.0,0.0,949.0,949.0,0.0,765.0,765.0,0.0,364.0,364.0,0.0,275.0,275.0,0.0,717.0,717.0,0.0,821.0,821.0,0.0,1132.0,1132.0,0.0
2023-12-19,Tuesday,10180.0,9745.0,10180.0,6353.0,8790.0,10180.0,6533.0,26.5,2289.0,189.0,0.0,2546.0,3735.0,3735.0,0.0,977.0,977.0,0.0,964.0,964.0,0.0,765.0,765.0,0.0,356.0,356.0,0.0,273.0,273.0,0.0,700.0,700.0,0.0,828.0,828.0,0.0,1148.0,1148.0,0.0
2023-12-20,Wednesday,10093.0,9764.0,10093.0,6533.0,9048.0,10093.0,6620.0,27.5,2341.0,189.0,0.0,2546.0,3774.0,3774.0,0.0,998.0,998.0,0.0,966.0,966.0,0.0,769.0,769.0,0.0,359.0,359.0,0.0,272.0,272.0,0.0,718.0,718.0,0.0,784.0,784.0,0.0,1125.0,1125.0,0.0
2023-12-21,Thursday,10145.0,9882.0,10145.0,6620.0,9235.0,10145.0,6628.0,28.1,2320.0,189.0,0.0,2546.0,3874.0,3874.0,0.0,966.0,966.0,0.0,946.0,946.0,0.0,760.0,760.0,0.0,364.0,364.0,0.0,269.0,269.0,0.0,708.0,708.0,0.0,846.0,846.0,0.0,1150.0,1150.0,0.0
2023-12-22,Friday,8694.0,8402.0,8737.0,6628.0,8173.0,8694.0,6197.0,27.5,2264.0,189.0,0.0,2589.0,2915.0,2915.0,0.0,876.0,876.0,0.0,863.0,863.0,0.0,718.0,718.0,0.0,330.0,330.0,0.0,258.0,258.0,0.0,639.0,639.0,0.0,758.0,758.0,0.0,1044.0,1044.0,0.0
2023-12-23,Saturday,9910.0,9526.0,9910.0,6197.0,8475.0,9910.0,6565.0,26.9,2268.0,189.0,0.0,2549.0,3630.0,3630.0,0.0,968.0,968.0,0.0,935.0,935.0,0.0,781.0,781.0,0.0,361.0,361.0,0.0,281.0,281.0,0.0,657.0,657.0,0.0,826.0,826.0,0.0,1087.0,1087.0,0.0
2023-12-24,Sunday,10203.0,9881.0,10203.0,6565.0,9141.0,10203.0,6658.0,26.8,2387.0,189.0,0.0,2249.0,3813.0,3813.0,0.0,1039.0,1039.0,0.0,942.0,942.0,0.0,774.0,774.0,0.0,366.0,366.0,0.0,269.0,269.0,0.0,692.0,692.0,0.0,843.0,843.0,0.0,1143.0,1143.0,0.0
2023-12-25,Monday,9985.0,9656.0,9985.0,6658.0,9015.0,9985.0,6544.0,26.7,2342.0,189.0,0.0,2271.0,3649.0,3649.0,0.0,1027.0,1027.0,0.0,958.0,958.0,0.0,761.0,761.0,0.0,354.0,354.0,0.0,264.0,264.0,0.0,707.0,707.0,0.0,812.0,812.0,0.0,1124.0,1124.0,0.0
2023-12-26,Tuesday,10225.0,9859.0,10225.0,6544.0,9194.0,10225.0,6680.0,26.7,2366.0,189.0,0.0,2236.0,3769.0,3769.0,0.0,1029.0,1029.0,0.0,976.0,976.0,0.0,765.0,765.0,0.0,353.0,353.0,0.0,280.0,280.0,0.0,703.0,703.0,0.0,840.0,840.0,0.0,1143.0,1143.0,0.0
2023-12-27,Wednesday,10396.0,10052.0,10396.0,6680.0,9540.0,10396.0,6840.0,27.0,2487.0,189.0,0.0,2090.0,3929.0,3929.0,0.0,1054.0,1054.0,0.0,959.0,959.0,0.0,783.0,783.0,0.0,362.0,362.0,0.0,277.0,277.0,0.0,707.0,707.0,0.0,845.0,845.0,0.0,1136.0,1136.0,0.0
2023-12-28,Thursday,10487.0,9997.0,10487.0,6840.0,9618.0,10487.0,6765.0,27.9,2456.0,189.0,0.0,2199.0,3912.0,3912.0,0.0,1057.0,1057.0,0.0,947.0,947.0,0.0,792.0,792.0,0.0,357.0,357.0,0.0,270.0,270.0,0.0,681.0,681.0,0.0,822.0,822.0,0.0,1160.0,1160.0,0.0
2023-12-30,Saturday,10262.0,9784.0,10262.0,6281.0,8923.0,10262.0,6752.0,28.1,2298.0,189.0,0.0,2221.0,3781.0,3781.0,0.0,1015.0,1015.0,0.0,933.0,933.0,0.0,770.0,770.0,0.0,378.0,378.0,0.0,283.0,283.0,0.0,659.0,659.0,0.0,837.0,837.0,0.0,1129.0,1129.0,0.0
2023-12-31,Sunday,10204.0,9929.0,10204.0,6752.0,9514.0,10204.0,6598.0,23.7,4403.0,189.0,0.0,2493.0,3882.0,3882.0,0.0,1117.0,1117.0,0.0,930.0,930.0,0.0,792.0,792.0,0.0,354.0,354.0,0.0,275.0,275.0,0.0,671.0,671.0,0.0,785.0,785.0,0.0,1124.0,1124.0,0.0
2024-01-02,Thursday,10424.0,9833.0,10424.0,6958.0,9975.0,10424.0,7025.0,26.4,4305.0,189.0,0.0,3045.0,3613.0,3613.0,0.0,956.0,956.0,0.0,1034.0,1034.0,0.0,890.0,890.0,0.0,357.0,357.0,0.0,267.0,267.0,0.0,790.0,790.0,0.0,783.0,783.0,0.0,1144.0,1144.0,0.0
2024-01-03,Friday,10170.0,9903.0,10151.0,7900.0,9834.0,10151.0,7303.0,31.0,3622.0,189.0,190.0,1851.0,3426.0,3426.0,0.0,1008.0,1008.0,0.0,1093.0,1093.0,0.0,944.0,926.0,18.0,360.0,360.0,0.0,282.0,282.0,0.0,748.0,748.0,0.0,857.0,857.0,0.0,1185.0,1185.0,0.0
2024-01-04,Monday,14650.0,14042.0,13757.0,10843.0,12049.0,13757.0,11162.0,37.7,2919.0,109.0,170.0,1746.0,5084.0,4954.0,130.0,1398.0,1308.0,90.0,1499.0,1349.0,150.0,1205.0,1135.0,70.0,451.0,411.0,40.0,471.0,471.0,0.0,867.0,797.0,70.0,1280.0,1107.0,173.0,1789.0,1659.0,130.0
2024-01-05,Wednesday,15850.0,15191.0,15559.0,12686.0,13007.0,15559.0,13298.0,39.5,855.0,0.0,200.0,2010.0,4938.0,4868.0,70.0,1413.0,1413.0,0.0,1840.0,1840.0,0.0,1359.0,1244.0,115.0,603.0,603.0,0.0,512.0,512.0,0.0,1024.0,970.0,54.0,1559.0,1529.0,30.0,1943.0,1934.0,9.0
2024-01-06,Saturday,15750.0,15151.0,15336.0,11903.0,13435.0,15336.0,12504.0,36.5,2549.0,0.0,170.0,2251.0,5559.0,5419.0,140.0,1563.0,1563.0,0.0,1590.0,1590.0,0.0,1238.0,1028.0,210.0,630.0,610.0,20.0,407.0,407.0,0.0,715.0,715.0,0.0,1552.0,1527.0,25.0,1897.0,1897.0,0.0
2024-01-08,Thursday,12374.0,12027.0,13500.0,11219.0,12249.0,12374.0,9524.0,28.8,3853.0,298.0,32.0,1857.0,4659.0,4659.0,0.0,1234.0,1234.0,0.0,1254.0,1254.0,0.0,839.0,839.0,0.0,591.0,591.0,0.0,259.0,259.0,0.0,782.0,782.0,0.0,983.0,983.0,0.0,1426.0,1426.0,0.0
2024-01-09,Sunday,15150.0,14509.0,14479.0,12047.0,12883.0,14479.0,12138.0,32.6,3930.0,24.0,0.0,2975.0,5295.0,5090.0,205.0,1273.0,1273.0,0.0,1529.0,1529.0,0.0,1275.0,1010.0,265.0,611.0,555.0,56.0,441.0,441.0,0.0,968.0,877.0,91.0,1342.0,1318.0,24.0,1776.0,1776.0,0.0
2024-01-10,Tuesday,15200.0,14596.0,14677.0,11677.0,12738.0,14677.0,12111.0,35.2,3978.0,0.0,0.0,3083.0,5308.0,5248.0,60.0,1330.0,1330.0,0.0,1477.0,1407.0,70.0,1197.0,1067.0,130.0,604.0,570.0,34.0,497.0,497.0,0.0,1008.0,943.0,65.0,1369.0,1309.0,60.0,1806.0,1726.0,80.0
2024-01-11,Friday,0.0,11886.0,12310.0,10233.0,11199.0,12302.0,9970.0,33.9,4767.0,0.0,0.0,3196.0,4284.0,4284.0,0.0,1120.0,1120.0,0.0,1138.0,1138.0,0.0,1008.0,1008.0,0.0,527.0,527.0,0.0,417.0,417.0,0.0,663.0,663.0,0.0,1250.0,1250.0,0.0,1480.0,1480.0,0.0
2024-01-12,Sunday,0.0,10639.0,10745.0,7244.0,9875.0,10745.0,7433.0,30.6,3966.0,0.0,147.0,4450.0,4153.0,4153.0,0.0,1182.0,1182.0,0.0,990.0,990.0,0.0,862.0,862.0,0.0,388.0,388.0,0.0,304.0,304.0,0.0,731.0,731.0,0.0,898.0,898.0,0.0,1131.0,1131.0,0.0
2024-01-13,Saturday,10286.0,9851.0,10286.0,6118.0,8914.0,10286.0,6652.0,17.6,4324.0,189.0,0.0,2569.0,3621.0,3621.0,0.0,968.0,968.0,0.0,1015.0,1015.0,0.0,895.0,895.0,0.0,354.0,354.0,0.0,289.0,289.0,0.0,680.0,680.0,0.0,833.0,833.0,0.0,1195.0,1195.0,0.0
2024-01-14,Sunday,10437.0,9954.0,10437.0,6652.0,9557.0,10437.0,6722.0,18.1,4665.0,159.0,0.0,2569.0,3687.0,3687.0,0.0,1008.0,1008.0,0.0,998.0,998.0,0.0,879.0,879.0,0.0,355.0,355.0,0.0,295.0,295.0,0.0,697.0,697.0,0.0,830.0,830.0,0.0,1205.0,1205.0,0.0
2024-01-15,Monday,10368.0,9857.0,10368.0,6722.0,9335.0,10368.0,6811.0,18.1,4401.0,189.0,0.0,2569.0,3717.0,3717.0,0.0,906.0,906.0,0.0,997.0,997.0,0.0,881.0,881.0,0.0,353.0,353.0,0.0,288.0,288.0,0.0,704.0,704.0,0.0,825.0,825.0,0.0,1187.0,1187.0,0.0
2024-01-16,Tuesday,10517.0,10039.0,10517.0,6811.0,9725.0,10517.0,6792.0,18.5,4348.0,189.0,0.0,2318.0,3765.0,3765.0,0.0,985.0,985.0,0.0,1031.0,1031.0,0.0,874.0,874.0,0.0,361.0,361.0,0.0,284.0,284.0,0.0,715.0,715.0,0.0,830.0,830.0,0.0,1195.0,1195.0,0.0
2024-01-17,Wednesday,10515.0,10041.0,10515.0,6792.0,9843.0,10515.0,6736.0,18.2,4503.0,189.0,0.0,2099.0,3764.0,3764.0,0.0,929.0,929.0,0.0,1059.0,1059.0,0.0,878.0,878.0,0.0,364.0,364.0,0.0,297.0,297.0,0.0,713.0,713.0,0.0,849.0,849.0,0.0,1188.0,1188.0,0.0
2024-01-18,Thursday,10544.0,10142.0,10544.0,6736.0,9746.0,10544.0,6937.0,23.1,5195.0,189.0,0.0,2400.0,3872.0,3872.0,0.0,1045.0,1045.0,0.0,979.0,979.0,0.0,891.0,891.0,0.0,363.0,363.0,0.0,270.0,270.0,0.0,714.0,714.0,0.0,849.0,849.0,0.0,1158.0,1158.0,0.0
2024-01-19,Friday,9530.0,9060.0,9530.0,6937.0,9087.0,9530.0,6485.0,22.3,5854.0,189.0,0.0,2404.0,3116.0,3116.0,0.0,963.0,963.0,0.0,955.0,955.0,0.0,848.0,848.0,0.0,348.0,348.0,0.0,276.0,276.0,0.0,688.0,688.0,0.0,780.0,780.0,0.0,1087.0,1087.0,0.0
2024-01-20,Saturday,10440.0,9782.0,9794.0,6485.0,9019.0,9794.0,6956.0,23.0,5224.0,189.0,0.0,2442.0,3541.0,3437.0,104.0,1003.0,1003.0,0.0,969.0,830.0,139.0,868.0,773.0,95.0,368.0,311.0,57.0,255.0,227.0,28.0,702.0,702.0,0.0,860.0,840.0,20.0,1216.0,1042.0,174.0
2024-01-21,Sunday,10276.0,9714.0,10276.0,6956.0,9133.0,10276.0,6937.0,23.6,5221.0,189.0,0.0,2399.0,3587.0,3587.0,0.0,931.0,931.0,0.0,1005.0,1005.0,0.0,817.0,817.0,0.0,361.0,361.0,0.0,303.0,303.0,0.0,701.0,701.0,0.0,853.0,853.0,0.0,1157.0,1157.0,0.0
2024-01-21,Sunday,10276.0,9714.0,10276.0,6956.0,9133.0,10276.0,6937.0,23.6,5221.0,189.0,0.0,2399.0,3587.0,3587.0,0.0,931.0,931.0,0.0,1005.0,1005.0,0.0,817.0,817.0,0.0,361.0,361.0,0.0,303.0,303.0,0.0,701.0,701.0,0.0,853.0,853.0,0.0,1157.0,1157.0,0.0
2024-01-21,Sunday,10276.0,9714.0,10276.0,6956.0,9133.0,10276.0,6937.0,23.6,5221.0,189.0,0.0,2399.0,3587.0,3587.0,0.0,931.0,931.0,0.0,1005.0,1005.0,0.0,817.0,817.0,0.0,361.0,361.0,0.0,303.0,303.0,0.0,701.0,701.0,0.0,853.0,853.0,0.0,1157.0,1157.0,0.0
2024-01-22,Monday,10616.0,10076.0,10558.0,6937.0,9918.0,10558.0,6763.0,17.4,4800.0,189.0,0.0,2397.0,3702.0,3702.0,0.0,976.0,976.0,0.0,1058.0,1058.0,0.0,883.0,828.0,55.0,366.0,366.0,0.0,297.0,297.0,0.0,745.0,745.0,0.0,845.0,845.0,0.0,1204.0,1204.0,0.0
2024-01-23,Tuesday,10713.0,10172.0,10713.0,6763.0,9797.0,10713.0,6840.0,22.6,4258.0,189.0,0.0,2389.0,3772.0,3772.0,0.0,1012.0,1012.0,0.0,1069.0,1069.0,0.0,848.0,848.0,0.0,374.0,374.0,0.0,283.0,283.0,0.0,753.0,753.0,0.0,847.0,847.0,0.0,1214.0,1214.0,0.0
2024-01-24,Wednesday,10455.0,9898.0,10455.0,6840.0,9737.0,10455.0,6843.0,23.4,4200.0,159.0,0.0,2387.0,3712.0,3712.0,0.0,982.0,982.0,0.0,1029.0,1029.0,0.0,809.0,809.0,0.0,358.0,358.0,0.0,280.0,280.0,0.0,742.0,742.0,0.0,827.0,827.0,0.0,1160.0,1160.0,0.0
2024-01-25,Thursday,10692.0,10115.0,10692.0,6843.0,9795.0,10692.0,7047.0,23.6,4120.0,189.0,0.0,2619.0,3781.0,3781.0,0.0,950.0,950.0,0.0,1000.0,1000.0,0.0,883.0,883.0,0.0,372.0,372.0,0.0,280.0,280.0,0.0,781.0,781.0,0.0,865.0,865.0,0.0,1203.0,1203.0,0.0
2024-01-26,Friday,9227.0,8791.0,9831.0,7047.0,9186.0,9227.0,6284.0,24.0,4210.0,189.0,0.0,2647.0,2959.0,2959.0,0.0,894.0,894.0,0.0,938.0,938.0,0.0,779.0,779.0,0.0,345.0,345.0,0.0,265.0,265.0,0.0,709.0,709.0,0.0,803.0,803.0,0.0,1099.0,1099.0,0.0
2024-01-28,Sunday,10580.0,10143.0,10580.0,6939.0,9930.0,10580.0,7013.0,26.2,4438.0,189.0,0.0,3032.0,3676.0,3676.0,0.0,984.0,984.0,0.0,1130.0,1130.0,0.0,854.0,854.0,0.0,364.0,364.0,0.0,288.0,288.0,0.0,790.0,790.0,0.0,849.0,849.0,0.0,1208.0,1208.0,0.0
2024-01-28,Sunday,10580.0,10143.0,10580.0,6939.0,9930.0,10580.0,7013.0,26.2,4438.0,189.0,0.0,3032.0,3676.0,3676.0,0.0,984.0,984.0,0.0,1130.0,1130.0,0.0,854.0,854.0,0.0,364.0,364.0,0.0,288.0,288.0,0.0,790.0,790.0,0.0,849.0,849.0,0.0,1208.0,1208.0,0.0
2024-01-31,Wednesday,10704.0,10124.0,10704.0,7119.0,10109.0,10704.0,6958.0,26.6,4388.0,189.0,0.0,3044.0,3829.0,3829.0,0.0,946.0,946.0,0.0,990.0,990.0,0.0,887.0,887.0,0.0,371.0,371.0,0.0,287.0,287.0,0.0,786.0,786.0,0.0,854.0,854.0,0.0,1175.0,1175.0,0.0
2024-02-02,Friday,9311.0,8924.0,9578.0,7025.0,9253.0,9311.0,6526.0,27.4,4374.0,189.0,0.0,3047.0,3024.0,3024.0,0.0,934.0,934.0,0.0,935.0,935.0,0.0,846.0,846.0,0.0,341.0,341.0,0.0,266.0,266.0,0.0,707.0,707.0,0.0,797.0,797.0,0.0,1074.0,1074.0,0.0
2024-02-03,Saturday,11470.0,11069.0,11397.0,7303.0,9950.0,11397.0,7913.0,30.5,3070.0,189.0,190.0,1897.0,4160.0,4145.0,15.0,1061.0,1061.0,0.0,1186.0,1186.0,0.0,1002.0,947.0,55.0,386.0,386.0,0.0,309.0,309.0,0.0,762.0,762.0,0.0,922.0,922.0,0.0,1281.0,1281.0,0.0
2024-02-04,Tuesday,15000.0,14378.0,14008.0,11162.0,12147.0,13707.0,11640.0,36.5,2945.0,109.0,170.0,1738.0,5296.0,5096.0,200.0,1339.0,1199.0,140.0,1554.0,1384.0,170.0,1247.0,1057.0,190.0,486.0,411.0,75.0,463.0,463.0,0.0,851.0,766.0,85.0,1335.0,1135.0,200.0,1807.0,1632.0,175.0
2024-02-05,Thursday,15850.0,14991.0,15360.0,13298.0,14149.0,15360.0,11149.0,38.3,843.0,0.0,200.0,2007.0,5482.0,5321.0,161.0,1344.0,1344.0,0.0,1761.0,1761.0,0.0,1368.0,1173.0,195.0,499.0,499.0,0.0,468.0,468.0,0.0,1044.0,932.0,112.0,1087.0,1087.0,0.0,1938.0,1938.0,0.0
2024-02-06,Sunday,15950.0,15264.0,15199.0,12504.0,13660.0,15199.0,12345.0,36.6,2646.0,0.0,170.0,2841.0,5557.0,5217.0,340.0,1517.0,1517.0,0.0,1599.0,1457.0,142.0,1205.0,1100.0,105.0,501.0,491.0,10.0,415.0,415.0,0.0,1011.0,906.0,105.0,1570.0,1560.0,10.0,1890.0,1885.0,5.0
2024-02-07,Tuesday,13800.0,13236.0,13729.0,11107.0,12548.0,13729.0,11080.0,29.0,2168.0,77.0,60.0,2026.0,4780.0,4780.0,0.0,1234.0,1234.0,0.0,1308.0,1308.0,0.0,1135.0,1067.0,68.0,556.0,556.0,0.0,434.0,434.0,0.0,874.0,874.0,0.0,1302.0,1302.0,0.0,1614.0,1614.0,0.0
2024-02-08,Friday,11816.0,11357.0,12084.0,9462.0,10003.0,11816.0,9444.0,28.5,3618.0,295.0,30.0,1871.0,3973.0,3973.0,0.0,1170.0,1170.0,0.0,1146.0,1146.0,0.0,1012.0,1012.0,0.0,517.0,517.0,0.0,423.0,423.0,0.0,695.0,695.0,0.0,1061.0,1061.0,0.0,1360.0,1360.0,0.0
2024-02-09,Monday,15350.0,14638.0,14630.0,12138.0,12699.0,14630.0,11212.0,33.2,3795.0,25.0,0.0,2965.0,5330.0,5129.0,201.0,1202.0,1202.0,0.0,1578.0,1578.0,0.0,1249.0,989.0,260.0,607.0,550.0,57.0,441.0,441.0,0.0,1044.0,884.0,160.0,1373.0,1363.0,10.0,1815.0,1815.0,0.0
2024-02-10,Wednesday,14344.0,13842.0,14082.0,12111.0,12704.0,14082.0,10963.0,33.5,3972.0,0.0,0.0,3128.0,5043.0,4993.0,50.0,1098.0,1098.0,0.0,1467.0,1467.0,0.0,1322.0,1122.0,200.0,571.0,571.0,0.0,401.0,401.0,0.0,949.0,949.0,0.0,1299.0,1299.0,0.0,1693.0,1693.0,0.0
2024-02-11,Saturday,13195.0,12623.0,13195.0,9970.0,11305.0,13195.0,10205.0,33.0,4774.0,0.0,0.0,3264.0,4791.0,4791.0,0.0,1148.0,1148.0,0.0,1194.0,1194.0,0.0,1051.0,1051.0,0.0,524.0,524.0,0.0,420.0,420.0,0.0,678.0,678.0,0.0,1302.0,1302.0,0.0,1515.0,1515.0,0.0
2024-02-12,Monday,10749.0,10483.0,10749.0,7433.0,9603.0,10749.0,7279.0,29.7,4518.0,0.0,182.0,3949.0,4118.0,4118.0,0.0,1132.0,1132.0,0.0,975.0,975.0,0.0,850.0,850.0,0.0,399.0,399.0,0.0,282.0,282.0,0.0,702.0,702.0,0.0,905.0,905.0,0.0,1120.0,1120.0,0.0
2024-02-13,Tuesday,10930.0,10486.0,10836.0,7288.0,10295.0,10836.0,7431.0,30.0,2893.0,189.0,0.0,2116.0,3908.0,3908.0,0.0,1024.0,1024.0,0.0,1091.0,1091.0,0.0,989.0,899.0,90.0,374.0,374.0,0.0,286.0,286.0,0.0,761.0,761.0,0.0,861.0,861.0,0.0,1192.0,1192.0,0.0
2024-02-14,Wednesday,11043.0,10561.0,10980.0,7431.0,10428.0,10980.0,7492.0,29.6,3002.0,189.0,0.0,2115.0,3985.0,3985.0,0.0,1032.0,1032.0,0.0,1068.0,1068.0,0.0,969.0,909.0,60.0,378.0,378.0,0.0,292.0,292.0,0.0,757.0,757.0,0.0,897.0,897.0,0.0,1184.0,1184.0,0.0
2024-02-15,Thursday,11040.0,10538.0,11024.0,7492.0,10886.0,10944.0,6950.0,29.3,3115.0,189.0,190.0,2895.0,4128.0,4108.0,20.0,1092.0,1092.0,0.0,1077.0,1077.0,0.0,962.0,890.0,72.0,386.0,386.0,0.0,287.0,287.0,0.0,765.0,765.0,0.0,762.0,762.0,0.0,1078.0,1078.0,0.0
2024-02-16,Friday,9925.0,9484.0,10014.0,6950.0,9592.0,9854.0,7228.0,30.4,2858.0,189.0,190.0,2900.0,3295.0,3295.0,0.0,1020.0,1020.0,0.0,977.0,977.0,0.0,958.0,890.0,68.0,352.0,352.0,0.0,277.0,277.0,0.0,671.0,671.0,0.0,839.0,839.0,0.0,1095.0,1095.0,0.0
2024-02-17,Saturday,11275.0,10732.0,11152.0,7228.0,9958.0,11152.0,7628.0,28.8,3121.0,189.0,190.0,2740.0,3947.0,3947.0,0.0,1138.0,1138.0,0.0,1095.0,1095.0,0.0,993.0,876.0,117.0,383.0,383.0,0.0,292.0,292.0,0.0,773.0,773.0,0.0,873.0,873.0,0.0,1239.0,1239.0,0.0
2024-02-18,Sunday,11350.0,10862.0,11192.0,7628.0,10561.0,11192.0,7644.0,29.2,2910.0,189.0,190.0,2740.0,4116.0,4088.0,28.0,1058.0,1058.0,0.0,1126.0,1126.0,0.0,1012.0,889.0,123.0,365.0,365.0,0.0,288.0,288.0,0.0,793.0,793.0,0.0,879.0,879.0,0.0,1225.0,1225.0,0.0
2024-02-19,Monday,11600.0,11075.0,11426.0,7644.0,10733.0,11426.0,7763.0,30.2,2638.0,189.0,190.0,2961.0,4209.0,4199.0,10.0,1130.0,1130.0,0.0,1135.0,1135.0,0.0,1025.0,869.0,156.0,380.0,380.0,0.0,295.0,295.0,0.0,763.0,763.0,0.0,887.0,887.0,0.0,1251.0,1251.0,0.0
2024-02-20,Tuesday,11600.0,11044.0,11433.0,7763.0,10688.0,11433.0,7627.0,29.0,2794.0,189.0,190.0,2958.0,4245.0,4221.0,24.0,1036.0,1036.0,0.0,1136.0,1136.0,0.0,1004.0,869.0,135.0,376.0,376.0,0.0,296.0,296.0,0.0,754.0,754.0,0.0,902.0,902.0,0.0,1296.0,1296.0,0.0
2024-02-21,Wednesday,9940.0,9771.0,10042.0,7627.0,9810.0,9940.0,7368.0,31.6,2840.0,189.0,190.0,2600.0,3341.0,3341.0,0.0,965.0,965.0,0.0,1105.0,1105.0,0.0,910.0,910.0,0.0,347.0,347.0,0.0,257.0,257.0,0.0,737.0,737.0,0.0,882.0,882.0,0.0,1227.0,1227.0,0.0
2024-02-22,Thursday,10598.0,10190.0,10598.0,7368.0,10067.0,10598.0,7210.0,29.0,2679.0,189.0,190.0,2691.0,3825.0,3825.0,0.0,1128.0,1128.0,0.0,1031.0,1031.0,0.0,839.0,839.0,0.0,366.0,366.0,0.0,309.0,309.0,0.0,688.0,688.0,0.0,825.0,825.0,0.0,1179.0,1179.0,0.0
2024-02-23,Friday,9893.0,9564.0,9893.0,7210.0,9346.0,9893.0,7133.0,28.0,2916.0,189.0,190.0,2280.0,3324.0,3324.0,0.0,1090.0,1090.0,0.0,1032.0,1032.0,0.0,844.0,844.0,0.0,339.0,339.0,0.0,277.0,277.0,0.0,716.0,716.0,0.0,796.0,796.0,0.0,1147.0,1147.0,0.0
2024-02-24,Saturday,11132.0,10808.0,11132.0,7133.0,9774.0,11132.0,7439.0,29.0,3104.0,189.0,190.0,2280.0,4026.0,4026.0,0.0,1192.0,1192.0,0.0,1094.0,1094.0,0.0,923.0,923.0,0.0,376.0,376.0,0.0,313.0,313.0,0.0,766.0,766.0,0.0,903.0,903.0,0.0,1215.0,1215.0,0.0
2024-02-25,Sunday,10307.0,9838.0,10307.0,7439.0,10066.0,10307.0,6491.0,26.8,3042.0,189.0,190.0,2328.0,3577.0,3577.0,0.0,1018.0,1018.0,0.0,964.0,964.0,0.0,861.0,861.0,0.0,352.0,352.0,0.0,289.0,289.0,0.0,734.0,734.0,0.0,868.0,868.0,0.0,1174.0,1174.0,0.0
2024-02-26,Monday,9551.0,9248.0,9551.0,6491.0,8230.0,9551.0,7118.0,29.0,2904.0,189.0,190.0,2328.0,3097.0,3097.0,0.0,958.0,958.0,0.0,1032.0,1032.0,0.0,858.0,858.0,0.0,334.0,334.0,0.0,282.0,282.0,0.0,710.0,710.0,0.0,831.0,831.0,0.0,1147.0,1147.0,0.0
2024-02-27,Tuesday,11075.0,10752.0,11041.0,7118.0,10663.0,11041.0,7604.0,29.2,2992.0,189.0,190.0,1878.0,4034.0,4034.0,0.0,1103.0,1103.0,0.0,1120.0,1120.0,0.0,968.0,936.0,32.0,361.0,361.0,0.0,299.0,299.0,0.0,740.0,740.0,0.0,889.0,889.0,0.0,1239.0,1239.0,0.0
2024-02-28,Wednesday,11424.0,10952.0,11403.0,7604.0,10864.0,11403.0,7937.0,30.1,3199.0,189.0,190.0,1878.0,4115.0,4115.0,0.0,1228.0,1228.0,0.0,1143.0,1143.0,0.0,967.0,947.0,20.0,367.0,367.0,0.0,295.0,295.0,0.0,767.0,767.0,0.0,815.0,815.0,0.0,1255.0,1255.0,0.0
2024-02-29,Thursday,11437.0,11139.0,11385.0,7937.0,11039.0,11385.0,7900.0,30.5,3091.0,189.0,190.0,1849.0,4284.0,4284.0,0.0,1151.0,1151.0,0.0,1147.0,1147.0,0.0,950.0,900.0,50.0,375.0,375.0,0.0,287.0,287.0,0.0,760.0,760.0,0.0,930.0,930.0,0.0,1255.0,1255.0,0.0
2024-03-01,Wednesday,10131.0,9816.0,10131.0,6464.0,9287.0,10131.0,6481.0,22.2,5053.0,189.0,0.0,2473.0,3739.0,3739.0,0.0,1066.0,1066.0,0.0,945.0,945.0,0.0,800.0,800.0,0.0,369.0,369.0,0.0,272.0,272.0,0.0,671.0,671.0,0.0,813.0,813.0,0.0,1141.0,1141.0,0.0
2024-03-02,Saturday,10550.0,10018.0,10550.0,6526.0,9520.0,10550.0,7008.0,27.5,4024.0,189.0,0.0,3236.0,3596.0,3596.0,0.0,991.0,991.0,0.0,1067.0,1067.0,0.0,890.0,890.0,0.0,358.0,358.0,0.0,281.0,281.0,0.0,798.0,798.0,0.0,842.0,842.0,0.0,1195.0,1195.0,0.0
2024-03-03,Sunday,11930.0,11419.0,11834.0,7913.0,10943.0,11834.0,8132.0,31.4,2968.0,189.0,190.0,1898.0,4366.0,4366.0,0.0,1098.0,1098.0,0.0,1165.0,1165.0,0.0,1015.0,923.0,92.0,392.0,392.0,0.0,315.0,315.0,0.0,775.0,775.0,0.0,969.0,969.0,0.0,1324.0,1324.0,0.0
2024-03-04,Wednesday,15250.0,14598.0,14091.0,11640.0,12415.0,13967.0,11689.0,36.0,2834.0,109.0,200.0,1741.0,5457.0,5232.0,225.0,1399.0,1229.0,170.0,1550.0,1410.0,140.0,1255.0,1075.0,180.0,533.0,473.0,60.0,455.0,425.0,30.0,876.0,766.0,110.0,1356.0,1176.0,180.0,1717.0,1587.0,130.0
2024-03-05,Friday,15075.0,14488.0,14994.0,11149.0,13172.0,14929.0,12323.0,38.1,629.0,0.0,200.0,2006.0,4964.0,4964.0,0.0,1398.0,1398.0,0.0,1694.0,1694.0,0.0,1356.0,1217.0,139.0,482.0,482.0,0.0,423.0,423.0,0.0,959.0,959.0,0.0,1341.0,1341.0,0.0,1871.0,1871.0,0.0
2024-03-07,Wednesday,14350.0,13678.0,14132.0,11080.0,12359.0,14132.0,11302.0,31.0,2177.0,77.0,58.0,1822.0,5023.0,4975.0,48.0,1265.0,1265.0,0.0,1345.0,1345.0,0.0,1129.0,969.0,160.0,552.0,552.0,0.0,434.0,434.0,0.0,965.0,965.0,0.0,1315.0,1315.0,0.0,1649.0,1649.0,0.0
2024-03-08,Saturday,13370.0,12846.0,13370.0,9444.0,11437.0,13370.0,10539.0,31.0,3692.0,294.0,28.0,1870.0,4682.0,4682.0,0.0,1366.0,1366.0,0.0,1221.0,1221.0,0.0,1056.0,1056.0,0.0,547.0,547.0,0.0,401.0,401.0,0.0,797.0,797.0,0.0,1196.0,1196.0,0.0,1581.0,1581.0,0.0
2024-03-09,Tuesday,14980.0,14337.0,14363.0,11212.0,12366.0,14363.0,11709.0,31.4,4283.0,23.0,0.0,2752.0,5081.0,4922.0,159.0,1318.0,1318.0,0.0,1433.0,1433.0,0.0,1221.0,1021.0,200.0,635.0,585.0,50.0,484.0,484.0,0.0,969.0,889.0,80.0,1395.0,1295.0,100.0,1801.0,1801.0,0.0
2024-03-10,Thursday,13390.0,12914.0,13390.0,10963.0,12037.0,13390.0,9642.0,28.0,4079.0,0.0,0.0,3205.0,4827.0,4827.0,0.0,1198.0,1198.0,0.0,1260.0,1260.0,0.0,1045.0,1045.0,0.0,531.0,531.0,0.0,437.0,437.0,0.0,794.0,794.0,0.0,1252.0,1252.0,0.0,1572.0,1572.0,0.0
2024-03-11,Sunday,13400.0,12880.0,13041.0,10205.0,11422.0,13041.0,9945.0,32.8,4808.0,0.0,0.0,3277.0,4969.0,4969.0,0.0,1240.0,1240.0,0.0,1165.0,1115.0,50.0,1054.0,1013.0,41.0,549.0,542.0,7.0,420.0,420.0,0.0,753.0,753.0,0.0,1239.0,1139.0,100.0,1491.0,1346.0,145.0
2024-03-12,Tuesday,10494.0,10733.0,11049.0,7279.0,9920.0,11049.0,7375.0,29.6,4763.0,0.0,153.0,4154.0,4236.0,4236.0,0.0,1146.0,1146.0,0.0,993.0,993.0,0.0,857.0,857.0,0.0,385.0,385.0,0.0,300.0,300.0,0.0,726.0,726.0,0.0,923.0,923.0,0.0,1166.0,1166.0,0.0
2024-03-13,Wednesday,12780.0,12215.0,12621.0,9209.0,11515.0,12621.0,9821.0,33.1,2855.0,159.0,200.0,1727.0,4566.0,4566.0,0.0,1136.0,1136.0,0.0,1219.0,1219.0,0.0,1084.0,932.0,152.0,426.0,426.0,0.0,371.0,371.0,0.0,786.0,786.0,0.0,1156.0,1156.0,0.0,1471.0,1471.0,0.0
2024-03-14,Thursday,12576.0,12097.0,12482.0,9821.0,11763.0,12482.0,8798.0,31.7,2835.0,159.0,200.0,1778.0,4511.0,4511.0,0.0,1126.0,1126.0,0.0,1303.0,1303.0,0.0,1119.0,1029.0,90.0,430.0,430.0,0.0,344.0,344.0,0.0,792.0,792.0,0.0,966.0,966.0,0.0,1506.0,1506.0,0.0
2024-03-15,Friday,12300.0,11735.0,12216.0,8798.0,10657.0,12216.0,9286.0,34.5,2287.0,159.0,200.0,1952.0,4152.0,4152.0,0.0,1023.0,1023.0,0.0,1246.0,1246.0,0.0,1118.0,1038.0,80.0,462.0,462.0,0.0,358.0,358.0,0.0,711.0,711.0,0.0,1145.0,1145.0,0.0,1521.0,1521.0,0.0
2024-03-16,Saturday,12800.0,12308.0,12774.0,9286.0,11257.0,12774.0,9013.0,34.6,2217.0,159.0,200.0,1948.0,4413.0,4413.0,0.0,1235.0,1235.0,0.0,1309.0,1309.0,0.0,1070.0,1045.0,25.0,427.0,427.0,0.0,378.0,378.0,0.0,760.0,760.0,0.0,1206.0,1206.0,0.0,1510.0,1510.0,0.0
2024-03-17,Sunday,13000.0,12527.0,12925.0,9013.0,11100.0,12925.0,9609.0,34.0,2890.0,159.0,200.0,1951.0,4472.0,4472.0,0.0,1172.0,1172.0,0.0,1359.0,1359.0,0.0,1164.0,1092.0,72.0,491.0,491.0,0.0,369.0,369.0,0.0,776.0,776.0,0.0,1256.0,1256.0,0.0,1468.0,1468.0,0.0
2024-03-18,Monday,13450.0,12838.0,13327.0,9609.0,11439.0,13327.0,9978.0,33.3,3002.0,159.0,200.0,1729.0,4620.0,4610.0,10.0,1232.0,1232.0,0.0,1384.0,1384.0,0.0,1201.0,1111.0,90.0,479.0,479.0,0.0,382.0,382.0,0.0,822.0,822.0,0.0,1217.0,1200.0,17.0,1501.0,1501.0,0.0
2024-03-19,Tuesday,12411.0,11850.0,12411.0,9978.0,11492.0,12411.0,8117.0,34.3,3101.0,159.0,200.0,1770.0,4071.0,4071.0,0.0,1271.0,1271.0,0.0,1317.0,1317.0,0.0,947.0,947.0,0.0,473.0,473.0,0.0,350.0,350.0,0.0,795.0,795.0,0.0,1175.0,1175.0,0.0,1452.0,1452.0,0.0
2024-03-20,Wednesday,10668.0,10374.0,10898.0,8117.0,9947.0,10668.0,8058.0,27.5,3105.0,159.0,200.0,1769.0,4085.0,4085.0,0.0,1234.0,1234.0,0.0,872.0,872.0,0.0,822.0,822.0,0.0,410.0,410.0,0.0,329.0,329.0,0.0,428.0,428.0,0.0,1067.0,1067.0,0.0,1126.0,1126.0,0.0
2024-03-21,Thursday,10246.0,9998.0,10333.0,8058.0,10124.0,10246.0,7249.0,26.8,3367.0,189.0,200.0,1821.0,3931.0,3931.0,0.0,1006.0,1006.0,0.0,953.0,953.0,0.0,946.0,946.0,0.0,363.0,363.0,0.0,297.0,297.0,0.0,578.0,578.0,0.0,905.0,905.0,0.0,1019.0,1019.0,0.0
2024-03-22,Friday,10354.0,10026.0,10354.0,7249.0,9066.0,10354.0,7730.0,29.4,3060.0,159.0,200.0,1859.0,3612.0,3612.0,0.0,1059.0,1059.0,0.0,981.0,981.0,0.0,945.0,945.0,0.0,389.0,389.0,0.0,314.0,314.0,0.0,577.0,577.0,0.0,947.0,947.0,0.0,1203.0,1203.0,0.0
2024-03-23,Saturday,11281.0,10801.0,11281.0,7730.0,10399.0,11281.0,7652.0,31.9,3041.0,159.0,205.0,1834.0,4215.0,4215.0,0.0,1175.0,1175.0,0.0,1129.0,1129.0,0.0,511.0,511.0,0.0,375.0,375.0,0.0,336.0,336.0,0.0,549.0,549.0,0.0,1071.0,1071.0,0.0,1441.0,1441.0,0.0
2024-03-24,Sunday,11263.0,11041.0,11328.0,7652.0,10526.0,11263.0,8513.0,32.7,3182.0,159.0,200.0,1835.0,4101.0,4101.0,0.0,1240.0,1240.0,0.0,1179.0,1179.0,0.0,908.0,908.0,0.0,379.0,379.0,0.0,374.0,374.0,0.0,635.0,635.0,0.0,624.0,624.0,0.0,1601.0,1601.0,0.0
2024-03-25,Monday,12925.0,12377.0,12883.0,8513.0,11228.0,12883.0,7965.0,33.1,3164.0,159.0,200.0,1835.0,4596.0,4596.0,0.0,1280.0,1280.0,0.0,1285.0,1285.0,0.0,1077.0,1057.0,20.0,480.0,470.0,10.0,393.0,393.0,0.0,683.0,683.0,0.0,1191.0,1181.0,10.0,1392.0,1392.0,0.0
2024-03-26,Tuesday,12107.0,11614.0,12107.0,7965.0,9801.0,12107.0,9037.0,32.2,3167.0,159.0,200.0,1766.0,4089.0,4089.0,0.0,1222.0,1222.0,0.0,1230.0,1230.0,0.0,972.0,972.0,0.0,409.0,409.0,0.0,379.0,379.0,0.0,616.0,616.0,0.0,1166.0,1166.0,0.0,1532.0,1532.0,0.0
2024-03-27,Wednesday,11935.0,11633.0,12152.0,9037.0,11821.0,11935.0,9405.0,33.2,3056.0,159.0,200.0,1767.0,4324.0,4324.0,0.0,1309.0,1309.0,0.0,1279.0,1279.0,0.0,991.0,991.0,0.0,452.0,452.0,0.0,392.0,392.0,0.0,647.0,647.0,0.0,730.0,730.0,0.0,1509.0,1509.0,0.0
2024-03-28,Thursday,12695.0,12277.0,12652.0,9405.0,11585.0,12652.0,9493.0,32.3,2941.0,159.0,200.0,1746.0,4517.0,4517.0,0.0,1172.0,1172.0,0.0,1314.0,1314.0,0.0,1126.0,1085.0,41.0,486.0,486.0,0.0,361.0,361.0,0.0,673.0,673.0,0.0,1031.0,1031.0,0.0,1598.0,1598.0,0.0
2024-03-29,Friday,13250.0,12717.0,13189.0,9493.0,11214.0,13189.0,10116.0,32.7,2945.0,159.0,200.0,1736.0,4384.0,4384.0,0.0,1318.0,1318.0,0.0,1320.0,1320.0,0.0,1177.0,1119.0,58.0,515.0,515.0,0.0,421.0,421.0,0.0,728.0,728.0,0.0,1198.0,1198.0,0.0,1656.0,1656.0,0.0
2024-03-30,Saturday,14050.0,13546.0,13406.0,10116.0,11576.0,13353.0,5627.0,34.4,3010.0,159.0,200.0,1734.0,4999.0,4934.0,65.0,1247.0,1167.0,80.0,1370.0,1245.0,125.0,1204.0,1138.0,66.0,448.0,448.0,0.0,444.0,444.0,0.0,806.0,726.0,80.0,1320.0,1220.0,100.0,1707.0,1557.0,150.0
2024-03-31,Sunday,13950.0,13398.0,13898.0,5627.0,10854.0,13898.0,10843.0,32.8,2911.0,134.0,175.0,1736.0,4830.0,4820.0,10.0,1335.0,1335.0,0.0,1504.0,1504.0,0.0,1098.0,1058.0,40.0,468.0,468.0,0.0,453.0,453.0,0.0,807.0,807.0,0.0,1193.0,1193.0,0.0,1710.0,1710.0,0.0
2024-04-01,Thursday,10107.0,9853.0,10107.0,6481.0,9508.0,10107.0,6576.0,25.5,4802.0,189.0,0.0,2472.0,3740.0,3740.0,0.0,1070.0,1070.0,0.0,945.0,945.0,0.0,794.0,794.0,0.0,368.0,368.0,0.0,278.0,278.0,0.0,690.0,690.0,0.0,819.0,819.0,0.0,1149.0,1149.0,0.0
2024-04-02,Sunday,10425.0,9947.0,10346.0,7008.0,9642.0,10346.0,7082.0,27.8,4260.0,189.0,0.0,3236.0,3499.0,3499.0,0.0,978.0,978.0,0.0,1073.0,1073.0,0.0,904.0,829.0,75.0,359.0,359.0,0.0,290.0,290.0,0.0,795.0,795.0,0.0,858.0,858.0,0.0,1192.0,1192.0,0.0
2024-04-03,Monday,11629.0,11223.0,11603.0,8132.0,10649.0,11603.0,8285.0,29.9,2816.0,189.0,190.0,1901.0,4288.0,4288.0,0.0,1126.0,1126.0,0.0,1136.0,1136.0,0.0,975.0,950.0,25.0,399.0,399.0,0.0,304.0,304.0,0.0,805.0,805.0,0.0,902.0,902.0,0.0,1288.0,1288.0,0.0
2024-04-04,Thursday,15500.0,14770.0,14291.0,11689.0,12402.0,14245.0,11832.0,35.5,2731.0,109.0,170.0,1962.0,5415.0,5205.0,210.0,1454.0,1311.0,143.0,1627.0,1485.0,142.0,1274.0,1082.0,192.0,422.0,362.0,60.0,481.0,481.0,0.0,837.0,741.0,96.0,1419.0,1229.0,190.0,1840.0,1674.0,166.0
2024-04-05,Saturday,15600.0,14885.0,15229.0,12323.0,13800.0,15229.0,10874.0,36.9,683.0,0.0,200.0,2009.0,5505.0,5477.0,28.0,1324.0,1279.0,45.0,1603.0,1603.0,0.0,958.0,868.0,90.0,606.0,606.0,0.0,481.0,481.0,0.0,1014.0,961.0,53.0,1476.0,1349.0,127.0,1919.0,1908.0,11.0
2024-04-06,Tuesday,15080.0,14607.0,14937.0,11768.0,13555.0,14937.0,12071.0,36.0,3656.0,0.0,130.0,1840.0,5257.0,5217.0,40.0,1544.0,1544.0,0.0,1574.0,1574.0,0.0,1187.0,1090.0,97.0,497.0,497.0,0.0,428.0,428.0,0.0,954.0,954.0,0.0,1376.0,1376.0,0.0,1790.0,1790.0,0.0
2024-04-07,Thursday,14250.0,13667.0,14123.0,11302.0,12826.0,14123.0,10790.0,31.2,2262.0,77.0,64.0,1835.0,4887.0,4877.0,10.0,1325.0,1325.0,0.0,1386.0,1386.0,0.0,1184.0,1073.0,111.0,556.0,556.0,0.0,426.0,426.0,0.0,923.0,923.0,0.0,1323.0,1323.0,0.0,1657.0,1657.0,0.0
2024-04-08,Sunday,13090.0,12643.0,12949.0,10539.0,12542.0,12949.0,10311.0,33.3,3526.0,297.0,27.0,1870.0,4157.0,4077.0,80.0,1207.0,1207.0,0.0,1349.0,1349.0,0.0,1131.0,1131.0,0.0,569.0,569.0,0.0,392.0,392.0,0.0,949.0,921.0,28.0,1272.0,1245.0,27.0,1617.0,1617.0,0.0
2024-04-09,Wednesday,15350.0,14615.0,14107.0,11709.0,12911.0,14107.0,11990.0,35.5,4825.0,25.0,0.0,2752.0,5164.0,4864.0,300.0,1317.0,1317.0,0.0,1518.0,1378.0,140.0,1218.0,1028.0,190.0,657.0,567.0,90.0,480.0,480.0,0.0,1005.0,875.0,130.0,1441.0,1181.0,260.0,1815.0,1738.0,77.0
2024-04-10,Friday,11528.0,11233.0,12218.0,9526.0,10526.0,11528.0,9075.0,31.4,4023.0,0.0,0.0,3293.0,3982.0,3982.0,0.0,1175.0,1175.0,0.0,1162.0,1162.0,0.0,834.0,834.0,0.0,489.0,489.0,0.0,400.0,400.0,0.0,704.0,704.0,0.0,1151.0,1151.0,0.0,1336.0,1336.0,0.0
2024-04-11,Monday,13360.0,12826.0,13253.0,9945.0,11947.0,13253.0,10034.0,32.2,4795.0,0.0,0.0,2714.0,4953.0,4933.0,20.0,1232.0,1232.0,0.0,1174.0,1174.0,0.0,1028.0,983.0,45.0,555.0,555.0,0.0,420.0,420.0,0.0,717.0,680.0,37.0,1266.0,1266.0,0.0,1482.0,1482.0,0.0
2024-04-12,Wednesday,0.0,10520.0,10889.0,7375.0,9595.0,10889.0,7202.0,29.1,3602.0,0.0,184.0,5147.0,4171.0,4171.0,0.0,1139.0,1139.0,0.0,956.0,956.0,0.0,802.0,802.0,0.0,371.0,371.0,0.0,294.0,294.0,0.0,728.0,728.0,0.0,897.0,897.0,0.0,1162.0,1162.0,0.0
2024-04-13,Saturday,12700.0,12060.0,12653.0,9604.0,10399.0,12653.0,10002.0,37.6,1628.0,159.0,200.0,1900.0,3161.0,3161.0,0.0,1297.0,1297.0,0.0,1526.0,1526.0,0.0,1172.0,1137.0,35.0,541.0,541.0,0.0,449.0,449.0,0.0,926.0,926.0,0.0,1370.0,1360.0,10.0,1617.0,1617.0,0.0
2024-04-14,Sunday,12880.0,12075.0,12823.0,10002.0,10915.0,12743.0,10659.0,37.5,1501.0,159.0,200.0,1898.0,3242.0,3242.0,0.0,1200.0,1200.0,0.0,1568.0,1568.0,0.0,983.0,872.0,111.0,549.0,549.0,0.0,463.0,463.0,0.0,939.0,919.0,20.0,1428.0,1428.0,0.0,1704.0,1704.0,0.0
2024-04-15,Monday,14350.0,13539.0,14093.0,10659.0,12011.0,14093.0,11589.0,37.8,1067.0,189.0,170.0,1905.0,3861.0,3861.0,0.0,1395.0,1307.0,88.0,1701.0,1701.0,0.0,1210.0,1145.0,65.0,579.0,579.0,0.0,467.0,467.0,0.0,1002.0,917.0,85.0,1461.0,1461.0,0.0,1862.0,1855.0,7.0
2024-04-16,Tuesday,12830.0,12226.0,13362.0,11589.0,13091.0,12780.0,11377.0,38.4,892.0,129.0,170.0,1951.0,3696.0,3696.0,0.0,1352.0,1352.0,0.0,1668.0,1668.0,0.0,1065.0,1065.0,0.0,438.0,438.0,0.0,392.0,392.0,0.0,1018.0,970.0,48.0,933.0,933.0,0.0,1664.0,1664.0,0.0
2024-04-17,Wednesday,13100.0,12527.0,13591.0,11377.0,13087.0,12847.0,10862.0,36.3,1103.0,129.0,170.0,1901.0,3755.0,3755.0,0.0,1415.0,1316.0,99.0,1775.0,1775.0,0.0,1030.0,1030.0,0.0,205.0,205.0,0.0,342.0,342.0,0.0,1014.0,943.0,71.0,1226.0,1154.0,72.0,1765.0,1765.0,0.0
2024-04-18,Thursday,15080.0,14386.0,14761.0,10862.0,13065.0,14761.0,11574.0,36.8,1004.0,0.0,200.0,1901.0,4780.0,4780.0,0.0,1473.0,1378.0,95.0,1697.0,1697.0,0.0,1246.0,1106.0,140.0,509.0,509.0,0.0,491.0,491.0,0.0,992.0,922.0,70.0,1361.0,1361.0,0.0,1837.0,1837.0,0.0
2024-04-19,Friday,14520.0,13934.0,14513.0,11411.0,12100.0,14308.0,12059.0,38.4,1227.0,0.0,200.0,1901.0,4532.0,4532.0,0.0,1306.0,1306.0,0.0,1722.0,1722.0,0.0,1244.0,1112.0,132.0,471.0,471.0,0.0,478.0,478.0,0.0,959.0,889.0,70.0,1385.0,1385.0,0.0,1839.0,1839.0,0.0
2024-04-20,Saturday,15750.0,15053.0,15358.0,12059.0,13325.0,15358.0,13060.0,40.4,1046.0,0.0,200.0,1901.0,5155.0,5115.0,40.0,1338.0,1338.0,0.0,1815.0,1815.0,0.0,1378.0,1178.0,200.0,561.0,561.0,0.0,500.0,500.0,0.0,1014.0,964.0,50.0,1364.0,1280.0,84.0,1928.0,1928.0,0.0
2024-04-21,Sunday,16000.0,15248.0,15666.0,13060.0,14295.0,15666.0,12877.0,38.2,1058.0,0.0,175.0,1901.0,5284.0,5264.0,20.0,1359.0,1359.0,0.0,1830.0,1830.0,0.0,1314.0,1164.0,150.0,475.0,475.0,0.0,502.0,502.0,0.0,1039.0,939.0,100.0,1486.0,1437.0,49.0,1958.0,1958.0,0.0
2024-04-22,Monday,16700.0,15892.0,16233.0,12877.0,14062.0,16233.0,13122.0,37.8,1017.0,0.0,160.0,2017.0,5500.0,5410.0,90.0,1456.0,1356.0,100.0,1817.0,1817.0,0.0,1402.0,1232.0,170.0,612.0,612.0,0.0,513.0,513.0,0.0,1029.0,979.0,50.0,1619.0,1583.0,36.0,1944.0,1944.0,0.0
2024-04-23,Tuesday,16720.0,16033.0,15947.0,13122.0,13971.0,15947.0,12982.0,38.4,1019.0,0.0,170.0,2008.0,5527.0,5403.0,124.0,1586.0,1458.0,128.0,1865.0,1865.0,0.0,1425.0,1125.0,300.0,596.0,596.0,0.0,509.0,509.0,0.0,1025.0,929.0,96.0,1554.0,1464.0,90.0,1947.0,1947.0,0.0
2024-04-24,Wednesday,16774.0,15959.0,15936.0,12982.0,14140.0,15936.0,13053.0,39.2,942.0,0.0,200.0,2008.0,5532.0,5412.0,120.0,1517.0,1412.0,105.0,1826.0,1826.0,0.0,1463.0,1113.0,350.0,609.0,609.0,0.0,487.0,487.0,0.0,1066.0,931.0,135.0,1555.0,1465.0,90.0,1905.0,1905.0,0.0
2024-04-25,Thursday,16750.0,15973.0,15784.0,13053.0,14197.0,15784.0,12736.0,39.1,942.0,0.0,200.0,2006.0,5823.0,5663.0,160.0,1476.0,1306.0,170.0,1613.0,1493.0,120.0,1387.0,1187.0,200.0,590.0,590.0,0.0,504.0,504.0,0.0,1104.0,911.0,193.0,1528.0,1448.0,80.0,1950.0,1950.0,0.0
2024-04-26,Friday,15870.0,15161.0,15550.0,12647.0,13837.0,15550.0,12445.0,38.2,634.0,0.0,170.0,2010.0,5176.0,5176.0,0.0,1327.0,1327.0,0.0,1797.0,1797.0,0.0,1363.0,1218.0,145.0,527.0,527.0,0.0,485.0,485.0,0.0,1026.0,910.0,116.0,1519.0,1474.0,45.0,1941.0,1941.0,0.0
2024-04-27,Saturday,16750.0,15915.0,15810.0,12445.0,13673.0,15810.0,12941.0,37.4,807.0,0.0,200.0,2012.0,5644.0,5544.0,100.0,1415.0,1285.0,130.0,1793.0,1683.0,110.0,1422.0,1184.0,238.0,599.0,599.0,0.0,488.0,488.0,0.0,1060.0,940.0,120.0,1508.0,1308.0,200.0,1986.0,1986.0,0.0
2024-04-28,Sunday,17150.0,16246.0,15816.0,12941.0,13453.0,15816.0,13181.0,39.0,1026.0,0.0,200.0,2009.0,5830.0,5640.0,190.0,1438.0,1224.0,214.0,1881.0,1691.0,190.0,1407.0,1147.0,260.0,501.0,501.0,0.0,517.0,517.0,0.0,1073.0,893.0,180.0,1590.0,1350.0,240.0,2009.0,2009.0,0.0
2024-04-29,Monday,17200.0,16417.0,15595.0,11993.0,13036.0,15595.0,13148.0,40.5,1035.0,0.0,200.0,2010.0,5774.0,5414.0,360.0,1584.0,1419.0,165.0,1881.0,1699.0,182.0,1436.0,1161.0,275.0,614.0,570.0,44.0,510.0,510.0,0.0,1030.0,900.0,130.0,1560.0,1315.0,245.0,2029.0,1897.0,132.0
2024-04-30,Tuesday,17000.0,16074.0,16477.0,13148.0,14301.0,16477.0,12871.0,38.6,995.0,0.0,200.0,2017.0,5814.0,5674.0,140.0,1468.0,1448.0,20.0,1870.0,1870.0,0.0,1422.0,1202.0,220.0,360.0,360.0,0.0,512.0,512.0,0.0,1075.0,991.0,84.0,1572.0,1552.0,20.0,1982.0,1967.0,15.0
2024-05-01,Friday,9168.0,8721.0,9230.0,6576.0,8731.0,9168.0,6149.0,22.6,4452.0,189.0,0.0,2473.0,3015.0,3015.0,0.0,938.0,938.0,0.0,898.0,898.0,0.0,779.0,779.0,0.0,344.0,344.0,0.0,274.0,274.0,0.0,616.0,616.0,0.0,785.0,785.0,0.0,1073.0,1073.0,0.0
2024-05-02,Monday,10465.0,10007.0,10437.0,7082.0,9761.0,10437.0,6988.0,28.1,3864.0,189.0,0.0,3237.0,3622.0,3622.0,0.0,1008.0,1008.0,0.0,1030.0,1030.0,0.0,878.0,851.0,27.0,368.0,368.0,0.0,297.0,297.0,0.0,732.0,732.0,0.0,890.0,890.0,0.0,1182.0,1182.0,0.0
2024-05-03,Tuesday,12040.0,11619.0,11921.0,8285.0,11147.0,11921.0,8334.0,30.5,2805.0,189.0,190.0,1902.0,4375.0,4360.0,15.0,1114.0,1114.0,0.0,1235.0,1235.0,0.0,1023.0,924.0,99.0,382.0,382.0,0.0,310.0,310.0,0.0,812.0,812.0,0.0,995.0,995.0,0.0,1374.0,1374.0,0.0
2024-05-04,Friday,15300.0,14606.0,14438.0,11832.0,12385.0,14438.0,11791.0,34.0,2457.0,109.0,170.0,1964.0,4986.0,4936.0,50.0,1432.0,1302.0,130.0,1743.0,1580.0,163.0,1256.0,1106.0,150.0,450.0,450.0,0.0,477.0,477.0,0.0,930.0,830.0,100.0,1457.0,1412.0,45.0,1875.0,1690.0,185.0
2024-05-05,Sunday,14400.0,13887.0,14353.0,10874.0,13207.0,14353.0,9606.0,36.7,825.0,0.0,200.0,2077.0,5525.0,5490.0,35.0,1416.0,1416.0,0.0,1640.0,1640.0,0.0,849.0,849.0,0.0,163.0,163.0,0.0,482.0,482.0,0.0,717.0,717.0,0.0,1281.0,1281.0,0.0,1816.0,1806.0,10.0
2024-05-06,Wednesday,16250.0,15547.0,15714.0,12071.0,13612.0,15714.0,11044.0,35.4,3521.0,0.0,146.0,1886.0,5856.0,5576.0,280.0,1472.0,1472.0,0.0,1460.0,1460.0,0.0,1179.0,1039.0,140.0,556.0,556.0,0.0,471.0,471.0,0.0,1056.0,1056.0,0.0,1523.0,1431.0,92.0,1974.0,1974.0,0.0
2024-05-07,Friday,13229.0,12730.0,13229.0,10655.0,11167.0,13229.0,10963.0,31.1,2238.0,117.0,64.0,1838.0,4355.0,4355.0,0.0,1263.0,1263.0,0.0,1257.0,1257.0,0.0,1133.0,1133.0,0.0,550.0,550.0,0.0,381.0,381.0,0.0,847.0,847.0,0.0,1262.0,1262.0,0.0,1682.0,1682.0,0.0
2024-05-08,Monday,12059.0,11544.0,12393.0,10311.0,10439.0,12059.0,9991.0,32.4,3257.0,298.0,29.0,1938.0,3630.0,3630.0,0.0,1025.0,1025.0,0.0,1256.0,1256.0,0.0,1035.0,1035.0,0.0,533.0,533.0,0.0,399.0,399.0,0.0,910.0,910.0,0.0,1254.0,1254.0,0.0,1503.0,1503.0,0.0
2024-05-09,Thursday,15350.0,14643.0,13976.0,11873.0,12252.0,13976.0,10798.0,32.8,4322.0,20.0,0.0,3362.0,5235.0,4835.0,400.0,1342.0,1342.0,0.0,1489.0,1277.0,212.0,1294.0,994.0,300.0,686.0,556.0,130.0,448.0,448.0,0.0,948.0,818.0,130.0,1354.0,1214.0,140.0,1847.0,1847.0,0.0
2024-05-10,Saturday,13204.0,12743.0,13204.0,9075.0,10767.0,13204.0,10241.0,27.4,4772.0,0.0,0.0,2953.0,4781.0,4781.0,0.0,1308.0,1308.0,0.0,1303.0,1303.0,0.0,1021.0,1021.0,0.0,516.0,516.0,0.0,405.0,405.0,0.0,750.0,750.0,0.0,1119.0,1119.0,0.0,1541.0,1541.0,0.0
2024-05-11,Tuesday,12820.0,12575.0,12750.0,10034.0,11963.0,12750.0,8435.0,33.2,4575.0,0.0,0.0,3812.0,5005.0,5005.0,0.0,1180.0,1180.0,0.0,1163.0,1163.0,0.0,1029.0,962.0,67.0,460.0,460.0,0.0,370.0,370.0,0.0,788.0,788.0,0.0,1072.0,1072.0,0.0,1508.0,1508.0,0.0
2024-05-12,Thursday,10745.0,10496.0,10745.0,7202.0,9596.0,10745.0,7163.0,29.0,3641.0,0.0,184.0,5157.0,4134.0,4134.0,0.0,1113.0,1113.0,0.0,984.0,984.0,0.0,842.0,842.0,0.0,383.0,383.0,0.0,272.0,272.0,0.0,718.0,718.0,0.0,873.0,873.0,0.0,1176.0,1176.0,0.0
2024-05-13,Monday,15150.0,14479.0,15019.0,10826.0,12870.0,15019.0,12270.0,34.0,981.0,0.0,200.0,1939.0,5191.0,5191.0,0.0,1408.0,1408.0,0.0,1541.0,1541.0,0.0,1175.0,1095.0,80.0,623.0,623.0,0.0,433.0,433.0,0.0,1033.0,1008.0,25.0,1342.0,1322.0,20.0,1733.0,1733.0,0.0
2024-05-14,Tuesday,15700.0,15043.0,15435.0,12270.0,13701.0,15435.0,12482.0,35.3,997.0,0.0,200.0,1852.0,5371.0,5321.0,50.0,1490.0,1490.0,0.0,1596.0,1596.0,0.0,1247.0,1119.0,128.0,640.0,630.0,10.0,461.0,461.0,0.0,988.0,923.0,65.0,1414.0,1414.0,0.0,1837.0,1837.0,0.0
2024-05-15,Wednesday,16100.0,15416.0,15687.0,12482.0,13995.0,15687.0,13000.0,36.3,1136.0,0.0,200.0,1845.0,5530.0,5430.0,100.0,1512.0,1512.0,0.0,1670.0,1670.0,0.0,1232.0,1053.0,179.0,661.0,661.0,0.0,488.0,488.0,0.0,1026.0,931.0,95.0,1457.0,1437.0,20.0,1841.0,1841.0,0.0
2024-05-16,Thursday,15850.0,15180.0,15001.0,13000.0,14488.0,14965.0,12760.0,37.7,1172.0,0.0,200.0,1847.0,5615.0,5410.0,205.0,1553.0,1473.0,80.0,1254.0,1164.0,90.0,1323.0,1143.0,180.0,659.0,624.0,35.0,463.0,463.0,0.0,1009.0,884.0,125.0,1443.0,1313.0,130.0,1861.0,1861.0,0.0
2024-05-17,Friday,15700.0,15116.0,15577.0,12654.0,13667.0,15498.0,12101.0,37.3,1170.0,0.0,200.0,1858.0,5190.0,5190.0,0.0,1484.0,1484.0,0.0,1677.0,1677.0,0.0,1282.0,1192.0,90.0,569.0,569.0,0.0,488.0,488.0,0.0,1045.0,992.0,53.0,1510.0,1460.0,50.0,1872.0,1872.0,0.0
2024-05-18,Saturday,14628.0,14111.0,14740.0,11925.0,11925.0,14628.0,11810.0,31.4,1399.0,0.0,200.0,2024.0,5154.0,5154.0,0.0,1434.0,1434.0,0.0,1527.0,1527.0,0.0,1128.0,1128.0,0.0,523.0,523.0,0.0,372.0,372.0,0.0,935.0,935.0,0.0,1301.0,1301.0,0.0,1738.0,1738.0,0.0
2024-05-19,Sunday,14300.0,13661.0,14206.0,11810.0,13540.0,14206.0,10691.0,35.4,1539.0,0.0,200.0,2074.0,5151.0,5061.0,90.0,1337.0,1337.0,0.0,1488.0,1488.0,0.0,965.0,965.0,0.0,536.0,536.0,0.0,316.0,316.0,0.0,976.0,976.0,0.0,1240.0,1240.0,0.0,1652.0,1652.0,0.0
2024-05-20,Monday,14376.0,13767.0,14219.0,10691.0,12911.0,14219.0,11354.0,33.4,1364.0,0.0,205.0,1843.0,5110.0,5010.0,100.0,1418.0,1418.0,0.0,1467.0,1467.0,0.0,1138.0,1088.0,50.0,615.0,615.0,0.0,349.0,349.0,0.0,902.0,902.0,0.0,1216.0,1216.0,0.0,1551.0,1551.0,0.0
2024-05-22,Wednesday,15550.0,14922.0,15428.0,10853.0,12563.0,15428.0,12609.0,34.9,1350.0,0.0,205.0,1837.0,5338.0,5313.0,25.0,1560.0,1560.0,0.0,1439.0,1439.0,0.0,1256.0,1164.0,92.0,645.0,645.0,0.0,474.0,474.0,0.0,908.0,908.0,0.0,1492.0,1492.0,0.0,1811.0,1811.0,0.0
2024-05-22,Wednesday,15550.0,14922.0,15428.0,10853.0,12563.0,15428.0,12609.0,34.9,1350.0,0.0,205.0,1837.0,5338.0,5313.0,25.0,1560.0,1560.0,0.0,1439.0,1439.0,0.0,1256.0,1164.0,92.0,645.0,645.0,0.0,474.0,474.0,0.0,908.0,908.0,0.0,1492.0,1492.0,0.0,1811.0,1811.0,0.0
2024-05-23,Thursday,16400.0,15533.0,16067.0,12609.0,14166.0,16067.0,11969.0,38.0,1354.0,0.0,205.0,1829.0,5552.0,5452.0,100.0,1523.0,1523.0,0.0,1622.0,1622.0,0.0,1267.0,1117.0,150.0,667.0,667.0,0.0,470.0,470.0,0.0,1017.0,984.0,33.0,1518.0,1483.0,35.0,1897.0,1897.0,0.0
2024-05-24,Friday,15850.0,15112.0,15601.0,11731.0,13454.0,15601.0,12955.0,38.9,1473.0,0.0,200.0,1821.0,5245.0,5245.0,0.0,1388.0,1388.0,0.0,1598.0,1598.0,0.0,1288.0,1143.0,145.0,658.0,640.0,18.0,487.0,487.0,0.0,1000.0,960.0,40.0,1552.0,1517.0,35.0,1896.0,1896.0,0.0
2024-05-25,Saturday,14900.0,14471.0,14707.0,12749.0,13726.0,14623.0,12391.0,38.8,2992.0,0.0,200.0,1818.0,5944.0,5869.0,75.0,1423.0,1423.0,0.0,1441.0,1441.0,0.0,1252.0,1062.0,190.0,284.0,284.0,0.0,194.0,194.0,0.0,956.0,956.0,0.0,1116.0,1116.0,0.0,1862.0,1862.0,0.0
2024-05-26,Sunday,13560.0,12870.0,14173.0,12391.0,12667.0,13435.0,5553.0,34.8,3089.0,0.0,200.0,1818.0,5182.0,5157.0,25.0,1275.0,1275.0,0.0,1387.0,1387.0,0.0,991.0,966.0,25.0,441.0,441.0,0.0,121.0,121.0,0.0,1072.0,1003.0,69.0,1262.0,1262.0,0.0,1139.0,1139.0,0.0
2024-05-27,Monday,4554.0,4253.0,11828.0,5271.0,5323.0,4554.0,3651.0,27.1,350.0,0.0,230.0,1988.0,2278.0,2278.0,0.0,639.0,639.0,0.0,314.0,314.0,0.0,56.0,56.0,0.0,160.0,160.0,0.0,21.0,21.0,0.0,408.0,408.0,0.0,98.0,98.0,0.0,279.0,279.0,0.0
2024-05-28,Tuesday,12451.0,11907.0,12675.0,3651.0,8051.0,12451.0,11296.0,34.4,267.0,0.0,170.0,1904.0,4616.0,4616.0,0.0,1213.0,1213.0,0.0,1347.0,1347.0,0.0,840.0,840.0,0.0,332.0,332.0,0.0,140.0,140.0,0.0,931.0,931.0,0.0,984.0,984.0,0.0,1505.0,1505.0,0.0
2024-05-29,Wednesday,14700.0,14097.0,14920.0,11296.0,12459.0,14585.0,11253.0,27.7,685.0,0.0,205.0,2523.0,5175.0,5175.0,0.0,1408.0,1408.0,0.0,1614.0,1614.0,0.0,1195.0,1150.0,45.0,425.0,425.0,0.0,234.0,234.0,0.0,1007.0,942.0,65.0,1305.0,1305.0,0.0,1734.0,1734.0,0.0
2024-05-30,Thursday,14600.0,13961.0,14695.0,11253.0,12485.0,14552.0,11003.0,27.1,742.0,0.0,175.0,2425.0,5440.0,5394.0,46.0,1451.0,1451.0,0.0,1538.0,1538.0,0.0,961.0,961.0,0.0,396.0,396.0,0.0,334.0,334.0,0.0,569.0,569.0,0.0,1409.0,1409.0,0.0,1863.0,1863.0,0.0
2024-05-31,Friday,14200.0,13654.0,14231.0,11003.0,11614.0,14028.0,11903.0,27.1,2245.0,0.0,165.0,1846.0,4901.0,4806.0,95.0,1363.0,1363.0,0.0,1409.0,1409.0,0.0,1155.0,1086.0,69.0,563.0,563.0,0.0,350.0,350.0,0.0,864.0,864.0,0.0,1368.0,1368.0,0.0,1681.0,1681.0,0.0
2024-06-01,Saturday,9113.0,8715.0,9219.0,6149.0,8712.0,9113.0,5639.0,26.7,4545.0,189.0,0.0,2498.0,3039.0,3039.0,0.0,853.0,853.0,0.0,914.0,914.0,0.0,784.0,784.0,0.0,349.0,349.0,0.0,281.0,281.0,0.0,628.0,628.0,0.0,785.0,785.0,0.0,1083.0,1083.0,0.0
2024-06-02,Tuesday,10888.0,10308.0,10888.0,6988.0,9431.0,10888.0,7294.0,25.4,3707.0,189.0,0.0,2994.0,3853.0,3853.0,0.0,997.0,997.0,0.0,1059.0,1059.0,0.0,862.0,862.0,0.0,370.0,370.0,0.0,291.0,291.0,0.0,797.0,797.0,0.0,883.0,883.0,0.0,1196.0,1196.0,0.0
2024-06-03,Wednesday,11800.0,11409.0,11749.0,8334.0,11027.0,11749.0,8254.0,29.7,2845.0,189.0,190.0,1896.0,4256.0,4256.0,0.0,1107.0,1107.0,0.0,1207.0,1207.0,0.0,1018.0,969.0,49.0,388.0,388.0,0.0,319.0,319.0,0.0,833.0,833.0,0.0,963.0,963.0,0.0,1319.0,1319.0,0.0
2024-06-04,Saturday,15700.0,15024.0,14779.0,11791.0,12670.0,14695.0,12065.0,36.6,2443.0,139.0,170.0,1973.0,5297.0,5247.0,50.0,1346.0,1326.0,20.0,1696.0,1566.0,130.0,1273.0,1093.0,180.0,551.0,546.0,5.0,471.0,416.0,55.0,985.0,895.0,90.0,1450.0,1200.0,250.0,1956.0,1776.0,180.0
2024-06-05,Monday,9522.0,9197.0,11237.0,9606.0,11237.0,9522.0,7282.0,29.8,870.0,0.0,200.0,2077.0,4235.0,4235.0,0.0,403.0,403.0,0.0,1234.0,1234.0,0.0,901.0,901.0,0.0,364.0,364.0,0.0,111.0,111.0,0.0,725.0,725.0,0.0,670.0,670.0,0.0,554.0,554.0,0.0
2024-06-06,Thursday,15725.0,15110.0,15340.0,11044.0,13503.0,15340.0,11850.0,34.5,3553.0,0.0,156.0,1761.0,5655.0,5572.0,83.0,1430.0,1430.0,0.0,1504.0,1504.0,0.0,1155.0,995.0,160.0,570.0,570.0,0.0,461.0,461.0,0.0,987.0,987.0,0.0,1431.0,1306.0,125.0,1917.0,1917.0,0.0
2024-06-07,Saturday,14620.0,14040.0,14551.0,10963.0,12608.0,14521.0,11993.0,33.7,2197.0,78.0,64.0,1833.0,5083.0,5013.0,70.0,1335.0,1335.0,0.0,1422.0,1422.0,0.0,1134.0,1124.0,10.0,620.0,620.0,0.0,470.0,470.0,0.0,871.0,871.0,0.0,1374.0,1359.0,15.0,1731.0,1731.0,0.0
2024-06-08,Tuesday,13064.0,12625.0,13202.0,9991.0,11098.0,13064.0,11112.0,33.6,2985.0,297.0,17.0,1872.0,4002.0,4002.0,0.0,1205.0,1205.0,0.0,1418.0,1418.0,0.0,1117.0,1117.0,0.0,587.0,587.0,0.0,431.0,431.0,0.0,926.0,926.0,0.0,1311.0,1311.0,0.0,1628.0,1628.0,0.0
2024-06-09,Friday,14650.0,14013.0,14253.0,10638.0,11706.0,14253.0,11542.0,35.0,4237.0,85.0,0.0,3098.0,4642.0,4567.0,75.0,1288.0,1288.0,0.0,1523.0,1523.0,0.0,1241.0,1084.0,157.0,661.0,641.0,20.0,490.0,490.0,0.0,1028.0,963.0,65.0,1349.0,1287.0,62.0,1792.0,1792.0,0.0
2024-06-10,Sunday,14030.0,13365.0,13928.0,10241.0,12188.0,13928.0,10945.0,33.8,4485.0,0.0,0.0,2790.0,5002.0,4957.0,45.0,1292.0,1292.0,0.0,1310.0,1310.0,0.0,1088.0,1036.0,52.0,598.0,598.0,0.0,435.0,435.0,0.0,765.0,765.0,0.0,1250.0,1250.0,0.0,1625.0,1625.0,0.0
2024-06-11,Wednesday,12580.0,12452.0,12536.0,8435.0,10719.0,12536.0,8983.0,31.5,4848.0,0.0,0.0,4048.0,4830.0,4813.0,17.0,1250.0,1250.0,0.0,1199.0,1199.0,0.0,1000.0,975.0,25.0,477.0,477.0,0.0,348.0,348.0,0.0,774.0,774.0,0.0,1120.0,1120.0,0.0,1454.0,1454.0,0.0
2024-06-12,Friday,8930.0,8755.0,9404.0,7163.0,8679.0,8930.0,6403.0,28.0,3198.0,0.0,184.0,5217.0,3050.0,3050.0,0.0,955.0,955.0,0.0,884.0,884.0,0.0,757.0,757.0,0.0,347.0,347.0,0.0,274.0,274.0,0.0,655.0,655.0,0.0,772.0,772.0,0.0,1061.0,1061.0,0.0
2024-06-13,Thursday,14100.0,13641.0,15064.0,12555.0,13723.0,13978.0,10702.0,35.0,3580.0,0.0,118.0,1736.0,4683.0,4673.0,10.0,1435.0,1435.0,0.0,1649.0,1649.0,0.0,1156.0,1059.0,97.0,485.0,485.0,0.0,515.0,515.0,0.0,956.0,956.0,0.0,794.0,794.0,0.0,1969.0,1959.0,10.0
2024-06-14,Friday,14510.0,14020.0,14753.0,10682.0,11929.0,14426.0,10854.0,32.5,3796.0,0.0,118.0,1738.0,4703.0,4703.0,0.0,1363.0,1363.0,0.0,1581.0,1581.0,0.0,1109.0,1029.0,80.0,487.0,487.0,0.0,535.0,535.0,0.0,895.0,895.0,0.0,1363.0,1363.0,0.0,1984.0,1984.0,0.0
2024-06-15,Saturday,13723.0,13172.0,14406.0,10854.0,11757.0,13723.0,9956.0,33.5,3311.0,0.0,118.0,1734.0,4032.0,4032.0,0.0,1268.0,1268.0,0.0,1582.0,1582.0,0.0,1072.0,1072.0,0.0,475.0,475.0,0.0,509.0,509.0,0.0,848.0,848.0,0.0,1390.0,1390.0,0.0,1998.0,1998.0,0.0
2024-06-17,Monday,12967.0,12545.0,13025.0,9234.0,9234.0,12967.0,9691.0,34.8,1801.0,0.0,115.0,1746.0,3594.0,3594.0,0.0,1070.0,1070.0,0.0,1568.0,1568.0,0.0,1130.0,1130.0,0.0,462.0,462.0,0.0,526.0,526.0,0.0,814.0,814.0,0.0,1476.0,1476.0,0.0,1905.0,1905.0,0.0
2024-06-18,Tuesday,11633.0,11261.0,12671.0,9490.0,9490.0,11633.0,9072.0,32.0,1563.0,0.0,115.0,1745.0,3318.0,3318.0,0.0,920.0,920.0,0.0,1469.0,1469.0,0.0,914.0,914.0,0.0,363.0,363.0,0.0,510.0,510.0,0.0,643.0,643.0,0.0,1248.0,1248.0,0.0,1876.0,1876.0,0.0
2024-06-19,Wednesday,10636.0,10232.0,11550.0,8846.0,8846.0,10636.0,8396.0,30.2,1510.0,0.0,115.0,1743.0,2862.0,2862.0,0.0,1244.0,1244.0,0.0,1331.0,1331.0,0.0,847.0,847.0,0.0,373.0,373.0,0.0,391.0,391.0,0.0,646.0,646.0,0.0,1127.0,1127.0,0.0,1412.0,1412.0,0.0
2024-06-20,Thursday,10979.0,10675.0,11156.0,8396.0,9352.0,10979.0,8961.0,30.1,942.0,0.0,115.0,1725.0,2997.0,2997.0,0.0,1297.0,1297.0,0.0,1320.0,1320.0,0.0,949.0,949.0,0.0,414.0,414.0,0.0,387.0,387.0,0.0,783.0,783.0,0.0,1157.0,1157.0,0.0,1372.0,1372.0,0.0
2024-06-21,Friday,12815.0,12390.0,12886.0,8961.0,10199.0,12708.0,10115.0,34.8,887.0,0.0,115.0,1737.0,3570.0,3570.0,0.0,1304.0,1304.0,0.0,1465.0,1465.0,0.0,1137.0,1137.0,0.0,567.0,567.0,0.0,450.0,450.0,0.0,915.0,813.0,102.0,1302.0,1302.0,0.0,1680.0,1680.0,0.0
2024-06-22,Saturday,13436.0,12995.0,13818.0,10115.0,10825.0,13436.0,11109.0,33.2,1747.0,0.0,115.0,1730.0,3939.0,3939.0,0.0,1436.0,1436.0,0.0,1457.0,1457.0,0.0,1126.0,1126.0,0.0,574.0,574.0,0.0,485.0,485.0,0.0,914.0,914.0,0.0,1351.0,1351.0,0.0,1714.0,1714.0,0.0
2024-06-22,Saturday,13436.0,12995.0,13818.0,10115.0,10825.0,13436.0,11109.0,33.2,1747.0,0.0,115.0,1730.0,3939.0,3939.0,0.0,1436.0,1436.0,0.0,1457.0,1457.0,0.0,1126.0,1126.0,0.0,574.0,574.0,0.0,485.0,485.0,0.0,914.0,914.0,0.0,1351.0,1351.0,0.0,1714.0,1714.0,0.0
2024-06-24,Monday,15200.0,14481.0,14254.0,12024.0,13225.0,13771.0,12257.0,35.7,2782.0,0.0,85.0,2382.0,4968.0,4788.0,180.0,1404.0,1284.0,120.0,1580.0,1400.0,180.0,1219.0,1059.0,160.0,595.0,505.0,90.0,502.0,442.0,60.0,958.0,853.0,105.0,1385.0,1205.0,180.0,1869.0,1579.0,290.0
2024-06-25,Tuesday,15600.0,14915.0,13792.0,12257.0,12757.0,13792.0,12476.0,37.2,3363.0,0.0,85.0,1802.0,5257.0,5002.0,255.0,1387.0,1277.0,110.0,1524.0,1294.0,230.0,1205.0,995.0,210.0,583.0,493.0,90.0,478.0,408.0,70.0,1061.0,846.0,215.0,1443.0,1228.0,215.0,1977.0,1645.0,332.0
2024-06-26,Wednesday,15400.0,14706.0,13874.0,12476.0,12981.0,13874.0,12300.0,32.0,3556.0,0.0,104.0,1737.0,5247.0,4897.0,350.0,1338.0,1218.0,120.0,1583.0,1433.0,150.0,1150.0,1060.0,90.0,627.0,507.0,120.0,474.0,404.0,70.0,1000.0,883.0,117.0,1359.0,1199.0,160.0,1928.0,1648.0,280.0
2024-06-27,Thursday,14800.0,14230.0,14393.0,12300.0,13362.0,14215.0,11182.0,34.2,3528.0,0.0,124.0,3363.0,5063.0,4933.0,130.0,1337.0,1337.0,0.0,1591.0,1466.0,125.0,1138.0,1013.0,125.0,569.0,569.0,0.0,428.0,428.0,0.0,1007.0,952.0,55.0,1335.0,1215.0,120.0,1762.0,1758.0,4.0
2024-06-29,Saturday,14000.0,13305.0,13796.0,11427.0,11427.0,13796.0,11601.0,31.9,3291.0,0.0,93.0,3819.0,5050.0,4949.0,101.0,1168.0,1168.0,0.0,1464.0,1464.0,0.0,1020.0,1020.0,0.0,525.0,525.0,0.0,422.0,422.0,0.0,901.0,873.0,28.0,1143.0,1143.0,0.0,1612.0,1546.0,66.0
2024-06-29,Saturday,14800.0,13885.0,13594.0,10954.0,11737.0,13496.0,11627.0,33.0,3450.0,0.0,92.0,3835.0,4951.0,4933.0,18.0,1337.0,1337.0,0.0,1466.0,1466.0,0.0,1143.0,1013.0,130.0,569.0,569.0,0.0,446.0,428.0,18.0,1000.0,952.0,48.0,1215.0,1215.0,0.0,1758.0,1758.0,0.0
2024-06-30,Sunday,13493.0,12754.0,13493.0,11601.0,12647.0,13493.0,11049.0,32.2,2263.0,79.0,87.0,3962.0,4858.0,4858.0,0.0,1244.0,1244.0,0.0,1306.0,1306.0,0.0,1003.0,1003.0,0.0,436.0,436.0,0.0,427.0,427.0,0.0,907.0,907.0,0.0,1102.0,1102.0,0.0,1472.0,1472.0,0.0
2024-07-01,Sunday,7468.0,7122.0,7468.0,5639.0,6132.0,7468.0,4997.0,27.0,4495.0,189.0,0.0,2473.0,2232.0,2232.0,0.0,611.0,611.0,0.0,814.0,814.0,0.0,695.0,695.0,0.0,311.0,311.0,0.0,258.0,258.0,0.0,523.0,523.0,0.0,711.0,711.0,0.0,967.0,967.0,0.0
2024-07-02,Wednesday,10980.0,10488.0,10886.0,7294.0,9964.0,10886.0,7297.0,26.3,4021.0,189.0,0.0,2596.0,3851.0,3843.0,8.0,1045.0,1045.0,0.0,1099.0,1099.0,0.0,945.0,863.0,82.0,364.0,364.0,0.0,278.0,278.0,0.0,790.0,790.0,0.0,897.0,897.0,0.0,1219.0,1219.0,0.0
2024-07-03,Thursday,11750.0,11423.0,11663.0,8254.0,11037.0,11663.0,8246.0,30.6,2594.0,189.0,190.0,1906.0,4274.0,4274.0,0.0,1164.0,1164.0,0.0,1221.0,1221.0,0.0,1006.0,923.0,83.0,386.0,386.0,0.0,299.0,299.0,0.0,824.0,824.0,0.0,957.0,957.0,0.0,1292.0,1292.0,0.0
2024-07-04,Sunday,13850.0,13200.0,13572.0,11881.0,11881.0,13572.0,10717.0,30.7,2420.0,129.0,200.0,2126.0,4702.0,4702.0,0.0,1244.0,1244.0,0.0,1615.0,1565.0,50.0,1188.0,1073.0,115.0,467.0,467.0,0.0,305.0,305.0,0.0,928.0,828.0,100.0,1168.0,1168.0,0.0,1584.0,1584.0,0.0
2024-07-05,Tuesday,13638.0,13173.0,13638.0,7282.0,11356.0,13638.0,6874.0,32.6,705.0,0.0,200.0,2043.0,4721.0,4721.0,0.0,1171.0,1171.0,0.0,1547.0,1547.0,0.0,1125.0,1125.0,0.0,515.0,515.0,0.0,422.0,422.0,0.0,806.0,806.0,0.0,1227.0,1227.0,0.0,1639.0,1639.0,0.0
2024-07-06,Friday,14093.0,13647.0,14901.0,11585.0,12826.0,13936.0,11237.0,35.5,3360.0,0.0,112.0,1745.0,4663.0,4663.0,0.0,1382.0,1382.0,0.0,1315.0,1315.0,0.0,1184.0,1059.0,125.0,584.0,584.0,0.0,474.0,474.0,0.0,985.0,960.0,25.0,1201.0,1201.0,0.0,1859.0,1859.0,0.0
2024-07-07,Sunday,15400.0,14707.0,15064.0,11993.0,13535.0,15064.0,12560.0,34.8,2791.0,79.0,64.0,2387.0,5189.0,5089.0,100.0,1357.0,1357.0,0.0,1547.0,1547.0,0.0,1219.0,1049.0,170.0,631.0,631.0,0.0,495.0,495.0,0.0,999.0,958.0,41.0,1461.0,1451.0,10.0,1810.0,1810.0,0.0
2024-07-08,Wednesday,13790.0,13227.0,13760.0,11112.0,12249.0,13740.0,11274.0,33.5,3070.0,297.0,18.0,1872.0,4418.0,4370.0,48.0,1281.0,1281.0,0.0,1420.0,1420.0,0.0,1209.0,1209.0,0.0,606.0,606.0,0.0,429.0,429.0,0.0,901.0,901.0,0.0,1314.0,1314.0,0.0,1649.0,1649.0,0.0
2024-07-09,Saturday,15500.0,14933.0,14373.0,11542.0,12451.0,14373.0,12595.0,34.3,4169.0,85.0,0.0,2580.0,5409.0,5184.0,225.0,1242.0,1242.0,0.0,1519.0,1372.0,147.0,1282.0,1025.0,257.0,669.0,564.0,105.0,479.0,479.0,0.0,1039.0,914.0,125.0,1464.0,1247.0,217.0,1829.0,1829.0,0.0
2024-07-10,Monday,0.0,14052.0,14347.0,10945.0,12514.0,14347.0,11476.0,33.0,4546.0,0.0,0.0,2791.0,5164.0,5089.0,75.0,1412.0,1412.0,0.0,1394.0,1394.0,0.0,1110.0,1020.0,90.0,546.0,546.0,0.0,451.0,451.0,0.0,931.0,931.0,0.0,1324.0,1324.0,0.0,1720.0,1720.0,0.0
2024-07-11,Thursday,12393.0,12319.0,12630.0,8983.0,11095.0,12630.0,8669.0,32.0,4785.0,0.0,0.0,4306.0,4849.0,4849.0,0.0,1141.0,1141.0,0.0,1163.0,1163.0,0.0,1011.0,1011.0,0.0,496.0,496.0,0.0,351.0,351.0,0.0,770.0,770.0,0.0,1082.0,1082.0,0.0,1456.0,1456.0,0.0
2024-07-12,Saturday,10236.0,9872.0,10236.0,6403.0,8463.0,10236.0,6833.0,27.5,3626.0,0.0,183.0,5303.0,3706.0,3706.0,0.0,948.0,948.0,0.0,966.0,966.0,0.0,855.0,855.0,0.0,374.0,374.0,0.0,298.0,298.0,0.0,696.0,696.0,0.0,845.0,845.0,0.0,1183.0,1183.0,0.0
2024-07-13,Saturday,15400.0,14666.0,14973.0,11407.0,12802.0,14973.0,12389.0,32.7,3554.0,79.0,34.0,1892.0,5127.0,4989.0,138.0,1362.0,1362.0,0.0,1585.0,1585.0,0.0,1239.0,1049.0,190.0,611.0,611.0,0.0,490.0,490.0,0.0,883.0,833.0,50.0,1473.0,1443.0,30.0,1897.0,1897.0,0.0
2024-07-14,Sunday,15700.0,15038.0,15172.0,12389.0,13745.0,15172.0,12819.0,34.5,3101.0,78.0,34.0,1919.0,5323.0,5138.0,185.0,1430.0,1430.0,0.0,1463.0,1463.0,0.0,1225.0,1045.0,180.0,617.0,617.0,0.0,567.0,498.0,69.0,1061.0,991.0,70.0,1432.0,1432.0,0.0,1921.0,1921.0,0.0
2024-07-15,Monday,15700.0,15062.0,15062.0,12819.0,13510.0,15062.0,12812.0,34.9,3505.0,79.0,40.0,1923.0,5406.0,5147.0,259.0,1441.0,1441.0,0.0,1616.0,1616.0,0.0,1249.0,1089.0,160.0,491.0,491.0,0.0,440.0,440.0,0.0,1063.0,968.0,95.0,1482.0,1387.0,95.0,1875.0,1875.0,0.0
2024-07-16,Tuesday,16000.0,15235.0,15110.0,12812.0,13557.0,15074.0,12724.0,34.0,3456.0,78.0,30.0,1858.0,5472.0,5122.0,350.0,1419.0,1404.0,15.0,1631.0,1631.0,0.0,1219.0,1039.0,180.0,640.0,540.0,100.0,477.0,477.0,0.0,1026.0,956.0,70.0,1455.0,1290.0,165.0,1896.0,1892.0,4.0
2024-07-17,Wednesday,15800.0,15015.0,15146.0,12472.0,13196.0,15146.0,13078.0,35.4,3394.0,119.0,30.0,1858.0,5300.0,5040.0,260.0,1403.0,1403.0,0.0,1657.0,1657.0,0.0,1180.0,1055.0,125.0,593.0,513.0,80.0,502.0,502.0,0.0,1032.0,1012.0,20.0,1460.0,1330.0,130.0,1888.0,1878.0,10.0
2024-07-24,Wednesday,14600.0,13930.0,14605.0,11428.0,13319.0,14401.0,12075.0,34.3,3685.0,147.0,27.0,1957.0,4995.0,4987.0,8.0,1183.0,1183.0,0.0,1472.0,1472.0,0.0,1223.0,1116.0,107.0,618.0,598.0,20.0,473.0,473.0,0.0,962.0,962.0,0.0,1313.0,1258.0,55.0,1691.0,1691.0,0.0
2024-07-25,Thursday,15400.0,14641.0,15051.0,12075.0,13459.0,15051.0,12248.0,35.4,3721.0,129.0,30.0,1855.0,5153.0,5020.0,133.0,1240.0,1240.0,0.0,1592.0,1592.0,0.0,1219.0,1099.0,120.0,607.0,592.0,15.0,478.0,478.0,0.0,1068.0,1043.0,25.0,1409.0,1374.0,35.0,1875.0,1870.0,5.0
2024-07-26,Friday,14700.0,14189.0,14626.0,12248.0,12921.0,14269.0,12402.0,35.5,3645.0,130.0,29.0,1816.0,4648.0,4648.0,0.0,1325.0,1325.0,0.0,1596.0,1596.0,0.0,1236.0,1046.0,190.0,610.0,590.0,20.0,463.0,463.0,0.0,1060.0,924.0,136.0,1430.0,1370.0,60.0,1821.0,1815.0,6.0
2024-07-27,Saturday,15500.0,14935.0,15193.0,12402.0,13395.0,15113.0,12907.0,35.7,3638.0,129.0,30.0,1834.0,5132.0,5042.0,90.0,1392.0,1392.0,0.0,1656.0,1656.0,0.0,1238.0,1063.0,175.0,619.0,609.0,10.0,474.0,474.0,0.0,1060.0,990.0,70.0,1472.0,1447.0,25.0,1892.0,1892.0,0.0
2024-07-28,Sunday,15950.0,15304.0,15223.0,12907.0,13868.0,15223.0,12926.0,35.7,3689.0,199.0,33.0,1814.0,5304.0,5164.0,140.0,1459.0,1459.0,0.0,1725.0,1725.0,0.0,1293.0,1003.0,290.0,671.0,563.0,108.0,486.0,486.0,0.0,1080.0,969.0,111.0,1419.0,1384.0,35.0,1868.0,1858.0,10.0
2024-07-29,Monday,15750.0,15012.0,14985.0,12926.0,13617.0,14985.0,12576.0,33.8,3650.0,129.0,32.0,1821.0,5217.0,5017.0,200.0,1343.0,1343.0,0.0,1698.0,1698.0,0.0,1294.0,1024.0,270.0,657.0,627.0,30.0,481.0,481.0,0.0,1079.0,958.0,121.0,1411.0,1311.0,100.0,1833.0,1823.0,10.0
2024-07-30,Tuesday,15750.0,15086.0,15156.0,12576.0,13575.0,15156.0,12697.0,31.4,3599.0,129.0,30.0,1813.0,5190.0,5058.0,132.0,1372.0,1372.0,0.0,1717.0,1717.0,0.0,1300.0,1080.0,220.0,649.0,634.0,15.0,484.0,484.0,0.0,1077.0,982.0,95.0,1427.0,1372.0,55.0,1870.0,1820.0,50.0
2024-07-31,Wednesday,15300.0,14706.0,14757.0,12697.0,13359.0,14682.0,11219.0,35.3,3744.0,299.0,30.0,1848.0,5157.0,4997.0,160.0,1290.0,1290.0,0.0,1650.0,1650.0,0.0,1245.0,1070.0,175.0,617.0,592.0,25.0,482.0,482.0,0.0,1091.0,921.0,170.0,1403.0,1343.0,60.0,1771.0,1771.0,0.0
2024-08-01,Monday,9566.0,9147.0,9566.0,4997.0,8810.0,9566.0,6272.0,25.7,4159.0,189.0,0.0,2569.0,3248.0,3248.0,0.0,926.0,926.0,0.0,951.0,951.0,0.0,797.0,797.0,0.0,359.0,359.0,0.0,290.0,290.0,0.0,645.0,645.0,0.0,803.0,803.0,0.0,1127.0,1127.0,0.0
2024-08-02,Thursday,10850.0,10262.0,10783.0,7297.0,10172.0,10783.0,7165.0,25.4,2682.0,189.0,0.0,2208.0,3867.0,3867.0,0.0,987.0,987.0,0.0,1046.0,1046.0,0.0,891.0,827.0,64.0,352.0,352.0,0.0,280.0,280.0,0.0,780.0,780.0,0.0,863.0,863.0,0.0,1197.0,1197.0,0.0
2024-08-03,Friday,10535.0,10201.0,10494.0,8246.0,9803.0,10494.0,7865.0,31.0,2632.0,189.0,200.0,1951.0,3490.0,3490.0,0.0,1031.0,1031.0,0.0,1147.0,1147.0,0.0,968.0,929.0,39.0,363.0,363.0,0.0,285.0,285.0,0.0,785.0,785.0,0.0,907.0,907.0,0.0,1224.0,1224.0,0.0
2024-08-04,Monday,12800.0,12232.0,12700.0,10717.0,11791.0,12700.0,8851.0,30.4,2533.0,139.0,200.0,1902.0,3741.0,3741.0,0.0,1333.0,1333.0,0.0,1494.0,1494.0,0.0,1172.0,1076.0,96.0,498.0,498.0,0.0,354.0,354.0,0.0,906.0,906.0,0.0,1275.0,1275.0,0.0,1459.0,1459.0,0.0
2024-08-05,Wednesday,12781.0,12345.0,12781.0,6874.0,10663.0,12781.0,9604.0,30.4,702.0,0.0,200.0,2029.0,4567.0,4567.0,0.0,1144.0,1144.0,0.0,1274.0,1274.0,0.0,1028.0,1028.0,0.0,474.0,474.0,0.0,380.0,380.0,0.0,828.0,828.0,0.0,1165.0,1165.0,0.0,1485.0,1485.0,0.0
2024-08-06,Saturday,16400.0,15631.0,15745.0,11237.0,12681.0,15745.0,12608.0,35.6,3466.0,0.0,117.0,1744.0,5578.0,5423.0,155.0,1473.0,1407.0,66.0,1644.0,1644.0,0.0,1226.0,1036.0,190.0,594.0,594.0,0.0,516.0,516.0,0.0,1052.0,985.0,67.0,1509.0,1376.0,133.0,2039.0,2024.0,15.0
2024-08-07,Monday,15500.0,14815.0,14895.0,12560.0,13459.0,14895.0,12564.0,35.0,2760.0,101.0,64.0,2366.0,5252.0,5142.0,110.0,1404.0,1350.0,54.0,1567.0,1567.0,0.0,1190.0,1075.0,115.0,634.0,634.0,0.0,495.0,495.0,0.0,1018.0,993.0,25.0,1420.0,1305.0,115.0,1835.0,1676.0,159.0
2024-08-08,Thursday,13790.0,13342.0,13746.0,11274.0,12555.0,13746.0,10689.0,33.0,3224.0,297.0,25.0,1737.0,4660.0,4530.0,130.0,1224.0,1224.0,0.0,1431.0,1431.0,0.0,1151.0,1151.0,0.0,566.0,566.0,0.0,402.0,402.0,0.0,942.0,942.0,0.0,1302.0,1275.0,27.0,1664.0,1664.0,0.0
2024-08-09,Sunday,0.0,15229.0,14548.0,12504.0,12897.0,14548.0,12420.0,35.5,4015.0,85.0,0.0,2732.0,5437.0,5116.0,321.0,1401.0,1401.0,0.0,1645.0,1395.0,250.0,1299.0,1039.0,260.0,676.0,561.0,115.0,433.0,433.0,0.0,1075.0,880.0,195.0,1443.0,1293.0,150.0,1819.0,1819.0,0.0
2024-08-10,Tuesday,0.0,13261.0,13705.0,11476.0,12552.0,13705.0,11003.0,34.5,4534.0,0.0,0.0,2787.0,4785.0,4742.0,43.0,1313.0,1313.0,0.0,1296.0,1296.0,0.0,1079.0,1079.0,0.0,520.0,520.0,0.0,471.0,471.0,0.0,874.0,874.0,0.0,1313.0,1313.0,0.0,1610.0,1610.0,0.0
2024-08-11,Friday,0.0,10694.0,10899.0,8669.0,9603.0,10899.0,8390.0,32.5,4783.0,0.0,0.0,4292.0,3810.0,3810.0,0.0,1032.0,1032.0,0.0,1054.0,1054.0,0.0,968.0,968.0,0.0,433.0,433.0,0.0,331.0,331.0,0.0,682.0,682.0,0.0,1043.0,1043.0,0.0,1342.0,1342.0,0.0
2024-08-12,Sunday,10201.0,10036.0,10201.0,6833.0,9411.0,10201.0,6809.0,27.3,3365.0,0.0,184.0,5761.0,3886.0,3886.0,0.0,965.0,965.0,0.0,983.0,983.0,0.0,825.0,825.0,0.0,347.0,347.0,0.0,297.0,297.0,0.0,729.0,729.0,0.0,847.0,847.0,0.0,1157.0,1157.0,0.0
2024-08-13,Tuesday,15000.0,14422.0,14012.0,11934.0,12967.0,13982.0,12343.0,34.2,4198.0,298.0,22.0,3247.0,5276.0,4956.0,320.0,1405.0,1405.0,0.0,1409.0,1304.0,105.0,1197.0,1010.0,187.0,590.0,500.0,90.0,449.0,449.0,0.0,967.0,862.0,105.0,1332.0,1167.0,165.0,1797.0,1797.0,0.0
2024-08-14,Wednesday,15450.0,14718.0,14416.0,12343.0,13188.0,14389.0,12648.0,35.5,4109.0,299.0,17.0,3224.0,5212.0,5082.0,130.0,1369.0,1369.0,0.0,1563.0,1400.0,163.0,1263.0,1083.0,180.0,585.0,505.0,80.0,479.0,479.0,0.0,1019.0,899.0,120.0,1425.0,1245.0,180.0,1803.0,1643.0,160.0
2024-08-15,Thursday,15530.0,14801.0,14198.0,12648.0,13449.0,14198.0,11409.0,34.9,4114.0,299.0,15.0,3223.0,5252.0,4872.0,380.0,1343.0,1343.0,0.0,1549.0,1415.0,134.0,1290.0,1066.0,224.0,641.0,536.0,105.0,466.0,466.0,0.0,1012.0,900.0,112.0,1395.0,1258.0,137.0,1853.0,1673.0,180.0
2024-08-16,Friday,13725.0,13137.0,13639.0,11409.0,12075.0,13570.0,11005.0,32.2,4088.0,297.0,15.0,3223.0,4442.0,4422.0,20.0,1196.0,1196.0,0.0,1493.0,1493.0,0.0,1171.0,1063.0,108.0,570.0,570.0,0.0,360.0,360.0,0.0,969.0,949.0,20.0,1239.0,1239.0,0.0,1697.0,1697.0,0.0
2024-08-17,Saturday,14060.0,13565.0,13635.0,11005.0,11882.0,13635.0,11087.0,32.7,4028.0,359.0,0.0,2870.0,4809.0,4714.0,95.0,1223.0,1223.0,0.0,1497.0,1497.0,0.0,1219.0,998.0,221.0,582.0,582.0,0.0,413.0,413.0,0.0,936.0,846.0,90.0,1159.0,1159.0,0.0,1727.0,1727.0,0.0
2024-08-18,Sunday,14250.0,13693.0,13903.0,11087.0,12471.0,13903.0,10938.0,31.0,4075.0,346.0,0.0,2524.0,4889.0,4778.0,111.0,1196.0,1196.0,0.0,1452.0,1452.0,0.0,1197.0,1072.0,125.0,598.0,598.0,0.0,432.0,432.0,0.0,1014.0,919.0,95.0,1271.0,1271.0,0.0,1645.0,1645.0,0.0
2024-08-19,Monday,13450.0,12813.0,13322.0,10938.0,12123.0,13322.0,10594.0,28.0,4540.0,296.0,0.0,2814.0,4664.0,4664.0,0.0,1197.0,1197.0,0.0,1470.0,1470.0,0.0,1065.0,1030.0,35.0,435.0,435.0,0.0,404.0,404.0,0.0,987.0,900.0,87.0,967.0,967.0,0.0,1625.0,1625.0,0.0
2024-08-20,Tuesday,13890.0,13306.0,13843.0,10594.0,11860.0,13843.0,10722.0,32.4,4188.0,298.0,0.0,2710.0,4966.0,4921.0,45.0,1173.0,1173.0,0.0,1459.0,1459.0,0.0,952.0,952.0,0.0,540.0,540.0,0.0,436.0,436.0,0.0,810.0,810.0,0.0,1241.0,1241.0,0.0,1730.0,1730.0,0.0
2024-08-21,Wednesday,13576.0,13004.0,13497.0,10722.0,11898.0,13497.0,10277.0,32.4,3992.0,24.0,0.0,4210.0,4902.0,4842.0,60.0,1223.0,1223.0,0.0,1449.0,1449.0,0.0,1079.0,1064.0,15.0,482.0,482.0,0.0,401.0,401.0,0.0,918.0,918.0,0.0,826.0,826.0,0.0,1725.0,1725.0,0.0
2024-08-22,Thursday,13040.0,12515.0,13009.0,10277.0,11704.0,13009.0,9745.0,28.0,4081.0,21.0,0.0,4270.0,4733.0,4703.0,30.0,1147.0,1147.0,0.0,1331.0,1331.0,0.0,1006.0,1006.0,0.0,495.0,495.0,0.0,383.0,383.0,0.0,909.0,909.0,0.0,855.0,855.0,0.0,1656.0,1656.0,0.0
2024-08-23,Friday,12545.0,12064.0,12686.0,9678.0,10406.0,12512.0,10462.0,32.1,3676.0,23.0,0.0,4219.0,4144.0,4144.0,0.0,1048.0,1048.0,0.0,1285.0,1285.0,0.0,1098.0,1071.0,27.0,540.0,540.0,0.0,392.0,392.0,0.0,944.0,944.0,0.0,1014.0,1009.0,5.0,1600.0,1600.0,0.0
2024-08-24,Saturday,14100.0,13512.0,13710.0,10462.0,11729.0,13710.0,10821.0,33.7,3804.0,23.0,0.0,4164.0,4969.0,4869.0,100.0,1066.0,1066.0,0.0,1449.0,1449.0,0.0,1188.0,1063.0,125.0,605.0,605.0,0.0,410.0,410.0,0.0,1020.0,903.0,117.0,1147.0,1117.0,30.0,1658.0,1658.0,0.0
2024-08-25,Sunday,13250.0,12869.0,12861.0,10821.0,11902.0,12861.0,10029.0,31.4,3901.0,24.0,0.0,4326.0,4970.0,4810.0,160.0,1066.0,1066.0,0.0,1385.0,1385.0,0.0,1155.0,1055.0,100.0,586.0,586.0,0.0,336.0,336.0,0.0,983.0,872.0,111.0,819.0,819.0,0.0,1569.0,1569.0,0.0
2024-08-26,Monday,13225.0,12737.0,13033.0,10029.0,11031.0,13033.0,10428.0,30.0,4070.0,25.0,0.0,4360.0,4689.0,4629.0,60.0,1144.0,1144.0,0.0,1298.0,1298.0,0.0,1166.0,1086.0,80.0,601.0,601.0,0.0,374.0,374.0,0.0,946.0,903.0,43.0,1037.0,1037.0,0.0,1483.0,1483.0,0.0
2024-08-27,Tuesday,14220.0,13668.0,13827.0,10428.0,11888.0,13827.0,11361.0,33.0,4016.0,24.0,0.0,3606.0,5009.0,4898.0,111.0,1191.0,1191.0,0.0,1409.0,1409.0,0.0,1226.0,1106.0,120.0,616.0,609.0,7.0,421.0,421.0,0.0,1037.0,912.0,125.0,1160.0,1148.0,12.0,1599.0,1599.0,0.0
2024-08-28,Wednesday,14470.0,13849.0,13957.0,11361.0,12799.0,13957.0,11578.0,31.6,3973.0,24.0,0.0,3051.0,4910.0,4780.0,130.0,1216.0,1216.0,0.0,1562.0,1562.0,0.0,1239.0,1049.0,190.0,629.0,609.0,20.0,433.0,433.0,0.0,1011.0,881.0,130.0,1164.0,1144.0,20.0,1684.0,1684.0,0.0
2024-08-29,Thursday,15000.0,14405.0,14388.0,11578.0,12673.0,14388.0,11397.0,35.0,4014.0,25.0,0.0,3088.0,5226.0,5072.0,154.0,1222.0,1222.0,0.0,1549.0,1549.0,0.0,1184.0,994.0,190.0,671.0,581.0,90.0,461.0,461.0,0.0,1038.0,908.0,130.0,1283.0,1263.0,20.0,1772.0,1772.0,0.0
2024-08-30,Friday,14150.0,13800.0,13869.0,11397.0,12219.0,13793.0,11705.0,35.2,3834.0,25.0,0.0,2929.0,4611.0,4586.0,25.0,1202.0,1202.0,0.0,1545.0,1545.0,0.0,1217.0,1087.0,130.0,647.0,622.0,25.0,461.0,461.0,0.0,1059.0,923.0,136.0,1321.0,1296.0,25.0,1737.0,1737.0,0.0
2024-08-31,Saturday,15300.0,14692.0,14612.0,11705.0,12809.0,14612.0,12047.0,34.3,4196.0,24.0,0.0,2943.0,5320.0,5165.0,155.0,1227.0,1227.0,0.0,1559.0,1559.0,0.0,1271.0,1026.0,245.0,645.0,518.0,127.0,454.0,454.0,0.0,1052.0,932.0,120.0,1350.0,1340.0,10.0,1815.0,1815.0,0.0
2024-09-01,Tuesday,9759.0,9339.0,9759.0,6272.0,9189.0,9759.0,6495.0,23.5,4214.0,189.0,0.0,2569.0,3442.0,3442.0,0.0,907.0,907.0,0.0,958.0,958.0,0.0,813.0,813.0,0.0,353.0,353.0,0.0,275.0,275.0,0.0,649.0,649.0,0.0,813.0,813.0,0.0,1130.0,1130.0,0.0
2024-09-02,Friday,9345.0,8942.0,9670.0,7165.0,9108.0,9282.0,6604.0,26.4,2559.0,189.0,0.0,2180.0,2948.0,2948.0,0.0,840.0,840.0,0.0,1008.0,1008.0,0.0,890.0,830.0,60.0,354.0,354.0,0.0,267.0,267.0,0.0,714.0,714.0,0.0,799.0,799.0,0.0,1122.0,1122.0,0.0
2024-09-03,Saturday,11825.0,11282.0,11724.0,7865.0,9964.0,11724.0,8334.0,30.5,2804.0,189.0,200.0,1960.0,4175.0,4155.0,20.0,1085.0,1085.0,0.0,1221.0,1221.0,0.0,1022.0,946.0,76.0,399.0,399.0,0.0,312.0,312.0,0.0,802.0,802.0,0.0,960.0,960.0,0.0,1308.0,1308.0,0.0
2024-09-04,Tuesday,12729.0,12124.0,12729.0,8851.0,10541.0,12729.0,8885.0,35.2,2213.0,159.0,170.0,1911.0,3338.0,3338.0,0.0,1181.0,1181.0,0.0,1542.0,1542.0,0.0,1169.0,1169.0,0.0,550.0,550.0,0.0,415.0,415.0,0.0,916.0,916.0,0.0,1370.0,1370.0,0.0,1643.0,1643.0,0.0
2024-09-05,Thursday,12487.0,11958.0,12574.0,9604.0,12241.0,12487.0,9080.0,34.2,704.0,0.0,200.0,2051.0,4579.0,4579.0,0.0,1302.0,1302.0,0.0,1168.0,1168.0,0.0,908.0,908.0,0.0,507.0,507.0,0.0,419.0,419.0,0.0,736.0,736.0,0.0,1202.0,1202.0,0.0,1138.0,1138.0,0.0
2024-09-06,Sunday,15900.0,15295.0,15520.0,12608.0,13656.0,15520.0,10963.0,33.5,3777.0,0.0,116.0,1731.0,5471.0,5381.0,90.0,1318.0,1318.0,0.0,1623.0,1623.0,0.0,1319.0,1066.0,253.0,544.0,544.0,0.0,515.0,515.0,0.0,979.0,979.0,0.0,1419.0,1419.0,0.0,2108.0,2088.0,20.0
2024-09-07,Tuesday,15450.0,14768.0,15047.0,12564.0,13415.0,15047.0,12664.0,33.1,2984.0,99.0,64.0,2227.0,5193.0,5003.0,190.0,1471.0,1471.0,0.0,1564.0,1502.0,62.0,1185.0,1070.0,115.0,606.0,606.0,0.0,500.0,500.0,0.0,1005.0,1005.0,0.0,1383.0,1365.0,18.0,1861.0,1861.0,0.0
2024-09-08,Friday,13380.0,12805.0,13251.0,10489.0,11034.0,13251.0,10927.0,33.0,3243.0,297.0,17.0,1726.0,4253.0,4223.0,30.0,1272.0,1272.0,0.0,1367.0,1367.0,0.0,1148.0,1108.0,40.0,568.0,568.0,0.0,386.0,386.0,0.0,938.0,900.0,38.0,1242.0,1227.0,15.0,1631.0,1631.0,0.0
2024-09-09,Monday,16100.0,15353.0,14034.0,12420.0,12701.0,14034.0,12308.0,34.7,4122.0,85.0,0.0,3745.0,5504.0,4984.0,520.0,1361.0,1361.0,0.0,1650.0,1320.0,330.0,1313.0,1003.0,310.0,680.0,560.0,120.0,481.0,481.0,0.0,1080.0,840.0,240.0,1471.0,1231.0,240.0,1814.0,1601.0,213.0
2024-09-10,Wednesday,13510.0,13013.0,13510.0,11003.0,12644.0,13510.0,10335.0,33.0,4751.0,0.0,0.0,2839.0,4966.0,4966.0,0.0,1479.0,1479.0,0.0,1224.0,1224.0,0.0,1084.0,1084.0,0.0,579.0,579.0,0.0,401.0,401.0,0.0,937.0,937.0,0.0,1232.0,1232.0,0.0,1111.0,1111.0,0.0
2024-09-11,Saturday,0.0,11765.0,12270.0,8390.0,10293.0,12270.0,8759.0,32.2,4650.0,0.0,0.0,4259.0,4617.0,4617.0,0.0,1119.0,1119.0,0.0,1128.0,1128.0,0.0,942.0,942.0,0.0,462.0,462.0,0.0,354.0,354.0,0.0,674.0,674.0,0.0,1137.0,1137.0,0.0,1333.0,1333.0,0.0
2024-09-12,Monday,10267.0,10060.0,10267.0,6809.0,9380.0,10267.0,6955.0,26.4,3849.0,0.0,200.0,5507.0,3909.0,3909.0,0.0,1050.0,1050.0,0.0,918.0,918.0,0.0,842.0,842.0,0.0,363.0,363.0,0.0,299.0,299.0,0.0,700.0,700.0,0.0,846.0,846.0,0.0,1135.0,1135.0,0.0
2024-09-13,Friday,12380.0,11861.0,13302.0,11871.0,12454.0,12199.0,7837.0,34.5,3607.0,0.0,0.0,3331.0,4490.0,4490.0,0.0,675.0,675.0,0.0,1421.0,1421.0,0.0,1205.0,1105.0,100.0,642.0,642.0,0.0,291.0,291.0,0.0,938.0,865.0,73.0,749.0,749.0,0.0,1451.0,1451.0,0.0
2024-09-14,Saturday,11456.0,11040.0,11456.0,7847.0,10079.0,11456.0,8695.0,26.4,3636.0,0.0,0.0,3283.0,4433.0,4433.0,0.0,1144.0,1144.0,0.0,1110.0,1110.0,0.0,1084.0,1084.0,0.0,631.0,631.0,0.0,64.0,64.0,0.0,945.0,945.0,0.0,963.0,963.0,0.0,666.0,666.0,0.0
2024-09-15,Sunday,11948.0,11370.0,11948.0,8695.0,10333.0,11948.0,9207.0,26.4,3595.0,0.0,0.0,3280.0,4455.0,4455.0,0.0,1248.0,1248.0,0.0,922.0,922.0,0.0,997.0,997.0,0.0,599.0,599.0,0.0,235.0,235.0,0.0,840.0,840.0,0.0,1101.0,1101.0,0.0,973.0,973.0,0.0
2024-09-16,Monday,13480.0,12981.0,13328.0,9207.0,10996.0,13328.0,10774.0,33.2,4728.0,0.0,0.0,3202.0,4613.0,4593.0,20.0,1327.0,1327.0,0.0,1204.0,1204.0,0.0,1188.0,1122.0,66.0,656.0,634.0,22.0,386.0,386.0,0.0,911.0,911.0,0.0,1326.0,1289.0,37.0,1370.0,1370.0,0.0
2024-09-18,Wednesday,15150.0,14574.0,14752.0,10778.0,13091.0,14752.0,12280.0,34.8,4016.0,0.0,0.0,2872.0,5337.0,5222.0,115.0,1408.0,1408.0,0.0,1441.0,1441.0,0.0,1247.0,1087.0,160.0,682.0,682.0,0.0,456.0,456.0,0.0,1032.0,987.0,45.0,1326.0,1266.0,60.0,1646.0,1646.0,0.0
2024-09-18,Wednesday,15720.0,15040.0,15344.0,12280.0,13406.0,15344.0,12619.0,35.5,3848.0,0.0,0.0,2878.0,5450.0,5360.0,90.0,1242.0,1242.0,0.0,1592.0,1587.0,5.0,1224.0,1090.0,134.0,692.0,642.0,50.0,488.0,488.0,0.0,1085.0,1015.0,70.0,1500.0,1490.0,10.0,1767.0,1767.0,0.0
2024-09-19,Thursday,16300.0,15633.0,15717.0,12619.0,13785.0,15717.0,12855.0,37.0,3696.0,0.0,0.0,2880.0,5690.0,5440.0,250.0,1431.0,1431.0,0.0,1645.0,1645.0,0.0,1278.0,1083.0,195.0,715.0,695.0,20.0,499.0,499.0,0.0,1055.0,985.0,70.0,1466.0,1444.0,22.0,1854.0,1854.0,0.0
2024-09-20,Friday,15300.0,14696.0,14817.0,12419.0,13456.0,14817.0,11396.0,37.8,3667.0,0.0,0.0,2882.0,5156.0,5066.0,90.0,1118.0,1118.0,0.0,1585.0,1585.0,0.0,1333.0,1057.0,276.0,686.0,686.0,0.0,487.0,487.0,0.0,1073.0,1028.0,45.0,1426.0,1376.0,50.0,1833.0,1833.0,0.0
2024-09-21,Saturday,12880.0,12546.0,13417.0,11396.0,12198.0,12841.0,11543.0,33.8,3624.0,0.0,0.0,2720.0,4920.0,4883.0,37.0,1224.0,1224.0,0.0,790.0,790.0,0.0,836.0,836.0,0.0,518.0,518.0,0.0,385.0,385.0,0.0,912.0,912.0,0.0,1237.0,1237.0,0.0,1725.0,1725.0,0.0
2024-09-22,Sunday,16100.0,15391.0,15383.0,11543.0,13296.0,15383.0,12955.0,36.6,3640.0,0.0,0.0,2663.0,5540.0,5390.0,150.0,1423.0,1423.0,0.0,1624.0,1544.0,80.0,1294.0,1104.0,190.0,668.0,668.0,0.0,471.0,471.0,0.0,1083.0,923.0,160.0,1412.0,1322.0,90.0,1877.0,1862.0,15.0
2024-09-23,Monday,16100.0,15415.0,15185.0,12955.0,13438.0,15185.0,11903.0,36.6,3639.0,0.0,0.0,2664.0,5619.0,5439.0,180.0,1250.0,1246.0,4.0,1620.0,1490.0,130.0,1279.0,1079.0,200.0,706.0,656.0,50.0,460.0,460.0,0.0,1138.0,978.0,160.0,1459.0,1309.0,150.0,1885.0,1885.0,0.0
2024-09-24,Tuesday,15050.0,14487.0,14784.0,11903.0,13428.0,14784.0,11447.0,35.2,3685.0,0.0,0.0,2701.0,5371.0,5276.0,95.0,1334.0,1334.0,0.0,1439.0,1439.0,0.0,1239.0,1105.0,134.0,597.0,597.0,0.0,450.0,450.0,0.0,919.0,919.0,0.0,1418.0,1393.0,25.0,1720.0,1720.0,0.0
2024-09-25,Wednesday,13239.0,12773.0,13462.0,11447.0,11990.0,13239.0,10371.0,28.6,3455.0,0.0,0.0,2751.0,4900.0,4900.0,0.0,1194.0,1194.0,0.0,1209.0,1209.0,0.0,987.0,987.0,0.0,501.0,501.0,0.0,409.0,409.0,0.0,884.0,884.0,0.0,1226.0,1226.0,0.0,1464.0,1464.0,0.0
2024-09-26,Thursday,12475.0,12103.0,12475.0,10371.0,11579.0,12475.0,9747.0,28.2,3753.0,0.0,0.0,2696.0,4641.0,4641.0,0.0,1362.0,1362.0,0.0,1063.0,1063.0,0.0,942.0,942.0,0.0,534.0,534.0,0.0,364.0,364.0,0.0,636.0,636.0,0.0,1189.0,1189.0,0.0,1372.0,1372.0,0.0
2024-09-27,Friday,12372.0,11925.0,12430.0,9747.0,10955.0,12343.0,10428.0,31.2,3667.0,0.0,0.0,3058.0,4216.0,4186.0,30.0,1233.0,1233.0,0.0,1082.0,1082.0,0.0,1009.0,1009.0,0.0,579.0,579.0,0.0,441.0,441.0,0.0,598.0,598.0,0.0,1275.0,1275.0,0.0,1492.0,1492.0,0.0
2024-09-28,Saturday,14700.0,14140.0,14513.0,10428.0,12299.0,14513.0,11659.0,34.3,3800.0,0.0,0.0,3022.0,5206.0,5127.0,79.0,1417.0,1417.0,0.0,1422.0,1422.0,0.0,1149.0,1049.0,100.0,589.0,589.0,0.0,476.0,476.0,0.0,713.0,713.0,0.0,1418.0,1418.0,0.0,1749.0,1749.0,0.0
2024-09-29,Sunday,0.0,14620.0,14896.0,11659.0,12678.0,14896.0,12189.0,33.8,4419.0,0.0,0.0,2719.0,5276.0,5206.0,70.0,1417.0,1417.0,0.0,1451.0,1451.0,0.0,1241.0,1056.0,185.0,569.0,569.0,0.0,496.0,496.0,0.0,908.0,908.0,0.0,1451.0,1416.0,35.0,1811.0,1811.0,0.0
2024-09-30,Monday,0.0,14845.0,15064.0,12189.0,13176.0,15064.0,11677.0,31.8,4073.0,0.0,0.0,2724.0,5427.0,5307.0,120.0,1384.0,1384.0,0.0,1396.0,1396.0,0.0,1271.0,1061.0,210.0,646.0,646.0,0.0,496.0,496.0,0.0,1002.0,1002.0,0.0,1393.0,1383.0,10.0,1831.0,1831.0,0.0
2024-10-01,Wednesday,10086.0,9693.0,10086.0,6495.0,9280.0,10086.0,6716.0,23.0,4332.0,189.0,0.0,2569.0,3625.0,3625.0,0.0,972.0,972.0,0.0,973.0,973.0,0.0,848.0,848.0,0.0,353.0,353.0,0.0,285.0,285.0,0.0,680.0,680.0,0.0,822.0,822.0,0.0,1136.0,1136.0,0.0
2024-10-02,Saturday,10645.0,10283.0,10615.0,6604.0,9394.0,10615.0,7140.0,27.4,2976.0,189.0,0.0,2181.0,3705.0,3705.0,0.0,1002.0,1002.0,0.0,1091.0,1091.0,0.0,925.0,905.0,20.0,383.0,383.0,0.0,285.0,285.0,0.0,768.0,768.0,0.0,886.0,886.0,0.0,1239.0,1230.0,9.0
2024-10-03,Sunday,12045.0,11575.0,11961.0,8334.0,11183.0,11961.0,8420.0,30.3,2873.0,159.0,200.0,1767.0,4312.0,4312.0,0.0,1100.0,1100.0,0.0,1255.0,1255.0,0.0,1031.0,951.0,80.0,395.0,395.0,0.0,300.0,300.0,0.0,839.0,839.0,0.0,986.0,986.0,0.0,1357.0,1357.0,0.0
2024-10-04,Wednesday,11948.0,11373.0,11948.0,8885.0,10049.0,11948.0,9132.0,35.4,1741.0,189.0,170.0,1952.0,3049.0,3049.0,0.0,1187.0,1187.0,0.0,1411.0,1411.0,0.0,1151.0,1151.0,0.0,483.0,483.0,0.0,400.0,400.0,0.0,922.0,922.0,0.0,1263.0,1263.0,0.0,1507.0,1507.0,0.0
2024-10-05,Friday,12787.0,12316.0,12787.0,9080.0,10639.0,12787.0,8796.0,34.8,702.0,0.0,200.0,2049.0,4289.0,4289.0,0.0,1225.0,1225.0,0.0,1362.0,1362.0,0.0,1020.0,1020.0,0.0,433.0,433.0,0.0,413.0,413.0,0.0,720.0,720.0,0.0,1336.0,1336.0,0.0,1518.0,1518.0,0.0
2024-10-06,Monday,15450.0,14842.0,15257.0,10963.0,13193.0,15257.0,12517.0,30.5,3439.0,0.0,115.0,1740.0,5195.0,5145.0,50.0,1470.0,1470.0,0.0,1616.0,1616.0,0.0,1262.0,1152.0,110.0,564.0,564.0,0.0,552.0,552.0,0.0,981.0,957.0,24.0,1369.0,1369.0,0.0,1834.0,1834.0,0.0
2024-10-07,Wednesday,15500.0,14725.0,14096.0,12361.0,12618.0,14096.0,12389.0,35.1,4173.0,79.0,64.0,2209.0,5306.0,4745.0,561.0,1419.0,1419.0,0.0,1572.0,1462.0,110.0,1231.0,1031.0,200.0,588.0,488.0,100.0,494.0,494.0,0.0,1055.0,935.0,120.0,1373.0,1123.0,250.0,1686.0,1686.0,0.0
2024-10-08,Saturday,14130.0,13653.0,13972.0,10927.0,11950.0,13972.0,11654.0,33.1,3482.0,296.0,18.0,1756.0,4924.0,4853.0,71.0,1185.0,1185.0,0.0,1430.0,1430.0,0.0,1193.0,1113.0,80.0,598.0,598.0,0.0,439.0,439.0,0.0,917.0,917.0,0.0,1242.0,1242.0,0.0,1725.0,1725.0,0.0
2024-10-09,Tuesday,15900.0,15218.0,14654.0,12321.0,12869.0,14650.0,12629.0,34.1,3761.0,85.0,0.0,3835.0,5407.0,5257.0,150.0,1362.0,1362.0,0.0,1660.0,1420.0,240.0,1307.0,1107.0,200.0,690.0,550.0,140.0,504.0,504.0,0.0,1036.0,862.0,174.0,1431.0,1141.0,290.0,1822.0,1822.0,0.0
2024-10-10,Thursday,0.0,13401.0,13804.0,10335.0,11785.0,13804.0,10527.0,32.8,4602.0,0.0,0.0,2984.0,4852.0,4832.0,20.0,1246.0,1246.0,0.0,1325.0,1325.0,0.0,1173.0,1101.0,72.0,575.0,575.0,0.0,428.0,428.0,0.0,877.0,877.0,0.0,1322.0,1322.0,0.0,1603.0,1603.0,0.0
2024-10-11,Sunday,0.0,11678.0,12195.0,8759.0,11126.0,12195.0,8891.0,32.5,4181.0,0.0,0.0,4858.0,4576.0,4576.0,0.0,1155.0,1155.0,0.0,1088.0,1088.0,0.0,908.0,908.0,0.0,458.0,458.0,0.0,353.0,353.0,0.0,662.0,662.0,0.0,1139.0,1139.0,0.0,1339.0,1339.0,0.0
2024-10-12,Tuesday,10406.0,10225.0,10406.0,6955.0,9549.0,10406.0,6771.0,26.2,4459.0,0.0,180.0,5582.0,3954.0,3954.0,0.0,992.0,992.0,0.0,968.0,968.0,0.0,878.0,878.0,0.0,372.0,372.0,0.0,290.0,290.0,0.0,731.0,731.0,0.0,869.0,869.0,0.0,1172.0,1172.0,0.0
2024-10-13,Sunday,13790.0,13286.0,13719.0,10710.0,11998.0,13719.0,10899.0,35.0,4619.0,0.0,0.0,2910.0,4833.0,4833.0,0.0,1234.0,1234.0,0.0,1340.0,1340.0,0.0,1166.0,1126.0,40.0,565.0,565.0,0.0,436.0,436.0,0.0,832.0,832.0,0.0,1280.0,1252.0,28.0,1601.0,1601.0,0.0
2024-10-14,Monday,14220.0,13544.0,14122.0,10899.0,12573.0,14122.0,10950.0,34.0,4544.0,0.0,0.0,2775.0,4906.0,4886.0,20.0,1282.0,1282.0,0.0,1365.0,1365.0,0.0,1156.0,1097.0,59.0,565.0,565.0,0.0,462.0,462.0,0.0,803.0,803.0,0.0,1361.0,1346.0,15.0,1645.0,1645.0,0.0
2024-10-15,Tuesday,14270.0,13633.0,14092.0,10950.0,12276.0,14092.0,11109.0,34.0,4583.0,0.0,0.0,2749.0,5050.0,4983.0,67.0,1257.0,1257.0,0.0,1377.0,1377.0,0.0,1132.0,1071.0,61.0,544.0,544.0,0.0,456.0,456.0,0.0,775.0,775.0,0.0,1348.0,1306.0,42.0,1694.0,1694.0,0.0
2024-10-16,Wednesday,0.0,13754.0,13863.0,11109.0,11984.0,13863.0,11344.0,32.6,4583.0,0.0,0.0,2667.0,5108.0,4961.0,147.0,1244.0,1244.0,0.0,1366.0,1366.0,0.0,1204.0,1047.0,157.0,567.0,567.0,0.0,447.0,447.0,0.0,813.0,813.0,0.0,1384.0,1258.0,126.0,1622.0,1616.0,6.0
2024-10-17,Thursday,0.0,13449.0,13818.0,11344.0,11757.0,13818.0,10182.0,31.5,4482.0,0.0,0.0,3182.0,5072.0,4994.0,78.0,1402.0,1402.0,0.0,1315.0,1315.0,0.0,1027.0,1027.0,0.0,591.0,591.0,0.0,390.0,390.0,0.0,788.0,788.0,0.0,1300.0,1300.0,0.0,1565.0,1565.0,0.0
2024-10-18,Friday,11814.0,11437.0,12197.0,10182.0,10995.0,11814.0,9957.0,31.0,4230.0,0.0,0.0,3050.0,3984.0,3984.0,0.0,1302.0,1302.0,0.0,1115.0,1115.0,0.0,873.0,873.0,0.0,508.0,508.0,0.0,405.0,405.0,0.0,659.0,659.0,0.0,1238.0,1238.0,0.0,1353.0,1353.0,0.0
2024-10-19,Saturday,13545.0,13051.0,13501.0,9957.0,11819.0,13501.0,10147.0,32.8,4562.0,0.0,0.0,3055.0,4939.0,4912.0,27.0,1318.0,1318.0,0.0,1243.0,1243.0,0.0,1057.0,1042.0,15.0,554.0,554.0,0.0,382.0,382.0,0.0,783.0,783.0,0.0,1280.0,1280.0,0.0,1495.0,1495.0,0.0
2024-10-20,Sunday,13730.0,13305.0,13654.0,10147.0,12174.0,13654.0,10246.0,33.1,4594.0,0.0,0.0,3052.0,5016.0,4981.0,35.0,1369.0,1369.0,0.0,1276.0,1276.0,0.0,1075.0,1037.0,38.0,570.0,570.0,0.0,396.0,396.0,0.0,801.0,801.0,0.0,1294.0,1294.0,0.0,1509.0,1509.0,0.0
2024-10-21,Monday,13900.0,13379.0,13785.0,10246.0,12143.0,13785.0,10536.0,33.4,4755.0,0.0,0.0,3042.0,5062.0,5030.0,32.0,1330.0,1330.0,0.0,1296.0,1296.0,0.0,1112.0,1034.0,78.0,570.0,570.0,0.0,396.0,396.0,0.0,808.0,808.0,0.0,1272.0,1272.0,0.0,1533.0,1533.0,0.0
2024-10-22,Tuesday,0.0,13669.0,13994.0,10536.0,12254.0,13994.0,11162.0,35.0,4879.0,0.0,0.0,3051.0,5095.0,5061.0,34.0,1283.0,1283.0,0.0,1324.0,1324.0,0.0,1167.0,1052.0,115.0,610.0,610.0,0.0,448.0,448.0,0.0,769.0,769.0,0.0,1388.0,1388.0,0.0,1586.0,1586.0,0.0
2024-10-23,Wednesday,13125.0,12986.0,13391.0,11162.0,12328.0,13391.0,9874.0,32.4,4839.0,0.0,0.0,3070.0,5087.0,5087.0,0.0,1295.0,1295.0,0.0,1068.0,1068.0,0.0,1081.0,1044.0,37.0,540.0,540.0,0.0,404.0,404.0,0.0,755.0,755.0,0.0,1309.0,1309.0,0.0,1448.0,1448.0,0.0
2024-10-24,Thursday,11009.0,11065.0,11358.0,9874.0,10943.0,11243.0,8574.0,27.8,4978.0,0.0,0.0,3162.0,4421.0,4421.0,0.0,1280.0,1280.0,0.0,1004.0,1004.0,0.0,816.0,816.0,0.0,442.0,442.0,0.0,261.0,261.0,0.0,698.0,698.0,0.0,935.0,935.0,0.0,1208.0,1208.0,0.0
2024-10-25,Friday,11329.0,10817.0,11329.0,8574.0,9989.0,11329.0,9122.0,32.5,4974.0,0.0,0.0,3357.0,3962.0,3962.0,0.0,1180.0,1180.0,0.0,893.0,893.0,0.0,943.0,943.0,0.0,536.0,536.0,0.0,374.0,374.0,0.0,533.0,533.0,0.0,1190.0,1190.0,0.0,1205.0,1205.0,0.0
2024-10-26,Saturday,0.0,12901.0,13296.0,9122.0,11199.0,13296.0,10402.0,33.5,4981.0,0.0,0.0,3327.0,4887.0,4848.0,39.0,1369.0,1369.0,0.0,1069.0,1069.0,0.0,1103.0,981.0,122.0,579.0,579.0,0.0,411.0,411.0,0.0,630.0,630.0,0.0,1320.0,1305.0,15.0,1534.0,1534.0,0.0
2024-10-27,Sunday,13820.0,13369.0,13638.0,10402.0,11771.0,13638.0,10552.0,33.4,4904.0,0.0,0.0,3152.0,5096.0,4972.0,124.0,1263.0,1263.0,0.0,1216.0,1216.0,0.0,1104.0,1054.0,50.0,578.0,578.0,0.0,439.0,439.0,0.0,726.0,726.0,0.0,1367.0,1367.0,0.0,1580.0,1580.0,0.0
2024-10-28,Monday,14000.0,13357.0,13404.0,10552.0,11920.0,13404.0,10626.0,34.0,4997.0,0.0,0.0,2974.0,5111.0,5081.0,30.0,1215.0,1215.0,0.0,1218.0,1153.0,65.0,1112.0,947.0,165.0,572.0,527.0,45.0,405.0,390.0,15.0,768.0,708.0,60.0,1346.0,1281.0,65.0,1610.0,1486.0,124.0
2024-10-29,Tuesday,14000.0,13370.0,13176.0,10626.0,11859.0,13176.0,10925.0,34.2,5005.0,0.0,0.0,2974.0,5200.0,5030.0,170.0,1229.0,1199.0,30.0,1242.0,1192.0,50.0,1057.0,927.0,130.0,574.0,514.0,60.0,432.0,390.0,42.0,775.0,715.0,60.0,1279.0,1154.0,125.0,1583.0,1463.0,120.0
2024-10-30,Wednesday,13900.0,13330.0,12933.0,10925.0,11700.0,12933.0,10591.0,33.8,5003.0,0.0,0.0,3003.0,5150.0,5065.0,85.0,1273.0,1178.0,95.0,1223.0,1083.0,140.0,1070.0,960.0,110.0,546.0,473.0,73.0,424.0,394.0,30.0,793.0,713.0,80.0,1287.0,1127.0,160.0,1563.0,1413.0,150.0
2024-10-31,Thursday,14000.0,13391.0,12638.0,10591.0,11812.0,12638.0,10425.0,33.7,4990.0,0.0,0.0,3024.0,5032.0,4874.0,158.0,1298.0,1074.0,224.0,1288.0,1124.0,164.0,1092.0,956.0,136.0,563.0,485.0,78.0,443.0,374.0,69.0,787.0,706.0,81.0,1316.0,1162.0,154.0,1572.0,1335.0,237.0
2024-10-31,Thursday,14000.0,13391.0,12638.0,10591.0,11812.0,12638.0,10425.0,33.7,4990.0,0.0,0.0,3024.0,5032.0,4874.0,158.0,1298.0,1074.0,224.0,1288.0,1124.0,164.0,1092.0,956.0,136.0,563.0,485.0,78.0,443.0,374.0,69.0,787.0,706.0,81.0,1316.0,1162.0,154.0,1572.0,1335.0,237.0
2024-11-01,Thursday,10280.0,9792.0,10280.0,6716.0,9530.0,10280.0,6656.0,22.6,4335.0,189.0,0.0,2569.0,3710.0,3710.0,0.0,975.0,975.0,0.0,970.0,970.0,0.0,858.0,858.0,0.0,355.0,355.0,0.0,288.0,288.0,0.0,670.0,670.0,0.0,808.0,808.0,0.0,1157.0,1157.0,0.0
2024-11-02,Sunday,10740.0,10305.0,10644.0,7140.0,10031.0,10644.0,7115.0,28.6,3018.0,189.0,0.0,2117.0,3780.0,3780.0,0.0,989.0,989.0,0.0,1041.0,1041.0,0.0,971.0,879.0,92.0,379.0,379.0,0.0,286.0,286.0,0.0,771.0,771.0,0.0,881.0,881.0,0.0,1207.0,1207.0,0.0
2024-11-03,Monday,12400.0,11862.0,12244.0,8420.0,11155.0,12244.0,8544.0,31.9,2905.0,159.0,200.0,1750.0,4376.0,4376.0,0.0,1127.0,1127.0,0.0,1272.0,1272.0,0.0,1086.0,937.0,149.0,420.0,420.0,0.0,324.0,324.0,0.0,858.0,858.0,0.0,1005.0,1005.0,0.0,1394.0,1394.0,0.0
2024-11-04,Thursday,10929.0,10333.0,11049.0,8472.0,8894.0,10929.0,8664.0,36.0,1822.0,159.0,230.0,1906.0,2799.0,2799.0,0.0,947.0,947.0,0.0,1208.0,1208.0,0.0,1051.0,1051.0,0.0,503.0,503.0,0.0,394.0,394.0,0.0,732.0,732.0,0.0,1297.0,1297.0,0.0,1403.0,1403.0,0.0
2024-11-05,Saturday,13341.0,12816.0,13341.0,8796.0,10559.0,13341.0,10196.0,31.4,709.0,0.0,200.0,1997.0,4717.0,4717.0,0.0,1159.0,1159.0,0.0,1414.0,1414.0,0.0,1111.0,1111.0,0.0,505.0,505.0,0.0,320.0,320.0,0.0,985.0,985.0,0.0,1154.0,1154.0,0.0,1451.0,1451.0,0.0
2024-11-06,Tuesday,16700.0,16019.0,15798.0,12517.0,14167.0,15798.0,12936.0,36.5,3734.0,0.0,115.0,1740.0,5721.0,5536.0,185.0,1577.0,1429.0,148.0,1669.0,1669.0,0.0,1309.0,1024.0,285.0,632.0,632.0,0.0,520.0,520.0,0.0,1015.0,967.0,48.0,1523.0,1338.0,185.0,2053.0,2043.0,10.0
2024-11-07,Thursday,14350.0,13800.0,13911.0,12312.0,12870.0,13911.0,10824.0,34.4,4098.0,77.0,64.0,2033.0,5173.0,4973.0,200.0,1414.0,1414.0,0.0,1136.0,1136.0,0.0,1066.0,956.0,110.0,602.0,583.0,19.0,487.0,487.0,0.0,732.0,732.0,0.0,1426.0,1336.0,90.0,1765.0,1765.0,0.0
2024-11-08,Sunday,14500.0,13864.0,14167.0,11654.0,12782.0,14167.0,11810.0,32.0,4162.0,297.0,18.0,2491.0,4950.0,4832.0,118.0,1317.0,1317.0,0.0,1466.0,1466.0,0.0,1224.0,1024.0,200.0,594.0,594.0,0.0,452.0,452.0,0.0,931.0,931.0,0.0,1228.0,1228.0,0.0,1704.0,1704.0,0.0
2024-11-09,Wednesday,15900.0,15097.0,14811.0,12515.0,12861.0,14811.0,12688.0,34.6,3735.0,85.0,0.0,3249.0,5466.0,5175.0,291.0,1310.0,1310.0,0.0,1588.0,1443.0,145.0,1309.0,1094.0,215.0,667.0,569.0,98.0,501.0,501.0,0.0,955.0,860.0,95.0,1456.0,1260.0,196.0,1846.0,1846.0,0.0
2024-11-10,Friday,12635.0,12096.0,12798.0,10527.0,11253.0,12635.0,10039.0,34.0,4840.0,0.0,0.0,2841.0,3885.0,3885.0,0.0,1229.0,1229.0,0.0,1308.0,1308.0,0.0,1067.0,1067.0,0.0,465.0,465.0,0.0,452.0,452.0,0.0,780.0,780.0,0.0,1308.0,1308.0,0.0,1602.0,1602.0,0.0
2024-11-11,Monday,0.0,11886.0,12314.0,8891.0,10878.0,12314.0,9198.0,33.0,3627.0,0.0,0.0,5004.0,4516.0,4516.0,0.0,1325.0,1325.0,0.0,1061.0,1061.0,0.0,902.0,902.0,0.0,466.0,466.0,0.0,371.0,364.0,7.0,643.0,643.0,0.0,1265.0,1228.0,37.0,1337.0,1337.0,0.0
2024-11-12,Wednesday,10162.0,9978.0,10162.0,6771.0,9155.0,10162.0,6734.0,25.4,4415.0,0.0,190.0,5483.0,3842.0,3842.0,0.0,962.0,962.0,0.0,980.0,980.0,0.0,844.0,844.0,0.0,354.0,354.0,0.0,290.0,290.0,0.0,725.0,725.0,0.0,840.0,840.0,0.0,1140.0,1140.0,0.0
2024-11-13,Wednesday,12414.0,12047.0,12414.0,8836.0,11037.0,12414.0,8748.0,31.5,3562.0,0.0,96.0,4716.0,4780.0,4780.0,0.0,1227.0,1227.0,0.0,1094.0,1094.0,0.0,964.0,964.0,0.0,484.0,484.0,0.0,329.0,329.0,0.0,724.0,724.0,0.0,1115.0,1115.0,0.0,1330.0,1330.0,0.0
2024-11-14,Thursday,11705.0,11877.0,12251.0,8748.0,10905.0,12251.0,8351.0,31.8,3490.0,0.0,96.0,4711.0,4787.0,4787.0,0.0,1282.0,1282.0,0.0,1042.0,1042.0,0.0,866.0,866.0,0.0,457.0,457.0,0.0,337.0,337.0,0.0,723.0,723.0,0.0,1100.0,1100.0,0.0,1283.0,1283.0,0.0
2024-11-16,Saturday,0.0,11017.0,11246.0,7630.0,9431.0,11246.0,7794.0,30.5,3620.0,0.0,135.0,4699.0,4270.0,4270.0,0.0,1126.0,1126.0,0.0,981.0,981.0,0.0,922.0,922.0,0.0,447.0,447.0,0.0,335.0,335.0,0.0,682.0,682.0,0.0,1050.0,1050.0,0.0,1204.0,1204.0,0.0
2024-11-16,Saturday,0.0,10817.0,11186.0,7794.0,9858.0,11186.0,7425.0,30.4,3636.0,0.0,140.0,4733.0,4239.0,4239.0,0.0,1142.0,1142.0,0.0,947.0,947.0,0.0,871.0,871.0,0.0,424.0,424.0,0.0,304.0,304.0,0.0,714.0,714.0,0.0,1001.0,1001.0,0.0,1176.0,1176.0,0.0
2024-11-18,Monday,10690.0,10759.0,10934.0,7425.0,9704.0,10934.0,7562.0,30.1,3651.0,0.0,150.0,4739.0,4263.0,4263.0,0.0,1097.0,1097.0,0.0,962.0,962.0,0.0,890.0,890.0,0.0,426.0,426.0,0.0,293.0,293.0,0.0,729.0,729.0,0.0,955.0,955.0,0.0,1144.0,1144.0,0.0
2024-11-19,Tuesday,11273.0,10844.0,11273.0,7562.0,9599.0,11273.0,7657.0,30.4,3821.0,0.0,138.0,4104.0,4300.0,4300.0,0.0,1111.0,1111.0,0.0,957.0,957.0,0.0,867.0,867.0,0.0,423.0,423.0,0.0,299.0,299.0,0.0,736.0,736.0,0.0,960.0,960.0,0.0,1191.0,1191.0,0.0
2024-11-20,Wednesday,0.0,10832.0,11087.0,7657.0,9693.0,11087.0,7499.0,30.7,4289.0,0.0,138.0,4269.0,4240.0,4240.0,0.0,1123.0,1123.0,0.0,985.0,985.0,0.0,851.0,851.0,0.0,444.0,444.0,0.0,301.0,301.0,0.0,733.0,733.0,0.0,981.0,981.0,0.0,1175.0,1175.0,0.0
2024-11-21,Thursday,10589.0,10758.0,11166.0,7499.0,9875.0,11166.0,7259.0,30.5,4230.0,0.0,137.0,3866.0,4249.0,4249.0,0.0,1131.0,1131.0,0.0,973.0,973.0,0.0,850.0,850.0,0.0,419.0,419.0,0.0,297.0,297.0,0.0,707.0,707.0,0.0,945.0,945.0,0.0,1187.0,1187.0,0.0
2024-11-22,Friday,9036.0,8888.0,9183.0,7259.0,8530.0,9183.0,6915.0,29.8,4018.0,0.0,134.0,4256.0,3234.0,3234.0,0.0,912.0,912.0,0.0,864.0,864.0,0.0,772.0,772.0,0.0,348.0,348.0,0.0,267.0,267.0,0.0,626.0,626.0,0.0,815.0,815.0,0.0,1051.0,1051.0,0.0
2024-11-23,Saturday,0.0,10055.0,10471.0,6915.0,8993.0,10471.0,7309.0,29.2,4143.0,0.0,136.0,4360.0,3957.0,3957.0,0.0,1017.0,1017.0,0.0,921.0,921.0,0.0,803.0,803.0,0.0,380.0,380.0,0.0,301.0,301.0,0.0,647.0,647.0,0.0,931.0,931.0,0.0,1098.0,1098.0,0.0
2024-11-24,Sunday,0.0,10395.0,10624.0,7309.0,9361.0,10624.0,7125.0,29.5,4160.0,0.0,134.0,5090.0,4017.0,4017.0,0.0,1159.0,1159.0,0.0,952.0,952.0,0.0,834.0,834.0,0.0,377.0,377.0,0.0,294.0,294.0,0.0,710.0,710.0,0.0,916.0,916.0,0.0,1136.0,1136.0,0.0
2024-11-25,Monday,0.0,10314.0,10545.0,7125.0,9398.0,10545.0,7150.0,28.2,4186.0,0.0,134.0,4602.0,4038.0,4038.0,0.0,1094.0,1094.0,0.0,953.0,953.0,0.0,809.0,809.0,0.0,379.0,379.0,0.0,287.0,287.0,0.0,711.0,711.0,0.0,910.0,910.0,0.0,1133.0,1133.0,0.0
2024-11-26,Tuesday,10440.0,10440.0,10676.0,7150.0,9465.0,10676.0,7131.0,29.2,3981.0,0.0,134.0,4616.0,4103.0,4103.0,0.0,1043.0,1043.0,0.0,957.0,957.0,0.0,845.0,845.0,0.0,404.0,404.0,0.0,284.0,284.0,0.0,723.0,723.0,0.0,923.0,923.0,0.0,1159.0,1159.0,0.0
2024-11-27,Wednesday,0.0,10439.0,10666.0,7131.0,9652.0,10666.0,7235.0,29.1,3690.0,0.0,134.0,4413.0,4236.0,4236.0,0.0,990.0,990.0,0.0,954.0,954.0,0.0,849.0,849.0,0.0,390.0,390.0,0.0,291.0,291.0,0.0,667.0,667.0,0.0,910.0,910.0,0.0,1153.0,1153.0,0.0
2024-11-30,Saturday,0.0,10601.0,10812.0,7064.0,9424.0,10812.0,7244.0,30.7,3977.0,0.0,136.0,4424.0,4053.0,4053.0,0.0,1171.0,1171.0,0.0,953.0,953.0,0.0,859.0,859.0,0.0,415.0,415.0,0.0,313.0,313.0,0.0,740.0,740.0,0.0,952.0,952.0,0.0,1146.0,1146.0,0.0
2024-12-01,Friday,9084.0,8667.0,9589.0,6656.0,8852.0,9084.0,6118.0,18.5,4043.0,189.0,0.0,2309.0,2990.0,2990.0,0.0,881.0,881.0,0.0,898.0,898.0,0.0,811.0,811.0,0.0,333.0,333.0,0.0,277.0,277.0,0.0,616.0,616.0,0.0,785.0,785.0,0.0,1077.0,1077.0,0.0
2024-12-02,Monday,10900.0,10417.0,10798.0,7115.0,10051.0,10798.0,7288.0,29.3,2971.0,189.0,0.0,2116.0,3840.0,3840.0,0.0,989.0,989.0,0.0,1101.0,1101.0,0.0,954.0,857.0,97.0,373.0,373.0,0.0,285.0,285.0,0.0,777.0,777.0,0.0,890.0,890.0,0.0,1209.0,1209.0,0.0
2024-12-03,Tuesday,12300.0,11684.0,12206.0,8544.0,11355.0,12206.0,9209.0,33.1,2921.0,159.0,200.0,1726.0,4323.0,4323.0,0.0,1083.0,1083.0,0.0,1160.0,1160.0,0.0,1078.0,988.0,90.0,407.0,407.0,0.0,356.0,356.0,0.0,791.0,791.0,0.0,1056.0,1056.0,0.0,1430.0,1430.0,0.0
2024-12-04,Friday,11762.0,11230.0,11987.0,8664.0,9637.0,11762.0,9604.0,36.9,1464.0,159.0,200.0,1967.0,2895.0,2895.0,0.0,1129.0,1129.0,0.0,1418.0,1418.0,0.0,1149.0,1149.0,0.0,507.0,507.0,0.0,416.0,416.0,0.0,843.0,843.0,0.0,1314.0,1314.0,0.0,1560.0,1560.0,0.0
2024-12-05,Sunday,14202.0,13572.0,14165.0,10196.0,12356.0,14165.0,10826.0,34.2,702.0,0.0,200.0,1871.0,4892.0,4892.0,0.0,1419.0,1419.0,0.0,1454.0,1454.0,0.0,1150.0,1115.0,35.0,578.0,578.0,0.0,357.0,357.0,0.0,951.0,951.0,0.0,1244.0,1244.0,0.0,1527.0,1527.0,0.0
2024-12-06,Wednesday,16450.0,15780.0,15726.0,12936.0,13954.0,15708.0,12555.0,35.9,3599.0,0.0,118.0,1735.0,5607.0,5397.0,210.0,1479.0,1379.0,100.0,1744.0,1744.0,0.0,1249.0,1010.0,239.0,692.0,692.0,0.0,511.0,511.0,0.0,1016.0,916.0,100.0,1482.0,1432.0,50.0,1999.0,1989.0,10.0
2024-12-07,Friday,13587.0,13022.0,13801.0,10668.0,11263.0,13587.0,11407.0,31.0,3985.0,78.0,34.0,1918.0,4379.0,4379.0,0.0,1251.0,1251.0,0.0,1425.0,1425.0,0.0,1131.0,1131.0,0.0,572.0,572.0,0.0,436.0,436.0,0.0,884.0,884.0,0.0,1296.0,1296.0,0.0,1649.0,1649.0,0.0
2024-12-08,Monday,14550.0,13984.0,14219.0,11810.0,12880.0,14219.0,11934.0,33.0,4128.0,298.0,19.0,2495.0,4944.0,4904.0,40.0,1277.0,1277.0,0.0,1416.0,1416.0,0.0,1231.0,1026.0,205.0,563.0,563.0,0.0,454.0,454.0,0.0,969.0,918.0,51.0,1356.0,1336.0,20.0,1775.0,1775.0,0.0
2024-12-09,Thursday,15300.0,14803.0,14826.0,12649.0,13260.0,14826.0,11980.0,36.5,3526.0,85.0,0.0,3137.0,5550.0,5415.0,135.0,1077.0,1077.0,0.0,1703.0,1668.0,35.0,1255.0,1085.0,170.0,722.0,722.0,0.0,421.0,421.0,0.0,908.0,855.0,53.0,1393.0,1333.0,60.0,1775.0,1775.0,0.0
2024-12-10,Saturday,0.0,13430.0,13950.0,10039.0,12025.0,13950.0,10710.0,32.5,4619.0,0.0,0.0,2898.0,4790.0,4790.0,0.0,1235.0,1235.0,0.0,1362.0,1362.0,0.0,1177.0,1120.0,57.0,554.0,554.0,0.0,447.0,447.0,0.0,868.0,868.0,0.0,1371.0,1371.0,0.0,1625.0,1625.0,0.0
2024-12-11,Tuesday,12505.0,11935.0,12505.0,9198.0,10768.0,12505.0,8836.0,32.9,3050.0,0.0,150.0,4779.0,4690.0,4690.0,0.0,1256.0,1256.0,0.0,1070.0,1070.0,0.0,915.0,915.0,0.0,472.0,472.0,0.0,358.0,358.0,0.0,690.0,690.0,0.0,1175.0,1175.0,0.0,1308.0,1308.0,0.0
2024-12-12,Thursday,10354.0,10063.0,10354.0,6734.0,9207.0,10354.0,6590.0,21.2,4679.0,0.0,190.0,4929.0,3903.0,3903.0,0.0,974.0,974.0,0.0,955.0,955.0,0.0,823.0,823.0,0.0,362.0,362.0,0.0,292.0,292.0,0.0,695.0,695.0,0.0,900.0,900.0,0.0,1160.0,1160.0,0.0
2024-12-13,Friday,8931.0,8619.0,9396.0,6590.0,8609.0,8931.0,6258.0,25.4,4736.0,0.0,190.0,5185.0,3014.0,3014.0,0.0,874.0,874.0,0.0,882.0,882.0,0.0,781.0,781.0,0.0,328.0,328.0,0.0,263.0,263.0,0.0,661.0,661.0,0.0,759.0,759.0,0.0,1057.0,1057.0,0.0
2024-12-14,Saturday,10123.0,9871.0,10123.0,6258.0,8976.0,10123.0,6617.0,24.8,3462.0,0.0,190.0,5333.0,3813.0,3813.0,0.0,977.0,977.0,0.0,946.0,946.0,0.0,807.0,807.0,0.0,367.0,367.0,0.0,296.0,296.0,0.0,737.0,737.0,0.0,847.0,847.0,0.0,1081.0,1081.0,0.0
2024-12-15,Sunday,10291.0,10092.0,10291.0,6617.0,9450.0,10291.0,6569.0,26.7,3704.0,0.0,190.0,5887.0,3808.0,3808.0,0.0,1021.0,1021.0,0.0,1001.0,1001.0,0.0,851.0,851.0,0.0,357.0,357.0,0.0,277.0,277.0,0.0,748.0,748.0,0.0,863.0,863.0,0.0,1166.0,1166.0,0.0
2024-12-16,Monday,8653.0,8473.0,8653.0,6569.0,8054.0,8653.0,6024.0,28.2,2972.0,0.0,190.0,6414.0,2704.0,2704.0,0.0,825.0,825.0,0.0,932.0,932.0,0.0,801.0,801.0,0.0,341.0,341.0,0.0,278.0,278.0,0.0,691.0,691.0,0.0,796.0,796.0,0.0,1105.0,1105.0,0.0
2024-12-18,Wednesday,10454.0,9894.0,10454.0,6975.0,9480.0,10454.0,7031.0,27.9,2824.0,0.0,190.0,6040.0,3758.0,3758.0,0.0,1065.0,1065.0,0.0,961.0,961.0,0.0,813.0,813.0,0.0,372.0,372.0,0.0,290.0,290.0,0.0,657.0,657.0,0.0,853.0,853.0,0.0,1126.0,1126.0,0.0
2024-12-21,Saturday,10282.0,9840.0,10282.0,6512.0,8792.0,10282.0,6909.0,22.7,3103.0,0.0,190.0,5826.0,3739.0,3739.0,0.0,948.0,948.0,0.0,968.0,968.0,0.0,853.0,853.0,0.0,359.0,359.0,0.0,323.0,323.0,0.0,649.0,649.0,0.0,889.0,889.0,0.0,1112.0,1112.0,0.0
2024-12-22,Sunday,10614.0,10212.0,10614.0,6909.0,9688.0,10614.0,6945.0,26.5,3177.0,0.0,190.0,5821.0,3972.0,3972.0,0.0,982.0,982.0,0.0,978.0,978.0,0.0,841.0,841.0,0.0,358.0,358.0,0.0,290.0,290.0,0.0,730.0,730.0,0.0,873.0,873.0,0.0,1188.0,1188.0,0.0
2024-12-23,Monday,10454.0,10273.0,10454.0,6945.0,9411.0,10454.0,7010.0,27.2,3341.0,0.0,190.0,6580.0,4004.0,4004.0,0.0,1014.0,1014.0,0.0,971.0,971.0,0.0,873.0,873.0,0.0,367.0,367.0,0.0,304.0,304.0,0.0,726.0,726.0,0.0,855.0,855.0,0.0,1160.0,1160.0,0.0
2024-12-25,Wednesday,10341.0,10101.0,10341.0,6910.0,9712.0,10341.0,6950.0,26.7,2964.0,0.0,190.0,6296.0,3886.0,3886.0,0.0,994.0,994.0,0.0,961.0,961.0,0.0,864.0,864.0,0.0,365.0,365.0,0.0,289.0,289.0,0.0,710.0,710.0,0.0,882.0,882.0,0.0,1150.0,1150.0,0.0
2024-12-28,Saturday,10411.0,10010.0,10411.0,6518.0,8685.0,10411.0,7009.0,28.1,2903.0,0.0,205.0,5424.0,3798.0,3798.0,0.0,1014.0,1014.0,0.0,949.0,949.0,0.0,838.0,838.0,0.0,364.0,364.0,0.0,299.0,299.0,0.0,688.0,688.0,0.0,891.0,891.0,0.0,1170.0,1170.0,0.0
2024-12-29,Sunday,10501.0,9964.0,10501.0,7009.0,9900.0,10501.0,7106.0,28.2,2914.0,0.0,184.0,5427.0,3891.0,3891.0,0.0,961.0,961.0,0.0,965.0,965.0,0.0,829.0,829.0,0.0,348.0,348.0,0.0,293.0,293.0,0.0,643.0,643.0,0.0,884.0,884.0,0.0,1150.0,1150.0,0.0
2024-12-30,Monday,10613.0,10332.0,10613.0,7106.0,9932.0,10613.0,7101.0,28.5,2928.0,0.0,205.0,5418.0,4031.0,4031.0,0.0,1036.0,1036.0,0.0,967.0,967.0,0.0,855.0,855.0,0.0,360.0,360.0,0.0,293.0,293.0,0.0,706.0,706.0,0.0,879.0,879.0,0.0,1205.0,1205.0,0.0
2028-11-28,Thursday,10497.0,10524.0,10800.0,7235.0,9675.0,10800.0,7303.0,30.7,4066.0,0.0,134.0,4502.0,4215.0,4215.0,0.0,1075.0,1075.0,0.0,945.0,945.0,0.0,840.0,840.0,0.0,394.0,394.0,0.0,281.0,281.0,0.0,682.0,682.0,0.0,921.0,921.0,0.0,1171.0,1171.0,0.0
2028-11-29,Friday,0.0,9029.0,9366.0,7303.0,8936.0,9366.0,7064.0,31.7,4042.0,0.0,180.0,4597.0,3324.0,3324.0,0.0,1048.0,1048.0,0.0,840.0,840.0,0.0,738.0,738.0,0.0,360.0,360.0,0.0,282.0,282.0,0.0,575.0,575.0,0.0,827.0,827.0,0.0,1035.0,1035.0,0.0
2028-12-18,Tuesday,10320.0,9896.0,10320.0,6024.0,9387.0,10320.0,6975.0,29.6,2924.0,0.0,190.0,6298.0,3648.0,3648.0,0.0,1110.0,1110.0,0.0,972.0,972.0,0.0,835.0,835.0,0.0,370.0,370.0,0.0,300.0,300.0,0.0,665.0,665.0,0.0,859.0,859.0,0.0,1138.0,1138.0,0.0
2028-12-20,Thursday,10513.0,10235.0,10513.0,7031.0,9782.0,10513.0,6989.0,27.0,3047.0,0.0,190.0,5763.0,3930.0,3930.0,0.0,1063.0,1063.0,0.0,993.0,993.0,0.0,855.0,855.0,0.0,369.0,369.0,0.0,295.0,295.0,0.0,709.0,709.0,0.0,849.0,849.0,0.0,1172.0,1172.0,0.0
2028-12-20,Friday,9144.0,8866.0,9235.0,6989.0,8835.0,9144.0,6512.0,27.0,3373.0,0.0,190.0,5854.0,3079.0,3079.0,0.0,960.0,960.0,0.0,968.0,968.0,0.0,778.0,778.0,0.0,336.0,336.0,0.0,277.0,277.0,0.0,622.0,622.0,0.0,799.0,799.0,0.0,1047.0,1047.0,0.0
2028-12-24,Tuesday,10482.0,10263.0,10482.0,7010.0,9563.0,10482.0,6910.0,26.9,2886.0,0.0,190.0,6139.0,3891.0,3891.0,0.0,1064.0,1064.0,0.0,965.0,965.0,0.0,869.0,869.0,0.0,364.0,364.0,0.0,296.0,296.0,0.0,717.0,717.0,0.0,913.0,913.0,0.0,1184.0,1184.0,0.0
2028-12-26,Thursday,10424.0,10271.0,10424.0,6950.0,9856.0,10424.0,6981.0,28.5,2904.0,0.0,190.0,5986.0,3958.0,3958.0,0.0,1068.0,1068.0,0.0,964.0,964.0,0.0,863.0,863.0,0.0,352.0,352.0,0.0,297.0,297.0,0.0,707.0,707.0,0.0,889.0,889.0,0.0,1173.0,1173.0,0.0
2028-12-27,Friday,9091.0,8619.0,9293.0,6981.0,8937.0,9091.0,6518.0,28.0,2965.0,0.0,190.0,5974.0,3013.0,3013.0,0.0,868.0,868.0,0.0,880.0,880.0,0.0,750.0,750.0,0.0,336.0,336.0,0.0,283.0,283.0,0.0,627.0,627.0,0.0,789.0,789.0,0.0,1074.0,1074.0,0.0
