Actual data of,Demand_Lag7,Cumilla_load,Coal supply Limitation,Barishal_load,Mymensingh_load,Demand_Lag2,Khulna_load,Rangpur_load,Sylhet_load,Rajshahi_load,Dhaka_load,Demand_Lag1,Low water level in Kaptai lake,Month,Demand_Rolling7_Mean,Gas/LF limitation,Max. Demand at eve. peak (Generation end),IsWeekend,Regional_Demand_PCA,Chattogram_load,DayOfWeek
2019-07-12,8436.0,0.0,0.0,0.0,0.0,8692.0,0.0,0.0,0.0,0.0,0.0,7568.0,0.0,7,8464.714285714286,1076.0,8538.0,1,-5.6654663148449815,0.0,4
2019-08-12,8778.0,0.0,0.0,0.0,0.0,7568.0,0.0,0.0,0.0,0.0,0.0,8538.0,0.0,8,8479.285714285714,1116.0,8619.0,0,-5.469648758185026,0.0,0
2019-09-12,8542.0,0.0,0.0,0.0,0.0,8538.0,0.0,0.0,0.0,0.0,0.0,8619.0,150.0,9,8456.57142857143,1230.0,8721.0,0,-5.434905155100486,0.0,3
2019-10-12,8529.0,0.0,0.0,0.0,0.0,8619.0,0.0,0.0,0.0,0.0,0.0,8721.0,150.0,10,8482.142857142857,1228.0,8538.0,1,-5.387216005756757,0.0,5
2019-11-12,8708.0,0.0,0.0,0.0,0.0,8721.0,0.0,0.0,0.0,0.0,0.0,8538.0,150.0,11,8483.42857142857,1212.0,8528.0,0,-5.417769890922017,0.0,1
2019-11-21,8692.0,0.0,0.0,0.0,0.0,8538.0,0.0,0.0,0.0,0.0,0.0,8528.0,0.0,11,8457.714285714286,1349.0,8785.0,0,-5.508208888909403,0.0,3
2019-11-22,7568.0,0.0,0.0,0.0,0.0,8528.0,0.0,0.0,0.0,0.0,0.0,8785.0,0.0,11,8471.0,1164.0,7886.0,1,-6.20789136725739,0.0,4
2019-11-23,8538.0,0.0,0.0,0.0,0.0,8785.0,0.0,0.0,0.0,0.0,0.0,7886.0,0.0,11,8516.42857142857,1114.0,8827.0,1,-5.451595443172649,0.0,5
2019-11-24,8619.0,0.0,0.0,0.0,0.0,7886.0,0.0,0.0,0.0,0.0,0.0,8827.0,0.0,11,8557.714285714286,1204.0,8855.0,0,-5.398640694473022,0.0,6
2019-11-25,8721.0,0.0,0.0,0.0,0.0,8827.0,0.0,0.0,0.0,0.0,0.0,8855.0,0.0,11,8591.42857142857,1255.0,8982.0,0,-5.171416380307642,0.0,0
2019-11-26,8538.0,0.0,0.0,0.0,0.0,8855.0,0.0,0.0,0.0,0.0,0.0,8982.0,0.0,11,8628.714285714286,1168.0,8904.0,0,-5.11467843379218,0.0,1
2019-11-27,8528.0,0.0,0.0,0.0,0.0,8982.0,0.0,0.0,0.0,0.0,0.0,8904.0,0.0,11,8681.0,1163.0,9185.0,0,-4.965215028045479,0.0,2
2019-11-28,8785.0,0.0,0.0,0.0,0.0,8904.0,0.0,0.0,0.0,0.0,0.0,9185.0,0.0,11,8774.857142857143,1198.0,9051.0,0,-4.936127095139634,0.0,3
2019-11-29,7886.0,0.0,0.0,0.0,0.0,9185.0,0.0,0.0,0.0,0.0,0.0,9051.0,0.0,11,8812.857142857143,1118.0,8049.0,1,-5.906158159539133,0.0,4
2019-11-30,8827.0,0.0,0.0,0.0,0.0,9051.0,0.0,0.0,0.0,0.0,0.0,8049.0,0.0,11,8836.142857142857,1130.0,8989.0,1,-5.155560805537215,0.0,5
2019-12-12,8855.0,0.0,0.0,0.0,0.0,8049.0,0.0,0.0,0.0,0.0,0.0,8989.0,150.0,12,8859.285714285714,1092.0,8622.0,0,-5.398872811510928,0.0,3
2019-12-13,8982.0,0.0,0.0,0.0,0.0,8989.0,0.0,0.0,0.0,0.0,0.0,8622.0,150.0,12,8826.0,1237.0,7568.0,1,-6.386830821552468,0.0,4
2019-12-14,8904.0,0.0,0.0,0.0,0.0,8622.0,0.0,0.0,0.0,0.0,0.0,7568.0,149.0,12,8624.0,1080.0,8523.0,1,-5.62361466730666,0.0,5
2019-12-15,9185.0,0.0,0.0,0.0,0.0,7568.0,0.0,0.0,0.0,0.0,0.0,8523.0,148.0,12,8569.57142857143,1168.0,8517.0,0,-5.674392028461517,0.0,6
2019-12-16,9051.0,0.0,0.0,0.0,0.0,8523.0,0.0,0.0,0.0,0.0,0.0,8517.0,149.0,12,8474.142857142857,1172.0,7443.0,0,-6.648341100636206,0.0,0
2019-12-17,8049.0,0.0,0.0,0.0,0.0,8517.0,0.0,0.0,0.0,0.0,0.0,7443.0,147.0,12,8244.42857142857,1160.0,8445.0,0,-5.8788360383180285,0.0,1
2019-12-18,8989.0,0.0,0.0,0.0,0.0,7443.0,0.0,0.0,0.0,0.0,0.0,8445.0,147.0,12,8301.0,1490.0,8479.0,0,-5.713915568202546,0.0,2
2019-12-19,8622.0,0.0,0.0,0.0,0.0,8445.0,0.0,0.0,0.0,0.0,0.0,8479.0,148.0,12,8228.142857142857,1357.0,8487.0,0,-5.634203211580674,0.0,3
2019-12-20,7568.0,0.0,0.0,0.0,0.0,8479.0,0.0,0.0,0.0,0.0,0.0,8487.0,148.0,12,8208.857142857143,1403.0,7597.0,1,-6.486942557620832,0.0,4
2019-12-21,8523.0,0.0,0.0,0.0,0.0,8487.0,0.0,0.0,0.0,0.0,0.0,7597.0,148.0,12,8213.0,1257.0,8364.0,1,-5.660221335595769,0.0,5
2019-12-22,8517.0,0.0,0.0,0.0,0.0,7597.0,0.0,0.0,0.0,0.0,0.0,8364.0,150.0,12,8190.285714285715,1307.0,8600.0,0,-5.5680503518023965,0.0,6
2019-12-23,7443.0,0.0,0.0,0.0,0.0,8364.0,0.0,0.0,0.0,0.0,0.0,8600.0,144.0,12,8202.142857142857,1389.0,8483.0,0,-5.7281338990119,0.0,0
2019-12-24,8445.0,0.0,0.0,0.0,0.0,8600.0,0.0,0.0,0.0,0.0,0.0,8483.0,147.0,12,8350.714285714286,1369.0,8636.0,0,-5.601773960697782,0.0,1
2019-12-25,8479.0,0.0,0.0,0.0,0.0,8483.0,0.0,0.0,0.0,0.0,0.0,8636.0,186.0,12,8378.0,1408.0,8573.0,0,-5.6935938363862215,0.0,2
2019-12-26,8487.0,0.0,0.0,0.0,0.0,8636.0,0.0,0.0,0.0,0.0,0.0,8573.0,186.0,12,8391.42857142857,1429.0,8555.0,0,-5.6814180419391125,0.0,3
2019-12-27,7597.0,0.0,0.0,0.0,0.0,8573.0,0.0,0.0,0.0,0.0,0.0,8555.0,189.0,12,8401.142857142857,1404.0,7601.0,1,-6.665278419926954,0.0,4
2019-12-28,8364.0,0.0,0.0,0.0,0.0,8555.0,0.0,0.0,0.0,0.0,0.0,7601.0,186.0,12,8401.714285714286,1469.0,8711.0,1,-5.611263981886653,0.0,5
2019-12-29,8600.0,0.0,0.0,0.0,0.0,7601.0,0.0,0.0,0.0,0.0,0.0,8711.0,190.0,12,8451.285714285714,1299.0,8567.0,0,-5.675119573151774,0.0,6
2019-12-30,8483.0,0.0,0.0,0.0,0.0,8711.0,0.0,0.0,0.0,0.0,0.0,8567.0,185.0,12,8446.57142857143,1304.0,8702.0,0,-5.3597368602605595,0.0,0
2019-12-31,8636.0,0.0,0.0,0.0,0.0,8567.0,0.0,0.0,0.0,0.0,0.0,8702.0,185.0,12,8477.857142857143,1329.0,8667.0,0,-5.34288026813802,0.0,1
2020-01-01,8573.0,0.0,170.0,0.0,0.0,8702.0,0.0,0.0,0.0,0.0,0.0,8667.0,185.0,1,8482.285714285714,3710.0,7934.0,0,-5.645778744150015,0.0,2
2020-01-02,8555.0,0.0,0.0,0.0,0.0,8667.0,0.0,0.0,0.0,0.0,0.0,7934.0,150.0,1,8391.0,1380.0,8731.0,0,-5.4021403543685595,0.0,3
2020-01-03,7601.0,0.0,0.0,0.0,0.0,7934.0,0.0,0.0,0.0,0.0,0.0,8731.0,162.0,1,8416.142857142857,1750.0,9719.0,1,-4.584143409487528,0.0,4
2020-01-04,8711.0,0.0,0.0,0.0,0.0,8731.0,0.0,0.0,0.0,0.0,0.0,9719.0,159.0,1,8718.714285714286,1099.0,10113.0,1,-2.6503770260153487,0.0,5
2020-01-05,8567.0,0.0,170.0,0.0,0.0,9719.0,0.0,0.0,0.0,0.0,0.0,10113.0,195.0,1,8919.0,1059.0,8056.0,0,-4.738407959342553,0.0,6
2020-01-06,8702.0,0.0,170.0,0.0,0.0,10113.0,0.0,0.0,0.0,0.0,0.0,8056.0,194.0,1,8846.0,1137.0,9834.0,0,-3.498791116819863,0.0,0
2020-01-07,8667.0,0.0,170.0,0.0,0.0,8056.0,0.0,0.0,0.0,0.0,0.0,9834.0,121.0,1,9007.714285714286,943.0,12112.0,0,-0.815659567322994,0.0,1
2020-01-08,7934.0,0.0,170.0,0.0,0.0,9834.0,0.0,0.0,0.0,0.0,0.0,12112.0,86.0,1,9499.857142857143,975.0,10778.0,0,-0.7720943458892708,0.0,2
2020-01-09,8731.0,0.0,170.0,0.0,0.0,12112.0,0.0,0.0,0.0,0.0,0.0,10778.0,151.0,1,9906.142857142857,2105.0,11453.0,0,-0.5035115779853475,0.0,3
2020-01-10,9719.0,0.0,170.0,0.0,0.0,10778.0,0.0,0.0,0.0,0.0,0.0,11453.0,186.0,1,10295.0,1154.0,12065.0,1,0.2654839296662849,0.0,4
2020-01-11,10113.0,0.0,95.0,0.0,0.0,11453.0,0.0,0.0,0.0,0.0,0.0,12065.0,71.0,1,10630.142857142857,1200.0,11051.0,1,-1.09496653279077,0.0,5
2020-01-12,8056.0,0.0,170.0,0.0,0.0,12065.0,0.0,0.0,0.0,0.0,0.0,11051.0,141.0,1,10764.142857142857,1697.0,8968.0,0,-3.9475304132776987,0.0,6
2020-01-13,9834.0,0.0,0.0,0.0,0.0,11051.0,0.0,0.0,0.0,0.0,0.0,8968.0,190.0,1,10894.42857142857,927.0,8827.0,0,-4.581093788990533,0.0,0
2020-01-14,12112.0,0.0,0.0,0.0,0.0,8968.0,0.0,0.0,0.0,0.0,0.0,8827.0,190.0,1,10750.57142857143,1024.0,8727.0,0,-4.545451273595171,0.0,1
2020-01-15,10778.0,0.0,0.0,0.0,0.0,8827.0,0.0,0.0,0.0,0.0,0.0,8727.0,187.0,1,10267.0,1204.0,8762.0,0,-4.756256828208179,0.0,2
2020-01-16,11453.0,0.0,0.0,0.0,0.0,8727.0,0.0,0.0,0.0,0.0,0.0,8762.0,189.0,1,9979.0,1204.0,8908.0,0,-4.597503367094703,0.0,3
2020-01-17,12065.0,0.0,0.0,0.0,0.0,8762.0,0.0,0.0,0.0,0.0,0.0,8908.0,190.0,1,9615.42857142857,1204.0,7918.0,1,-5.378509666993064,0.0,4
2020-01-18,11051.0,0.0,0.0,0.0,0.0,8908.0,0.0,0.0,0.0,0.0,0.0,7918.0,187.0,1,9023.0,1275.0,8805.0,1,-4.815999321922705,0.0,5
2020-01-19,8968.0,0.0,0.0,0.0,0.0,7918.0,0.0,0.0,0.0,0.0,0.0,8805.0,187.0,1,8702.142857142857,1275.0,8978.0,0,-5.15952516359945,0.0,6
2020-01-20,8827.0,0.0,0.0,0.0,0.0,8805.0,0.0,0.0,0.0,0.0,0.0,8978.0,194.0,1,8703.57142857143,1580.0,8959.0,0,-4.843269766455376,0.0,0
2020-01-21,8727.0,0.0,0.0,0.0,0.0,8978.0,0.0,0.0,0.0,0.0,0.0,8959.0,190.0,1,8722.42857142857,1580.0,9009.0,0,-4.9156458054477135,0.0,1
2020-01-22,8762.0,0.0,0.0,0.0,0.0,8959.0,0.0,0.0,0.0,0.0,0.0,9009.0,196.0,1,8762.714285714286,1580.0,9076.0,0,-4.880611826084688,0.0,2
2020-01-23,8908.0,0.0,0.0,0.0,0.0,9009.0,0.0,0.0,0.0,0.0,0.0,9076.0,193.0,1,8807.57142857143,1580.0,8895.0,0,-4.953962186777657,0.0,3
2020-01-24,7918.0,0.0,0.0,0.0,0.0,9076.0,0.0,0.0,0.0,0.0,0.0,8895.0,194.0,1,8805.714285714286,1580.0,8121.0,1,-5.668024578624167,0.0,4
2020-01-25,8805.0,0.0,0.0,0.0,0.0,8895.0,0.0,0.0,0.0,0.0,0.0,8121.0,196.0,1,8834.714285714286,1178.0,8866.0,1,-5.2144647330836,0.0,5
2020-01-26,8978.0,0.0,0.0,0.0,0.0,8121.0,0.0,0.0,0.0,0.0,0.0,8866.0,190.0,1,8843.42857142857,1275.0,9019.0,0,-4.993540912533079,0.0,6
2020-01-27,8959.0,0.0,0.0,0.0,0.0,8866.0,0.0,0.0,0.0,0.0,0.0,9019.0,190.0,1,8849.285714285714,1275.0,9068.0,0,-4.686916280115237,0.0,0
2020-01-28,9009.0,0.0,0.0,0.0,0.0,9019.0,0.0,0.0,0.0,0.0,0.0,9068.0,198.0,1,8864.857142857143,1455.0,9196.0,0,-4.782758368440225,0.0,1
2020-01-29,9076.0,0.0,0.0,0.0,0.0,9068.0,0.0,0.0,0.0,0.0,0.0,9196.0,198.0,1,8891.57142857143,1455.0,9223.0,0,-4.7996920133891,0.0,2
2020-01-30,8895.0,0.0,0.0,0.0,0.0,9196.0,0.0,0.0,0.0,0.0,0.0,9223.0,198.0,1,8912.57142857143,1410.0,9077.0,0,-4.845835555113971,0.0,3
2020-01-31,8121.0,0.0,0.0,0.0,0.0,9223.0,0.0,0.0,0.0,0.0,0.0,9077.0,200.0,1,8938.57142857143,1415.0,8250.0,1,-5.595073412618341,0.0,4
2020-02-01,8866.0,0.0,170.0,0.0,0.0,9077.0,0.0,0.0,0.0,0.0,0.0,8250.0,187.0,2,8957.0,3932.0,8946.0,1,-4.544155253181498,0.0,5
2020-02-02,9019.0,0.0,0.0,0.0,0.0,8250.0,0.0,0.0,0.0,0.0,0.0,8946.0,150.0,2,8968.42857142857,1600.0,8940.0,0,-5.1192773107209595,0.0,6
2020-02-03,9068.0,0.0,0.0,0.0,0.0,8946.0,0.0,0.0,0.0,0.0,0.0,8940.0,162.0,2,8957.142857142857,1750.0,9756.0,0,-4.189418104111874,0.0,0
2020-02-04,9196.0,0.0,0.0,0.0,0.0,8940.0,0.0,0.0,0.0,0.0,0.0,9756.0,193.0,2,9055.42857142857,1111.0,8815.0,0,-3.962322873620452,0.0,1
2020-02-05,9223.0,0.0,170.0,0.0,0.0,9756.0,0.0,0.0,0.0,0.0,0.0,8815.0,194.0,2,9001.0,1019.0,7976.0,0,-5.3237984952393,0.0,2
2020-02-06,9077.0,0.0,170.0,0.0,0.0,8815.0,0.0,0.0,0.0,0.0,0.0,7976.0,192.0,2,8822.857142857143,1074.0,10228.0,0,-2.87250382322455,0.0,3
2020-02-07,8250.0,0.0,170.0,0.0,0.0,7976.0,0.0,0.0,0.0,0.0,0.0,10228.0,123.0,2,8987.285714285714,958.0,12032.0,1,-0.8235315646379581,0.0,4
2020-02-08,8946.0,0.0,170.0,0.0,0.0,10228.0,0.0,0.0,0.0,0.0,0.0,12032.0,87.0,2,9527.57142857143,2174.0,10872.0,1,-0.6028533031556258,0.0,5
2020-02-09,8940.0,0.0,170.0,0.0,0.0,12032.0,0.0,0.0,0.0,0.0,0.0,10872.0,152.0,2,9802.714285714286,2106.0,11982.0,0,0.23254313471970048,0.0,6
2020-02-10,9756.0,0.0,170.0,0.0,0.0,10872.0,0.0,0.0,0.0,0.0,0.0,11982.0,185.0,2,10237.285714285714,1311.0,11238.0,0,-0.5139967716631417,0.0,0
2020-02-11,8815.0,0.0,170.0,0.0,0.0,11982.0,0.0,0.0,0.0,0.0,0.0,11238.0,71.0,2,10449.0,1388.0,11572.0,0,-0.7600815421147351,0.0,1
2020-02-12,7976.0,0.0,81.0,0.0,0.0,11238.0,0.0,0.0,0.0,0.0,0.0,11572.0,140.0,2,10842.857142857143,1905.0,8991.0,0,-3.9468871982116243,0.0,2
2020-02-14,10228.0,0.0,0.0,0.0,0.0,11572.0,0.0,0.0,0.0,0.0,0.0,8991.0,160.0,2,10987.857142857143,1735.0,8313.0,1,-4.889291437309207,0.0,4
2020-02-15,12032.0,0.0,0.0,0.0,0.0,8991.0,0.0,0.0,0.0,0.0,0.0,8313.0,160.0,2,10714.285714285714,1735.0,9249.0,1,-4.469638828012574,0.0,5
2020-02-16,10872.0,0.0,0.0,0.0,0.0,8313.0,0.0,0.0,0.0,0.0,0.0,9249.0,159.0,2,10316.714285714286,1745.0,9127.0,0,-4.567402440659261,0.0,6
2020-02-16,11982.0,0.0,0.0,0.0,0.0,9249.0,0.0,0.0,0.0,0.0,0.0,9127.0,159.0,2,10067.42857142857,1745.0,9127.0,0,-4.438640833146052,0.0,6
2020-02-18,11238.0,0.0,0.0,0.0,0.0,9127.0,0.0,0.0,0.0,0.0,0.0,9127.0,160.0,2,9659.57142857143,1625.0,9361.0,0,-4.406641378960694,0.0,1
2020-02-19,11572.0,0.0,0.0,0.0,0.0,9127.0,0.0,0.0,0.0,0.0,0.0,9361.0,160.0,2,9391.42857142857,1616.0,9363.0,0,-4.325765255319759,0.0,2
2020-02-20,8991.0,0.0,0.0,0.0,0.0,9361.0,0.0,0.0,0.0,0.0,0.0,9363.0,161.0,2,9075.857142857143,1750.0,9349.0,0,-4.642906563198491,0.0,3
2020-02-21,8313.0,0.0,0.0,0.0,0.0,9363.0,0.0,0.0,0.0,0.0,0.0,9349.0,160.0,2,9127.0,1750.0,8048.0,1,-5.999831672615579,0.0,4
2020-02-22,9249.0,0.0,0.0,0.0,0.0,9349.0,0.0,0.0,0.0,0.0,0.0,8048.0,161.0,2,9089.142857142857,1718.0,9422.0,1,-4.577188036455094,0.0,5
2020-02-23,9127.0,0.0,0.0,0.0,0.0,8048.0,0.0,0.0,0.0,0.0,0.0,9422.0,161.0,2,9113.857142857143,1570.0,9729.0,0,-4.313827689415229,0.0,6
2020-02-24,9127.0,0.0,0.0,0.0,0.0,9422.0,0.0,0.0,0.0,0.0,0.0,9729.0,162.0,2,9199.857142857143,1570.0,9500.0,0,-4.183125631964017,0.0,0
2020-02-24,9361.0,0.0,0.0,0.0,0.0,9729.0,0.0,0.0,0.0,0.0,0.0,9500.0,162.0,2,9253.142857142857,1570.0,9500.0,0,-4.154799788079286,0.0,0
2020-02-26,9363.0,0.0,0.0,0.0,0.0,9500.0,0.0,0.0,0.0,0.0,0.0,9500.0,163.0,2,9273.0,1930.0,9075.0,0,-4.648219627770154,0.0,2
2020-02-29,9349.0,0.0,0.0,0.0,0.0,9500.0,0.0,0.0,0.0,0.0,0.0,9075.0,164.0,2,9231.857142857143,1930.0,9418.0,1,-4.254346677570599,0.0,5
2020-03-01,8048.0,0.0,0.0,0.0,0.0,9075.0,0.0,0.0,0.0,0.0,0.0,9418.0,183.0,3,9241.714285714286,1299.0,7537.0,0,-6.560151531981965,0.0,6
2020-03-02,9422.0,0.0,0.0,0.0,0.0,9418.0,0.0,0.0,0.0,0.0,0.0,7537.0,150.0,3,9168.714285714286,1488.0,8963.0,0,-5.155507769620959,0.0,0
2020-03-03,9729.0,0.0,0.0,0.0,0.0,7537.0,0.0,0.0,0.0,0.0,0.0,8963.0,162.0,3,9103.142857142857,1750.0,9340.0,0,-4.809169836536846,0.0,1
2020-03-04,9500.0,0.0,0.0,0.0,0.0,8963.0,0.0,0.0,0.0,0.0,0.0,9340.0,196.0,3,9047.57142857143,1287.0,8734.0,0,-4.32498213947955,0.0,2
2020-03-05,9500.0,0.0,170.0,0.0,0.0,9340.0,0.0,0.0,0.0,0.0,0.0,8734.0,192.0,3,8938.142857142857,925.0,9279.0,0,-3.574198229288369,0.0,3
2020-03-06,9075.0,0.0,170.0,0.0,0.0,8734.0,0.0,0.0,0.0,0.0,0.0,9279.0,152.0,3,8906.57142857143,1041.0,10238.0,1,-2.761676565353785,0.0,4
2020-03-07,9418.0,0.0,170.0,0.0,0.0,9279.0,0.0,0.0,0.0,0.0,0.0,10238.0,124.0,3,9072.714285714286,933.0,11491.0,1,-0.8531623198345689,0.0,5
2020-03-08,7537.0,0.0,170.0,0.0,0.0,10238.0,0.0,0.0,0.0,0.0,0.0,11491.0,85.0,3,9368.857142857143,1643.0,11454.0,0,-0.07911767001257905,0.0,6
2020-03-09,8963.0,0.0,170.0,0.0,0.0,11491.0,0.0,0.0,0.0,0.0,0.0,11454.0,153.0,3,9928.42857142857,1681.0,12427.0,0,0.7236537921211988,0.0,0
2020-03-10,9340.0,0.0,170.0,0.0,0.0,11454.0,0.0,0.0,0.0,0.0,0.0,12427.0,186.0,3,10423.285714285714,1182.0,12091.0,0,0.4235538977969875,0.0,1
2020-03-11,8734.0,0.0,170.0,0.0,0.0,12427.0,0.0,0.0,0.0,0.0,0.0,12091.0,72.0,3,10816.285714285714,1424.0,11427.0,0,-0.8003078776908368,0.0,2
2020-03-12,9279.0,0.0,75.0,0.0,0.0,12091.0,0.0,0.0,0.0,0.0,0.0,11427.0,144.0,3,11201.0,1862.0,8928.0,0,-3.669285649340098,0.0,3
2020-03-13,10238.0,0.0,0.0,0.0,0.0,11427.0,0.0,0.0,0.0,0.0,0.0,8928.0,165.0,3,11150.857142857143,2012.0,9853.0,1,-3.0249724285347246,0.0,4
2020-03-14,11491.0,0.0,0.0,0.0,0.0,8928.0,0.0,0.0,0.0,0.0,0.0,9853.0,165.0,3,11095.857142857143,1853.0,9582.0,1,-3.4448453141651663,0.0,5
2020-03-15,11454.0,0.0,0.0,0.0,0.0,9853.0,0.0,0.0,0.0,0.0,0.0,9582.0,165.0,3,10823.142857142857,1811.0,10361.0,0,-2.2617370920928153,0.0,6
2020-03-16,12427.0,0.0,0.0,0.0,0.0,9582.0,0.0,0.0,0.0,0.0,0.0,10361.0,165.0,3,10667.0,1466.0,10610.0,0,-1.8822655730502813,0.0,0
2020-03-17,12091.0,0.0,0.0,0.0,0.0,10361.0,0.0,0.0,0.0,0.0,0.0,10610.0,164.0,3,10407.42857142857,1627.0,9995.0,0,-2.219353012127862,0.0,1
2020-03-18,11427.0,0.0,0.0,0.0,0.0,10610.0,0.0,0.0,0.0,0.0,0.0,9995.0,156.0,3,10108.0,1635.0,10790.0,0,-1.8913361066991505,0.0,2
2020-03-19,8928.0,0.0,0.0,0.0,0.0,9995.0,0.0,0.0,0.0,0.0,0.0,10790.0,164.0,3,10017.0,1634.0,10593.0,0,-2.0258127962115506,0.0,3
2020-03-20,9853.0,0.0,0.0,0.0,0.0,10790.0,0.0,0.0,0.0,0.0,0.0,10593.0,164.0,3,10254.857142857143,1537.0,9727.0,1,-2.8538094454791314,0.0,4
2020-03-22,9582.0,0.0,0.0,0.0,0.0,10593.0,0.0,0.0,0.0,0.0,0.0,9727.0,163.0,3,10236.857142857143,1501.0,10529.0,0,-2.174606624923136,0.0,6
2020-03-22,10361.0,0.0,0.0,0.0,0.0,9727.0,0.0,0.0,0.0,0.0,0.0,10529.0,156.0,3,10372.142857142857,1534.0,10186.0,0,-2.7234920691705566,0.0,6
2020-03-23,10610.0,0.0,0.0,0.0,0.0,10529.0,0.0,0.0,0.0,0.0,0.0,10186.0,155.0,3,10347.142857142857,1559.0,10093.0,0,-2.4207917271523742,0.0,0
2020-03-24,9995.0,0.0,0.0,0.0,0.0,10186.0,0.0,0.0,0.0,0.0,0.0,10093.0,152.0,3,10273.285714285714,1637.0,10264.0,0,-2.2526343863027387,0.0,1
2020-03-25,10790.0,0.0,0.0,0.0,0.0,10093.0,0.0,0.0,0.0,0.0,0.0,10264.0,156.0,3,10311.714285714286,1789.0,9939.0,0,-2.3760131568136957,0.0,2
2020-03-26,10593.0,0.0,0.0,0.0,0.0,10264.0,0.0,0.0,0.0,0.0,0.0,9939.0,155.0,3,10190.142857142857,1824.0,9492.0,0,-2.854741239993707,0.0,3
2020-03-27,9727.0,0.0,0.0,0.0,0.0,9939.0,0.0,0.0,0.0,0.0,0.0,9492.0,155.0,3,10032.857142857143,1663.0,9834.0,1,-2.5210026273964985,0.0,4
2020-03-28,10529.0,0.0,0.0,0.0,0.0,9492.0,0.0,0.0,0.0,0.0,0.0,9834.0,151.0,3,10048.142857142857,1615.0,10217.0,1,-2.0548900207771794,0.0,5
2020-03-29,10186.0,0.0,0.0,0.0,0.0,9834.0,0.0,0.0,0.0,0.0,0.0,10217.0,154.0,3,10003.57142857143,1479.0,9915.0,0,-2.3955694873090265,0.0,6
2020-03-30,10093.0,0.0,0.0,0.0,0.0,10217.0,0.0,0.0,0.0,0.0,0.0,9915.0,156.0,3,9964.857142857143,1400.0,9700.0,0,-2.498794162476766,0.0,0
2020-03-31,10264.0,0.0,0.0,0.0,0.0,9915.0,0.0,0.0,0.0,0.0,0.0,9700.0,154.0,3,9908.714285714286,1280.0,9663.0,0,-2.6307781860121318,0.0,1
2020-04-01,9939.0,0.0,0.0,0.0,0.0,9700.0,0.0,0.0,0.0,0.0,0.0,9663.0,184.0,4,9822.857142857143,1279.0,8397.0,0,-5.106676563587593,0.0,2
2020-04-02,9492.0,0.0,0.0,0.0,0.0,9663.0,0.0,0.0,0.0,0.0,0.0,8397.0,159.0,4,9602.57142857143,1660.0,9126.0,0,-4.755322183465583,0.0,3
2020-04-03,9834.0,0.0,0.0,0.0,0.0,8397.0,0.0,0.0,0.0,0.0,0.0,9126.0,162.0,4,9550.285714285714,1570.0,9315.0,1,-4.317651603957392,0.0,4
2020-04-04,10217.0,0.0,0.0,0.0,0.0,9126.0,0.0,0.0,0.0,0.0,0.0,9315.0,195.0,4,9476.142857142857,931.0,9828.0,1,-2.8895903105028404,0.0,5
2020-04-05,9915.0,0.0,170.0,0.0,0.0,9315.0,0.0,0.0,0.0,0.0,0.0,9828.0,192.0,4,9420.57142857143,1014.0,10273.0,0,-2.4423689733215257,0.0,6
2020-04-06,9700.0,0.0,170.0,0.0,0.0,9828.0,0.0,0.0,0.0,0.0,0.0,10273.0,152.0,4,9471.714285714286,1076.0,9376.0,0,-3.4284873031124263,0.0,0
2020-04-07,9663.0,0.0,170.0,0.0,0.0,10273.0,0.0,0.0,0.0,0.0,0.0,9376.0,125.0,4,9425.42857142857,926.0,11743.0,0,-0.8873978612941842,0.0,1
2020-04-08,8397.0,0.0,170.0,0.0,0.0,9376.0,0.0,0.0,0.0,0.0,0.0,11743.0,129.0,4,9722.57142857143,979.0,10910.0,0,-0.7502985786806128,0.0,2
2020-04-09,9126.0,0.0,170.0,0.0,0.0,11743.0,0.0,0.0,0.0,0.0,0.0,10910.0,153.0,4,10081.57142857143,1705.0,12101.0,0,0.5226001788367888,0.0,3
2020-04-10,9315.0,0.0,170.0,0.0,0.0,10910.0,0.0,0.0,0.0,0.0,0.0,12101.0,188.0,4,10506.57142857143,1203.0,12317.0,1,0.4578706931957767,0.0,4
2020-04-11,9828.0,0.0,170.0,0.0,0.0,12101.0,0.0,0.0,0.0,0.0,0.0,12317.0,74.0,4,10935.42857142857,1507.0,10322.0,1,-2.00069296227227,0.0,5
2020-04-12,10273.0,0.0,76.0,0.0,0.0,12317.0,0.0,0.0,0.0,0.0,0.0,10322.0,145.0,4,11006.0,1687.0,7922.0,0,-4.608929050409445,0.0,6
2020-04-13,9376.0,0.0,85.0,0.0,0.0,10322.0,0.0,0.0,0.0,0.0,0.0,7922.0,197.0,4,10670.142857142857,1119.0,9967.0,0,-2.2929246821211913,0.0,0
2020-04-14,11743.0,0.0,85.0,0.0,0.0,7922.0,0.0,0.0,0.0,0.0,0.0,9967.0,200.0,4,10754.57142857143,801.0,10344.0,0,-1.7679086537943818,0.0,1
2020-04-15,10910.0,0.0,85.0,0.0,0.0,9967.0,0.0,0.0,0.0,0.0,0.0,10344.0,195.0,4,10554.714285714286,865.0,7769.0,0,-5.07251312438483,0.0,2
2020-04-16,12101.0,0.0,85.0,0.0,0.0,10344.0,0.0,0.0,0.0,0.0,0.0,7769.0,193.0,4,10106.0,716.0,9358.0,0,-3.0142932885527554,0.0,3
2020-04-17,12317.0,0.0,85.0,0.0,0.0,7769.0,0.0,0.0,0.0,0.0,0.0,9358.0,193.0,4,9714.142857142857,812.0,8830.0,1,-4.049128322276747,0.0,4
2020-04-18,10322.0,0.0,85.0,0.0,0.0,9358.0,0.0,0.0,0.0,0.0,0.0,8830.0,199.0,4,9216.0,1077.0,8804.0,1,-4.237093487831673,0.0,5
2020-04-19,7922.0,0.0,85.0,0.0,0.0,8830.0,0.0,0.0,0.0,0.0,0.0,8804.0,197.0,4,8999.142857142857,993.0,9455.0,0,-3.445241547443675,0.0,6
2020-04-20,9967.0,0.0,85.0,0.0,0.0,8804.0,0.0,0.0,0.0,0.0,0.0,9455.0,198.0,4,9218.142857142857,1399.0,8635.0,0,-4.459376748422385,0.0,0
2020-04-21,10344.0,0.0,85.0,0.0,0.0,9455.0,0.0,0.0,0.0,0.0,0.0,8635.0,194.0,4,9027.857142857143,1359.0,8041.0,0,-5.157552270931287,0.0,1
2020-04-22,7769.0,0.0,85.0,0.0,0.0,8635.0,0.0,0.0,0.0,0.0,0.0,8041.0,195.0,4,8698.857142857143,1322.0,8461.0,0,-4.968877243377955,0.0,2
2020-04-23,9358.0,0.0,85.0,0.0,0.0,8041.0,0.0,0.0,0.0,0.0,0.0,8461.0,193.0,4,8797.714285714286,1278.0,7017.0,0,-6.562097087667116,0.0,3
2020-04-24,8830.0,0.0,85.0,0.0,0.0,8461.0,0.0,0.0,0.0,0.0,0.0,7017.0,194.0,4,8463.285714285714,1236.0,7189.0,1,-6.691936369435338,0.0,4
2020-04-25,8804.0,0.0,85.0,0.0,0.0,7017.0,0.0,0.0,0.0,0.0,0.0,7189.0,193.0,4,8228.857142857143,1191.0,7969.0,1,-5.878272289877325,0.0,5
2020-04-26,9455.0,0.0,100.0,0.0,0.0,7189.0,0.0,0.0,0.0,0.0,0.0,7969.0,193.0,4,8109.571428571428,1212.0,7256.0,0,-6.483306765477823,0.0,6
2020-04-27,8635.0,0.0,170.0,0.0,0.0,7969.0,0.0,0.0,0.0,0.0,0.0,7256.0,195.0,4,7795.428571428572,1132.0,8999.0,0,-4.554628546966109,0.0,0
2020-04-28,8041.0,0.0,170.0,0.0,0.0,7256.0,0.0,0.0,0.0,0.0,0.0,8999.0,194.0,4,7847.428571428572,1113.0,7640.0,0,-6.001870077180362,0.0,1
2020-04-29,8461.0,0.0,170.0,0.0,0.0,8999.0,0.0,0.0,0.0,0.0,0.0,7640.0,194.0,4,7790.142857142857,1111.0,8743.0,0,-4.5953796435034935,0.0,2
2020-04-30,7017.0,0.0,170.0,0.0,0.0,7640.0,0.0,0.0,0.0,0.0,0.0,8743.0,196.0,4,7830.428571428572,949.0,8658.0,0,-4.94234008592734,0.0,3
2020-05-01,7189.0,0.0,0.0,0.0,0.0,8743.0,0.0,0.0,0.0,0.0,0.0,8658.0,184.0,5,8064.857142857143,1299.0,8221.0,1,-6.171841538731313,0.0,4
2020-05-02,7969.0,0.0,0.0,0.0,0.0,8658.0,0.0,0.0,0.0,0.0,0.0,8221.0,158.0,5,8212.285714285714,1545.0,9099.0,1,-5.191261702089053,0.0,5
2020-05-03,7256.0,0.0,0.0,0.0,0.0,8221.0,0.0,0.0,0.0,0.0,0.0,9099.0,163.0,5,8373.714285714286,1826.0,9481.0,0,-5.343472497499576,0.0,6
2020-05-04,8999.0,0.0,0.0,0.0,0.0,9099.0,0.0,0.0,0.0,0.0,0.0,9481.0,198.0,5,8691.57142857143,1084.0,9454.0,0,-3.449497371188834,0.0,0
2020-05-05,7640.0,0.0,170.0,0.0,0.0,9481.0,0.0,0.0,0.0,0.0,0.0,9454.0,193.0,5,8756.57142857143,892.0,8170.0,0,-5.576319204428652,0.0,1
2020-05-06,8743.0,0.0,170.0,0.0,0.0,9454.0,0.0,0.0,0.0,0.0,0.0,8170.0,126.0,5,8832.285714285714,1132.0,10098.0,0,-2.83035032723546,0.0,2
2020-05-07,8658.0,0.0,170.0,0.0,0.0,8170.0,0.0,0.0,0.0,0.0,0.0,10098.0,121.0,5,9025.857142857143,937.0,11415.0,0,-1.0297646340012019,0.0,3
2020-05-08,8221.0,0.0,170.0,0.0,0.0,10098.0,0.0,0.0,0.0,0.0,0.0,11415.0,128.0,5,9419.714285714286,917.0,10538.0,1,-1.1079419343625414,0.0,4
2020-05-09,9099.0,0.0,170.0,0.0,0.0,11415.0,0.0,0.0,0.0,0.0,0.0,10538.0,154.0,5,9750.714285714286,1645.0,12892.0,1,0.8967494332222516,0.0,5
2020-05-10,9481.0,0.0,170.0,0.0,0.0,10538.0,0.0,0.0,0.0,0.0,0.0,12892.0,151.0,5,10292.57142857143,1142.0,12054.0,0,0.3222449988789255,0.0,6
2020-05-11,9454.0,0.0,170.0,0.0,0.0,12892.0,0.0,0.0,0.0,0.0,0.0,12054.0,74.0,5,10660.142857142857,1765.0,9602.0,0,-2.8117501301764105,0.0,0
2020-05-12,8170.0,0.0,85.0,0.0,0.0,12054.0,0.0,0.0,0.0,0.0,0.0,9602.0,156.0,5,10681.285714285714,1726.0,9098.0,0,-3.8649307676433287,0.0,1
2020-05-13,10098.0,0.0,170.0,0.0,0.0,9602.0,0.0,0.0,0.0,0.0,0.0,9098.0,196.0,5,10813.857142857143,899.0,9803.0,0,-2.5518333721841784,0.0,2
2020-05-14,11415.0,0.0,170.0,0.0,0.0,9098.0,0.0,0.0,0.0,0.0,0.0,9803.0,193.0,5,10771.714285714286,996.0,10285.0,0,-1.701622729844518,0.0,3
2020-05-15,10538.0,0.0,170.0,0.0,0.0,9803.0,0.0,0.0,0.0,0.0,0.0,10285.0,194.0,5,10610.285714285714,932.0,10142.0,1,-1.7133029381126914,0.0,4
2020-05-16,12892.0,0.0,170.0,0.0,0.0,10285.0,0.0,0.0,0.0,0.0,0.0,10142.0,193.0,5,10553.714285714286,905.0,11305.0,1,-0.4435774457687033,0.0,5
2020-05-17,12054.0,0.0,170.0,0.0,0.0,10142.0,0.0,0.0,0.0,0.0,0.0,11305.0,198.0,5,10327.0,1104.0,11828.0,0,0.3327109231664255,0.0,6
2020-05-18,9602.0,0.0,170.0,0.0,0.0,11305.0,0.0,0.0,0.0,0.0,0.0,11828.0,192.0,5,10294.714285714286,862.0,11941.0,0,0.6596029165180227,0.0,0
2020-05-19,9098.0,0.0,170.0,0.0,0.0,11828.0,0.0,0.0,0.0,0.0,0.0,11941.0,230.0,5,10628.857142857143,875.0,10788.0,0,-0.9013524206775121,0.0,1
2020-05-20,9803.0,0.0,170.0,0.0,0.0,11941.0,0.0,0.0,0.0,0.0,0.0,10788.0,200.0,5,10870.285714285714,1054.0,6330.0,0,-6.892011095306031,0.0,2
2020-05-21,10285.0,0.0,170.0,0.0,0.0,10788.0,0.0,0.0,0.0,0.0,0.0,6330.0,200.0,5,10374.142857142857,1005.0,7411.0,0,-6.073197870244469,0.0,3
2020-05-22,10142.0,0.0,170.0,0.0,0.0,6330.0,0.0,0.0,0.0,0.0,0.0,7411.0,199.0,5,9963.57142857143,850.0,9308.0,1,-3.806026932385854,0.0,4
2020-05-23,11305.0,0.0,170.0,0.0,0.0,7411.0,0.0,0.0,0.0,0.0,0.0,9308.0,199.0,5,9844.42857142857,904.0,10242.0,1,-2.043872654579892,0.0,5
2020-05-24,11828.0,0.0,170.0,0.0,0.0,9308.0,0.0,0.0,0.0,0.0,0.0,10242.0,200.0,5,9692.57142857143,915.0,9574.0,0,-2.3116512902960737,0.0,6
2020-05-25,11941.0,0.0,170.0,0.0,0.0,10242.0,0.0,0.0,0.0,0.0,0.0,9574.0,201.0,5,9370.57142857143,776.0,8929.0,0,-3.6140207840106604,0.0,0
2020-05-26,10788.0,0.0,170.0,0.0,0.0,9574.0,0.0,0.0,0.0,0.0,0.0,8929.0,201.0,5,8940.285714285714,956.0,8341.0,0,-4.496672598196954,0.0,1
2020-05-27,6330.0,0.0,170.0,0.0,0.0,8929.0,0.0,0.0,0.0,0.0,0.0,8341.0,200.0,5,8590.714285714286,935.0,6958.0,0,-6.954668782727804,0.0,2
2020-05-28,7411.0,0.0,170.0,0.0,0.0,8341.0,0.0,0.0,0.0,0.0,0.0,6958.0,200.0,5,8680.42857142857,768.0,8468.0,0,-5.14285295014792,0.0,3
2020-05-29,9308.0,0.0,170.0,0.0,0.0,6958.0,0.0,0.0,0.0,0.0,0.0,8468.0,200.0,5,8831.42857142857,768.0,9155.0,1,-3.997330008015288,0.0,4
2020-05-30,10242.0,0.0,170.0,0.0,0.0,8468.0,0.0,0.0,0.0,0.0,0.0,9155.0,165.0,5,8809.57142857143,832.0,9184.0,1,-3.465166131996484,0.0,5
2020-05-31,9574.0,0.0,170.0,0.0,0.0,9155.0,0.0,0.0,0.0,0.0,0.0,9184.0,164.0,5,8658.42857142857,891.0,10574.0,0,-2.262108909034808,0.0,6
2020-06-01,8929.0,0.0,0.0,0.0,0.0,9184.0,0.0,0.0,0.0,0.0,0.0,10574.0,184.0,6,8801.285714285714,1349.0,8575.0,0,-5.035277611931437,0.0,0
2020-06-02,8341.0,0.0,0.0,0.0,0.0,10574.0,0.0,0.0,0.0,0.0,0.0,8575.0,160.0,6,8750.714285714286,1765.0,9132.0,0,-4.807027541197361,0.0,1
2020-06-03,6958.0,0.0,0.0,0.0,0.0,8575.0,0.0,0.0,0.0,0.0,0.0,9132.0,163.0,6,8863.714285714286,1948.0,8460.0,0,-5.628906253872392,0.0,2
2020-06-04,8468.0,0.0,85.0,0.0,0.0,9132.0,0.0,0.0,0.0,0.0,0.0,8460.0,194.0,6,9078.285714285714,898.0,10009.0,0,-2.8010950513174575,0.0,3
2020-06-05,9155.0,0.0,170.0,0.0,0.0,8460.0,0.0,0.0,0.0,0.0,0.0,10009.0,154.0,6,9298.42857142857,667.0,9126.0,1,-4.110688195684191,0.0,4
2020-06-06,9184.0,0.0,170.0,0.0,0.0,10009.0,0.0,0.0,0.0,0.0,0.0,9126.0,154.0,6,9294.285714285714,1019.0,10677.0,1,-1.8281051599437557,0.0,5
2020-06-07,10574.0,0.0,170.0,0.0,0.0,9126.0,0.0,0.0,0.0,0.0,0.0,10677.0,123.0,6,9507.57142857143,998.0,11470.0,0,-0.8312185119618798,0.0,6
2020-06-08,8575.0,0.0,170.0,0.0,0.0,10677.0,0.0,0.0,0.0,0.0,0.0,11470.0,88.0,6,9635.57142857143,907.0,11137.0,0,-0.28297369848220966,0.0,0
2020-06-09,9132.0,0.0,170.0,0.0,0.0,11470.0,0.0,0.0,0.0,0.0,0.0,11137.0,153.0,6,10001.57142857143,1645.0,12097.0,0,0.11506737245524642,0.0,1
2020-06-10,8460.0,0.0,170.0,0.0,0.0,11137.0,0.0,0.0,0.0,0.0,0.0,12097.0,120.0,6,10425.142857142857,1392.0,11944.0,0,-0.3340830045313203,0.0,2
2020-06-11,10009.0,0.0,170.0,0.0,0.0,12097.0,0.0,0.0,0.0,0.0,0.0,11944.0,70.0,6,10922.857142857143,1688.0,7975.0,0,-4.556580256869975,0.0,3
2020-06-12,9126.0,0.0,85.0,0.0,0.0,11944.0,0.0,0.0,0.0,0.0,0.0,7975.0,144.0,6,10632.285714285714,2025.0,8996.0,1,-4.251229061932098,0.0,4
2020-06-13,10677.0,0.0,170.0,0.0,0.0,7975.0,0.0,0.0,0.0,0.0,0.0,8996.0,167.0,6,10613.714285714286,948.0,10714.0,1,-1.7442767680381304,0.0,5
2020-06-14,11470.0,0.0,170.0,0.0,0.0,8996.0,0.0,0.0,0.0,0.0,0.0,10714.0,132.0,6,10619.0,990.0,11410.0,0,-0.7604722220059618,0.0,6
2020-06-15,11137.0,0.0,170.0,0.0,0.0,10714.0,0.0,0.0,0.0,0.0,0.0,11410.0,166.0,6,10610.42857142857,935.0,11634.0,0,-0.20530171611300604,0.0,0
2020-06-16,12097.0,0.0,170.0,0.0,0.0,11410.0,0.0,0.0,0.0,0.0,0.0,11634.0,130.0,6,10681.42857142857,1043.0,11389.0,0,-0.3846273116118888,0.0,1
2020-06-17,11944.0,0.0,170.0,0.0,0.0,11634.0,0.0,0.0,0.0,0.0,0.0,11389.0,131.0,6,10580.285714285714,1049.0,10355.0,0,-1.4964227232572944,0.0,2
2020-06-18,7975.0,0.0,170.0,0.0,0.0,11389.0,0.0,0.0,0.0,0.0,0.0,10355.0,131.0,6,10353.285714285714,1072.0,10510.0,0,-1.8230507986530102,0.0,3
2020-06-19,8996.0,0.0,170.0,0.0,0.0,10355.0,0.0,0.0,0.0,0.0,0.0,10510.0,129.0,6,10715.42857142857,1007.0,10548.0,1,-1.6897765813042267,0.0,4
2020-06-20,10714.0,0.0,170.0,0.0,0.0,10510.0,0.0,0.0,0.0,0.0,0.0,10548.0,129.0,6,10937.142857142857,899.0,11332.0,1,-0.8917677007527505,0.0,5
2020-06-22,11410.0,0.0,170.0,0.0,0.0,10548.0,0.0,0.0,0.0,0.0,0.0,11332.0,131.0,6,11025.42857142857,812.0,11476.0,0,-0.44012935323021957,0.0,0
2020-06-22,11634.0,0.0,170.0,0.0,0.0,11332.0,0.0,0.0,0.0,0.0,0.0,11476.0,132.0,6,11034.857142857143,740.0,11090.0,0,-1.0172434354876048,0.0,0
2020-06-23,11389.0,0.0,170.0,0.0,0.0,11476.0,0.0,0.0,0.0,0.0,0.0,11090.0,132.0,6,10957.142857142857,832.0,11673.0,0,-0.21847698676349128,0.0,1
2020-06-24,10355.0,0.0,170.0,0.0,0.0,11090.0,0.0,0.0,0.0,0.0,0.0,11673.0,134.0,6,10997.714285714286,755.0,12070.0,0,-0.13163983218366151,0.0,2
2020-06-25,10510.0,0.0,170.0,0.0,0.0,11673.0,0.0,0.0,0.0,0.0,0.0,12070.0,135.0,6,11242.714285714286,783.0,11285.0,0,-0.7256081367876103,0.0,3
2020-06-26,10548.0,0.0,170.0,0.0,0.0,12070.0,0.0,0.0,0.0,0.0,0.0,11285.0,163.0,6,11353.42857142857,693.0,10790.0,1,-1.3442427923705549,0.0,4
2020-06-27,11332.0,0.0,170.0,0.0,0.0,11285.0,0.0,0.0,0.0,0.0,0.0,10790.0,127.0,6,11388.0,760.0,10753.0,1,-1.5504867128025293,0.0,5
2020-06-28,11476.0,0.0,170.0,0.0,0.0,10790.0,0.0,0.0,0.0,0.0,0.0,10753.0,127.0,6,11305.285714285714,889.0,10619.0,0,-1.524292567065226,0.0,6
2020-06-29,11090.0,0.0,170.0,0.0,0.0,10753.0,0.0,0.0,0.0,0.0,0.0,10619.0,125.0,6,11182.857142857143,791.0,11286.0,0,-1.022613374420552,0.0,0
2020-06-30,11673.0,0.0,170.0,0.0,0.0,10619.0,0.0,0.0,0.0,0.0,0.0,11286.0,122.0,6,11210.857142857143,930.0,11367.0,0,-1.0753653893760824,0.0,1
2020-07-01,12070.0,0.0,0.0,0.0,0.0,11286.0,0.0,0.0,0.0,0.0,0.0,11367.0,185.0,7,11167.142857142857,1269.0,8584.0,0,-4.084474398089488,0.0,2
2020-07-02,11285.0,0.0,0.0,0.0,0.0,11367.0,0.0,0.0,0.0,0.0,0.0,8584.0,160.0,7,10669.142857142857,1811.0,8128.0,0,-5.1998394241153845,0.0,3
2020-07-03,10790.0,0.0,0.0,0.0,0.0,8584.0,0.0,0.0,0.0,0.0,0.0,8128.0,163.0,7,10218.142857142857,2041.0,9346.0,1,-4.455515310945698,0.0,4
2020-07-04,10753.0,0.0,85.0,0.0,0.0,8128.0,0.0,0.0,0.0,0.0,0.0,9346.0,194.0,7,10011.857142857143,927.0,10308.0,1,-1.9609054908146344,0.0,5
2020-07-05,10619.0,0.0,170.0,0.0,0.0,9346.0,0.0,0.0,0.0,0.0,0.0,10308.0,157.0,7,9948.285714285714,967.0,7103.0,0,-5.9265719388948455,0.0,6
2020-07-06,11286.0,0.0,170.0,0.0,0.0,10308.0,0.0,0.0,0.0,0.0,0.0,7103.0,153.0,7,9446.0,1034.0,11441.0,0,-1.0553721385215438,0.0,0
2020-07-07,11367.0,0.0,170.0,0.0,0.0,7103.0,0.0,0.0,0.0,0.0,0.0,11441.0,157.0,7,9468.142857142857,998.0,11843.0,0,-0.3754758875469618,0.0,1
2020-07-08,8584.0,0.0,170.0,0.0,0.0,11441.0,0.0,0.0,0.0,0.0,0.0,11843.0,83.0,7,9536.142857142857,951.0,11323.0,0,-0.15624023215705193,0.0,2
2020-07-09,8128.0,0.0,170.0,0.0,0.0,11843.0,0.0,0.0,0.0,0.0,0.0,11323.0,155.0,7,9927.42857142857,1645.0,11771.0,0,-0.37612541521508264,0.0,3
2020-07-10,9346.0,0.0,170.0,0.0,0.0,11323.0,0.0,0.0,0.0,0.0,0.0,11771.0,110.0,7,10447.857142857143,1326.0,11899.0,1,-0.1487246331004295,0.0,4
2020-07-11,10308.0,0.0,170.0,0.0,0.0,11771.0,0.0,0.0,0.0,0.0,0.0,11899.0,70.0,7,10812.57142857143,1443.0,9242.0,1,-3.191283149012926,0.0,5
2020-07-12,7103.0,0.0,85.0,0.0,0.0,11899.0,0.0,0.0,0.0,0.0,0.0,9242.0,184.0,7,10660.285714285714,2253.0,8991.0,0,-4.224635623713012,0.0,6
2020-07-13,11441.0,0.0,170.0,0.0,0.0,9242.0,0.0,0.0,0.0,0.0,0.0,8991.0,122.0,7,10930.0,913.0,11407.0,0,-1.312215606522085,0.0,0
2020-07-14,11843.0,0.0,170.0,0.0,0.0,8991.0,0.0,0.0,0.0,0.0,0.0,11407.0,120.0,7,10925.142857142857,913.0,11783.0,0,-0.36535159542793794,0.0,1
2020-07-15,11323.0,0.0,170.0,0.0,0.0,11407.0,0.0,0.0,0.0,0.0,0.0,11783.0,86.0,7,10916.57142857143,1063.0,11903.0,0,0.1475209439754435,0.0,2
2020-07-16,11771.0,0.0,170.0,0.0,0.0,11783.0,0.0,0.0,0.0,0.0,0.0,11903.0,85.0,7,10999.42857142857,993.0,11962.0,0,0.300753736912624,0.0,3
2020-07-17,11899.0,0.0,170.0,0.0,0.0,11903.0,0.0,0.0,0.0,0.0,0.0,11962.0,83.0,7,11026.714285714286,994.0,11543.0,1,0.09450919314231752,0.0,4
2020-07-18,9242.0,0.0,170.0,0.0,0.0,11962.0,0.0,0.0,0.0,0.0,0.0,11543.0,84.0,7,10975.857142857143,1063.0,12103.0,1,0.16115975061150814,0.0,5
2020-07-19,8991.0,0.0,170.0,0.0,0.0,11543.0,0.0,0.0,0.0,0.0,0.0,12103.0,86.0,7,11384.57142857143,1063.0,11331.0,0,-1.0218904805899172,0.0,6
2020-07-21,11407.0,0.0,170.0,0.0,0.0,12103.0,0.0,0.0,0.0,0.0,0.0,11331.0,84.0,7,11718.857142857143,963.0,10787.0,0,-1.0559361656206105,0.0,1
2020-07-21,11783.0,0.0,170.0,0.0,0.0,11331.0,0.0,0.0,0.0,0.0,0.0,10787.0,83.0,7,11630.285714285714,1033.0,10747.0,0,-1.0529478670420958,0.0,1
2020-07-22,11903.0,0.0,170.0,0.0,0.0,10787.0,0.0,0.0,0.0,0.0,0.0,10747.0,82.0,7,11482.285714285714,930.0,11483.0,0,-0.35827463994103576,0.0,2
2020-07-23,11962.0,0.0,170.0,0.0,0.0,10747.0,0.0,0.0,0.0,0.0,0.0,11483.0,83.0,7,11422.285714285714,996.0,11580.0,0,-0.21508968068955883,0.0,3
2020-07-24,11543.0,0.0,170.0,0.0,0.0,11483.0,0.0,0.0,0.0,0.0,0.0,11580.0,85.0,7,11367.714285714286,995.0,10998.0,1,-0.4165300929405392,0.0,4
2020-07-25,12103.0,0.0,170.0,0.0,0.0,11580.0,0.0,0.0,0.0,0.0,0.0,10998.0,83.0,7,11289.857142857143,996.0,12225.0,1,0.6105148718157501,0.0,5
2020-07-26,11331.0,0.0,170.0,0.0,0.0,10998.0,0.0,0.0,0.0,0.0,0.0,12225.0,83.0,7,11307.285714285714,997.0,12536.0,0,1.1301934699434717,0.0,6
2020-07-27,10787.0,0.0,170.0,0.0,0.0,12225.0,0.0,0.0,0.0,0.0,0.0,12536.0,85.0,7,11479.42857142857,997.0,11885.0,0,0.5745147606951805,0.0,0
2020-07-28,10747.0,0.0,170.0,0.0,0.0,12536.0,0.0,0.0,0.0,0.0,0.0,11885.0,84.0,7,11636.285714285714,1188.0,11797.0,0,0.6424824349273685,0.0,1
2020-07-29,11483.0,0.0,170.0,0.0,0.0,11885.0,0.0,0.0,0.0,0.0,0.0,11797.0,88.0,7,11786.285714285714,1253.0,11637.0,0,0.5248627469641219,0.0,2
2020-07-30,11580.0,0.0,170.0,0.0,0.0,11797.0,0.0,0.0,0.0,0.0,0.0,11637.0,85.0,7,11808.285714285714,1168.0,11169.0,0,0.2033860313692263,0.0,3
2020-07-31,10998.0,0.0,170.0,0.0,0.0,11637.0,0.0,0.0,0.0,0.0,0.0,11169.0,87.0,7,11749.57142857143,962.0,10415.0,1,-0.609533567928087,0.0,4
2020-08-01,12225.0,0.0,0.0,0.0,0.0,11169.0,0.0,0.0,0.0,0.0,0.0,10415.0,184.0,8,11666.285714285714,1284.0,8689.0,1,-4.037003941939818,0.0,5
2020-08-02,12536.0,0.0,0.0,0.0,0.0,10415.0,0.0,0.0,0.0,0.0,0.0,8689.0,161.0,8,11161.142857142857,2050.0,9014.0,0,-4.306128310131228,0.0,6
2020-08-03,11885.0,0.0,0.0,0.0,0.0,8689.0,0.0,0.0,0.0,0.0,0.0,9014.0,164.0,8,10658.0,2076.0,9578.0,0,-3.992999394642895,0.0,0
2020-08-04,11797.0,0.0,85.0,0.0,0.0,9014.0,0.0,0.0,0.0,0.0,0.0,9578.0,193.0,8,10328.42857142857,785.0,10158.0,0,-1.847588357165974,0.0,1
2020-08-05,11637.0,0.0,170.0,0.0,0.0,9578.0,0.0,0.0,0.0,0.0,0.0,10158.0,156.0,8,10094.285714285714,835.0,9924.0,0,-2.1366742218469787,0.0,2
2020-08-06,11169.0,0.0,170.0,0.0,0.0,10158.0,0.0,0.0,0.0,0.0,0.0,9924.0,124.0,8,9849.57142857143,1062.0,11464.0,0,-0.6919513796357049,0.0,3
2020-08-07,10415.0,0.0,170.0,0.0,0.0,9924.0,0.0,0.0,0.0,0.0,0.0,11464.0,125.0,8,9891.714285714286,1000.0,11838.0,1,-0.10112848909942992,0.0,4
2020-08-08,8689.0,0.0,170.0,0.0,0.0,11464.0,0.0,0.0,0.0,0.0,0.0,11838.0,88.0,8,10095.0,981.0,12023.0,1,0.5326335779789308,0.0,5
2020-08-09,9014.0,0.0,170.0,0.0,0.0,11838.0,0.0,0.0,0.0,0.0,0.0,12023.0,155.0,8,10571.285714285714,1659.0,12016.0,0,0.40287558791956635,0.0,6
2020-08-10,9578.0,0.0,170.0,0.0,0.0,12023.0,0.0,0.0,0.0,0.0,0.0,12016.0,114.0,8,11000.142857142857,1370.0,12063.0,0,0.2971450803193097,0.0,0
2020-08-11,10158.0,0.0,170.0,0.0,0.0,12016.0,0.0,0.0,0.0,0.0,0.0,12063.0,69.0,8,11355.142857142857,1415.0,9801.0,0,-2.641817895115577,0.0,1
2020-08-12,9924.0,0.0,85.0,0.0,0.0,12063.0,0.0,0.0,0.0,0.0,0.0,9801.0,183.0,8,11304.142857142857,2481.0,8940.0,0,-3.7803872779555916,0.0,2
2020-08-13,11464.0,0.0,170.0,0.0,0.0,9801.0,0.0,0.0,0.0,0.0,0.0,8940.0,75.0,8,11163.57142857143,1090.0,12484.0,0,0.5692317302084217,0.0,3
2020-08-14,11838.0,0.0,170.0,0.0,0.0,8940.0,0.0,0.0,0.0,0.0,0.0,12484.0,73.0,8,11309.285714285714,1054.0,11501.0,1,0.19034699246190448,0.0,4
2020-08-15,12023.0,0.0,170.0,0.0,0.0,12484.0,0.0,0.0,0.0,0.0,0.0,11501.0,73.0,8,11261.142857142857,1043.0,10589.0,1,-0.733870221027064,0.0,5
2020-08-16,12016.0,0.0,170.0,0.0,0.0,11501.0,0.0,0.0,0.0,0.0,0.0,10589.0,75.0,8,11056.285714285714,1132.0,11346.0,0,-0.16834672853905533,0.0,6
2020-08-17,12063.0,0.0,170.0,0.0,0.0,10589.0,0.0,0.0,0.0,0.0,0.0,11346.0,72.0,8,10960.57142857143,1225.0,11682.0,0,-0.023188021789391434,0.0,0
2020-08-18,9801.0,0.0,170.0,0.0,0.0,11346.0,0.0,0.0,0.0,0.0,0.0,11682.0,74.0,8,10906.142857142857,1312.0,11793.0,0,0.007954184156882451,0.0,1
2020-08-19,8940.0,0.0,170.0,0.0,0.0,11682.0,0.0,0.0,0.0,0.0,0.0,11793.0,107.0,8,11190.714285714286,1314.0,11429.0,0,-0.34840007075601354,0.0,2
2020-08-20,12484.0,0.0,170.0,0.0,0.0,11793.0,0.0,0.0,0.0,0.0,0.0,11429.0,112.0,8,11546.285714285714,1592.0,11132.0,0,-0.374761350104968,0.0,3
2020-08-21,11501.0,0.0,170.0,0.0,0.0,11429.0,0.0,0.0,0.0,0.0,0.0,11132.0,111.0,8,11353.142857142857,1310.0,10401.0,1,-1.0782418171373442,0.0,4
2020-08-22,10589.0,0.0,170.0,0.0,0.0,11132.0,0.0,0.0,0.0,0.0,0.0,10401.0,113.0,8,11196.0,1648.0,11429.0,1,-0.5243413217229154,0.0,5
2020-08-23,11346.0,0.0,170.0,0.0,0.0,10401.0,0.0,0.0,0.0,0.0,0.0,11429.0,152.0,8,11316.0,1661.0,11804.0,0,0.10081591149723101,0.0,6
2020-08-24,11682.0,0.0,170.0,0.0,0.0,11429.0,0.0,0.0,0.0,0.0,0.0,11804.0,155.0,8,11381.42857142857,1667.0,11975.0,0,0.40697284476215195,0.0,0
2020-08-25,11793.0,0.0,170.0,0.0,0.0,11804.0,0.0,0.0,0.0,0.0,0.0,11975.0,162.0,8,11423.285714285714,1818.0,11563.0,0,-0.2210461719820182,0.0,1
2020-08-26,11429.0,0.0,170.0,0.0,0.0,11975.0,0.0,0.0,0.0,0.0,0.0,11563.0,145.0,8,11390.42857142857,1945.0,11239.0,0,-0.11565400422385162,0.0,2
2020-08-27,11132.0,0.0,170.0,0.0,0.0,11563.0,0.0,0.0,0.0,0.0,0.0,11239.0,143.0,8,11363.285714285714,1844.0,11595.0,0,0.12029859950866267,0.0,3
2020-08-28,10401.0,0.0,170.0,0.0,0.0,11239.0,0.0,0.0,0.0,0.0,0.0,11595.0,140.0,8,11429.42857142857,1903.0,11251.0,1,-0.31460519862079894,0.0,4
2020-08-29,11429.0,0.0,170.0,0.0,0.0,11595.0,0.0,0.0,0.0,0.0,0.0,11251.0,141.0,8,11550.857142857143,2025.0,12081.0,1,0.8948251150181358,0.0,5
2020-08-30,11804.0,0.0,170.0,0.0,0.0,11251.0,0.0,0.0,0.0,0.0,0.0,12081.0,140.0,8,11644.0,2076.0,12177.0,0,1.0073645501116437,0.0,6
2020-08-31,11975.0,0.0,170.0,0.0,0.0,12081.0,0.0,0.0,0.0,0.0,0.0,12177.0,143.0,8,11697.285714285714,2076.0,12577.0,0,1.3506854534754733,0.0,0
2020-09-01,11563.0,0.0,0.0,0.0,0.0,12177.0,0.0,0.0,0.0,0.0,0.0,12577.0,185.0,9,11783.285714285714,1034.0,8484.0,0,-4.001488401521128,0.0,1
2020-09-02,11239.0,0.0,0.0,0.0,0.0,12577.0,0.0,0.0,0.0,0.0,0.0,8484.0,162.0,9,11343.42857142857,2220.0,9214.0,0,-4.010258525082291,0.0,2
2020-09-03,11595.0,0.0,0.0,0.0,0.0,8484.0,0.0,0.0,0.0,0.0,0.0,9214.0,164.0,9,11054.142857142857,1959.0,9589.0,0,-3.8076887512434485,0.0,3
2020-09-04,11251.0,0.0,85.0,0.0,0.0,9214.0,0.0,0.0,0.0,0.0,0.0,9589.0,194.0,9,10767.57142857143,985.0,10019.0,1,-2.1065989674548082,0.0,4
2020-09-05,12081.0,0.0,170.0,0.0,0.0,9589.0,0.0,0.0,0.0,0.0,0.0,10019.0,157.0,9,10591.57142857143,627.0,10539.0,1,-1.413902475228252,0.0,5
2020-09-06,12177.0,0.0,170.0,0.0,0.0,10019.0,0.0,0.0,0.0,0.0,0.0,10539.0,123.0,9,10371.285714285714,1112.0,11934.0,0,0.09871283536983216,0.0,6
2020-09-07,12577.0,0.0,170.0,0.0,0.0,10539.0,0.0,0.0,0.0,0.0,0.0,11934.0,125.0,9,10336.57142857143,946.0,11305.0,0,-0.48760429381350123,0.0,0
2020-09-08,8484.0,0.0,170.0,0.0,0.0,11934.0,0.0,0.0,0.0,0.0,0.0,11305.0,79.0,9,10154.857142857143,1061.0,11974.0,0,0.4657794205941203,0.0,1
2020-09-09,9214.0,0.0,170.0,0.0,0.0,11305.0,0.0,0.0,0.0,0.0,0.0,11974.0,150.0,9,10653.42857142857,1277.0,12493.0,0,1.1305983161241477,0.0,2
2020-09-10,9589.0,0.0,170.0,0.0,0.0,11974.0,0.0,0.0,0.0,0.0,0.0,12493.0,113.0,9,11121.857142857143,1319.0,11909.0,0,0.6422480395133353,0.0,3
2020-09-11,10019.0,0.0,170.0,0.0,0.0,12493.0,0.0,0.0,0.0,0.0,0.0,11909.0,67.0,9,11453.285714285714,1505.0,10008.0,1,-2.4609409716794777,0.0,4
2020-09-12,10539.0,0.0,85.0,0.0,0.0,11909.0,0.0,0.0,0.0,0.0,0.0,10008.0,182.0,9,11451.714285714286,2217.0,8815.0,1,-3.8539056970219727,0.0,5
2020-09-13,11934.0,0.0,170.0,0.0,0.0,10008.0,0.0,0.0,0.0,0.0,0.0,8815.0,145.0,9,11205.42857142857,1177.0,12345.0,0,0.317388634918813,0.0,6
2020-09-14,11305.0,0.0,170.0,0.0,0.0,8815.0,0.0,0.0,0.0,0.0,0.0,12345.0,190.0,9,11264.142857142857,1325.0,12040.0,0,0.06351484196487864,0.0,0
2020-09-15,11974.0,0.0,170.0,0.0,0.0,12345.0,0.0,0.0,0.0,0.0,0.0,12040.0,189.0,9,11369.142857142857,1355.0,12080.0,0,0.6970173900559574,0.0,1
2020-09-16,12493.0,0.0,170.0,0.0,0.0,12040.0,0.0,0.0,0.0,0.0,0.0,12080.0,154.0,9,11384.285714285714,2469.0,11966.0,0,0.354070875539736,0.0,2
2020-09-17,11909.0,0.0,170.0,0.0,0.0,12080.0,0.0,0.0,0.0,0.0,0.0,11966.0,88.0,9,11309.0,1978.0,11554.0,0,-0.1370004958877795,0.0,3
2020-09-18,10008.0,0.0,170.0,0.0,0.0,11966.0,0.0,0.0,0.0,0.0,0.0,11554.0,153.0,9,11258.285714285714,1949.0,11625.0,1,0.22051887173119422,0.0,4
2020-09-19,8815.0,0.0,170.0,0.0,0.0,11554.0,0.0,0.0,0.0,0.0,0.0,11625.0,122.0,9,11489.285714285714,1732.0,12725.0,1,1.1515914780527625,0.0,5
2020-09-20,12345.0,0.0,170.0,0.0,0.0,11625.0,0.0,0.0,0.0,0.0,0.0,12725.0,113.0,9,12047.857142857143,1878.0,12220.0,0,0.8268443374427046,0.0,6
2020-09-21,12040.0,0.0,170.0,0.0,0.0,12725.0,0.0,0.0,0.0,0.0,0.0,12220.0,114.0,9,12030.0,1766.0,11925.0,0,0.47635531972892053,0.0,0
2020-09-22,12080.0,0.0,170.0,0.0,0.0,12220.0,0.0,0.0,0.0,0.0,0.0,11925.0,115.0,9,12013.57142857143,1816.0,11422.0,0,-0.14394849681678734,0.0,1
2020-09-23,11966.0,0.0,170.0,0.0,0.0,11925.0,0.0,0.0,0.0,0.0,0.0,11422.0,155.0,9,11919.57142857143,1812.0,11384.0,0,-0.26585197316379394,0.0,2
2020-09-24,11554.0,0.0,170.0,0.0,0.0,11422.0,0.0,0.0,0.0,0.0,0.0,11384.0,187.0,9,11836.42857142857,1791.0,11477.0,0,-0.4621118546196356,0.0,3
2020-09-25,11625.0,0.0,170.0,0.0,0.0,11384.0,0.0,0.0,0.0,0.0,0.0,11477.0,117.0,9,11825.42857142857,1744.0,10262.0,1,-1.5666452985238444,0.0,4
2020-09-26,12725.0,0.0,170.0,0.0,0.0,11477.0,0.0,0.0,0.0,0.0,0.0,10262.0,155.0,9,11630.714285714286,1333.0,10714.0,1,-1.3879076873854035,0.0,5
2020-09-27,12220.0,0.0,170.0,0.0,0.0,10262.0,0.0,0.0,0.0,0.0,0.0,10714.0,186.0,9,11343.42857142857,1196.0,11499.0,0,-0.44386572655662476,0.0,6
2020-09-28,11925.0,0.0,170.0,0.0,0.0,10714.0,0.0,0.0,0.0,0.0,0.0,11499.0,188.0,9,11240.42857142857,1251.0,12111.0,0,0.6287848852144489,0.0,0
2020-09-29,11422.0,0.0,170.0,0.0,0.0,11499.0,0.0,0.0,0.0,0.0,0.0,12111.0,153.0,9,11267.0,1120.0,12250.0,0,0.705596876213604,0.0,1
2020-09-30,11384.0,0.0,170.0,0.0,0.0,12111.0,0.0,0.0,0.0,0.0,0.0,12250.0,187.0,9,11385.285714285714,1140.0,12428.0,0,1.1126072686583222,0.0,2
2020-10-01,11477.0,0.0,0.0,0.0,0.0,12250.0,0.0,0.0,0.0,0.0,0.0,12428.0,185.0,10,11534.42857142857,1079.0,7680.0,0,-4.865639992346636,0.0,3
2020-10-02,10262.0,0.0,0.0,0.0,0.0,12428.0,0.0,0.0,0.0,0.0,0.0,7680.0,161.0,10,10992.0,2105.0,9172.0,1,-4.2577123562918695,0.0,4
2020-10-03,10714.0,0.0,0.0,0.0,0.0,7680.0,0.0,0.0,0.0,0.0,0.0,9172.0,165.0,10,10836.285714285714,2084.0,9732.0,1,-3.940548748196621,0.0,5
2020-10-04,11499.0,0.0,85.0,0.0,0.0,9172.0,0.0,0.0,0.0,0.0,0.0,9732.0,197.0,10,10696.0,939.0,10095.0,0,-2.06784729154017,0.0,6
2020-10-05,12111.0,0.0,170.0,0.0,0.0,9732.0,0.0,0.0,0.0,0.0,0.0,10095.0,157.0,10,10495.42857142857,664.0,10210.0,0,-1.4997058921618425,0.0,0
2020-10-06,12250.0,0.0,170.0,0.0,350.0,10095.0,0.0,0.0,200.0,0.0,0.0,10210.0,124.0,10,10223.857142857143,1163.0,11415.0,0,-0.30025885906879723,0.0,1
2020-10-07,12428.0,0.0,170.0,0.0,0.0,10210.0,0.0,0.0,0.0,0.0,0.0,11415.0,125.0,10,10104.57142857143,963.0,10640.0,0,-1.1902407722184325,0.0,2
2020-10-08,7680.0,0.0,170.0,0.0,0.0,11415.0,0.0,0.0,0.0,0.0,0.0,10640.0,85.0,10,9849.142857142857,1199.0,12246.0,0,0.44367966640318457,0.0,3
2020-10-09,9172.0,0.0,170.0,0.0,0.0,10640.0,0.0,0.0,0.0,0.0,0.0,12246.0,184.0,10,10501.42857142857,1298.0,11941.0,1,0.135274630084928,0.0,4
2020-10-10,9732.0,0.0,170.0,0.0,0.0,12246.0,0.0,0.0,0.0,0.0,0.0,11941.0,110.0,10,10897.0,1068.0,12650.0,1,1.1255355109587406,0.0,5
2020-10-11,10095.0,0.0,170.0,0.0,0.0,11941.0,0.0,0.0,0.0,0.0,0.0,12650.0,68.0,10,11313.857142857143,1906.0,10084.0,0,-2.130477633155274,0.0,6
2020-10-12,10210.0,0.0,85.0,0.0,0.0,12650.0,0.0,0.0,0.0,0.0,0.0,10084.0,182.0,10,11312.285714285714,2325.0,8884.0,0,-3.8113552109359885,0.0,0
2020-10-13,11415.0,0.0,170.0,0.0,0.0,10084.0,0.0,0.0,0.0,0.0,0.0,8884.0,107.0,10,11122.857142857143,1228.0,12727.0,0,0.7306386186523107,0.0,1
2020-10-14,10640.0,0.0,170.0,0.0,0.0,8884.0,0.0,0.0,0.0,0.0,0.0,12727.0,107.0,10,11310.285714285714,1276.0,12528.0,0,0.9042602758130824,0.0,2
2020-10-15,12246.0,0.0,170.0,0.0,0.0,12727.0,0.0,0.0,0.0,0.0,0.0,12528.0,109.0,10,11580.0,1274.0,12684.0,0,1.5202499183964884,0.0,3
2020-10-16,11941.0,0.0,170.0,0.0,0.0,12528.0,0.0,0.0,0.0,0.0,0.0,12684.0,108.0,10,11642.57142857143,1209.0,11984.0,1,1.1955432844217844,0.0,4
2020-10-17,12650.0,0.0,170.0,0.0,0.0,12684.0,0.0,0.0,0.0,0.0,0.0,11984.0,107.0,10,11648.714285714286,1278.0,12637.0,1,1.4793093500007308,0.0,5
2020-10-18,10084.0,0.0,170.0,0.0,0.0,11984.0,0.0,0.0,0.0,0.0,0.0,12637.0,110.0,10,11646.857142857143,1431.0,12512.0,0,1.0368699852659304,0.0,6
2020-10-19,8884.0,0.0,170.0,0.0,0.0,12637.0,0.0,0.0,0.0,0.0,0.0,12512.0,112.0,10,11993.714285714286,1351.0,12659.0,0,1.3220147365865933,0.0,0
2020-10-20,12727.0,0.0,170.0,0.0,0.0,12512.0,0.0,0.0,0.0,0.0,0.0,12659.0,112.0,10,12533.0,1425.0,12538.0,0,1.471014460265953,0.0,1
2020-10-21,12528.0,0.0,170.0,0.0,0.0,12659.0,0.0,0.0,0.0,0.0,0.0,12538.0,112.0,10,12506.0,1440.0,12026.0,0,0.7676869912757018,0.0,2
2020-10-22,12684.0,0.0,170.0,0.0,0.0,12538.0,0.0,0.0,0.0,0.0,0.0,12026.0,109.0,10,12434.285714285714,1477.0,9836.0,0,-2.3300084008227966,0.0,3
2020-10-23,11984.0,0.0,170.0,0.0,0.0,12026.0,0.0,0.0,0.0,0.0,0.0,9836.0,74.0,10,12027.42857142857,1305.0,8212.0,1,-4.444790365627952,0.0,4
2020-10-24,12637.0,0.0,170.0,0.0,0.0,9836.0,0.0,0.0,0.0,0.0,0.0,8212.0,70.0,10,11488.57142857143,1318.0,9790.0,1,-2.8950795532561626,0.0,5
2020-10-25,12512.0,0.0,170.0,0.0,0.0,8212.0,0.0,0.0,0.0,0.0,0.0,9790.0,70.0,10,11081.857142857143,1327.0,10732.0,0,-1.8185457425724665,0.0,6
2020-10-26,12659.0,0.0,170.0,0.0,0.0,9790.0,0.0,0.0,0.0,0.0,0.0,10732.0,69.0,10,10827.57142857143,1209.0,10705.0,0,-1.5823982574696684,0.0,0
2020-10-27,12538.0,0.0,170.0,0.0,0.0,10732.0,0.0,0.0,0.0,0.0,0.0,10705.0,72.0,10,10548.42857142857,1432.0,11294.0,0,-0.9417315904877508,0.0,1
2020-10-28,12026.0,0.0,170.0,0.0,0.0,10705.0,0.0,0.0,0.0,0.0,0.0,11294.0,72.0,10,10370.714285714286,1458.0,11381.0,0,-0.49232748060004644,0.0,2
2020-10-29,9836.0,0.0,170.0,0.0,0.0,11294.0,0.0,0.0,0.0,0.0,0.0,11381.0,72.0,10,10278.57142857143,1390.0,12085.0,0,-0.11031156405485634,0.0,3
2020-10-30,8212.0,0.0,165.0,0.0,0.0,11381.0,0.0,0.0,0.0,0.0,0.0,12085.0,71.0,10,10599.857142857143,1374.0,11107.0,1,-0.7777162118380874,0.0,4
2020-10-31,9790.0,0.0,87.0,0.0,0.0,12085.0,0.0,0.0,0.0,0.0,0.0,11107.0,70.0,10,11013.42857142857,1352.0,11266.0,1,-1.0436953826628923,0.0,5
2020-11-01,10732.0,0.0,0.0,0.0,0.0,11107.0,0.0,0.0,0.0,0.0,0.0,11266.0,155.0,11,11224.285714285714,1034.0,8653.0,0,-4.230919309613874,0.0,6
2020-11-02,10705.0,0.0,0.0,0.0,0.0,11266.0,0.0,0.0,0.0,0.0,0.0,8653.0,161.0,11,10927.285714285714,1525.0,9224.0,0,-4.2725200122702365,0.0,0
2020-11-03,11294.0,0.0,0.0,0.0,0.0,8653.0,0.0,0.0,0.0,0.0,0.0,9224.0,165.0,11,10715.714285714286,2052.0,9954.0,0,-3.426929672788231,0.0,1
2020-11-04,11381.0,0.0,85.0,0.0,0.0,9224.0,0.0,0.0,0.0,0.0,0.0,9954.0,198.0,11,10524.285714285714,1169.0,7375.0,0,-5.829037729517976,0.0,2
2020-11-05,12085.0,0.0,170.0,0.0,0.0,9954.0,0.0,0.0,0.0,0.0,0.0,7375.0,194.0,11,9952.0,902.0,11068.0,0,-0.8443929968064318,0.0,3
2020-11-06,11107.0,0.0,170.0,0.0,0.0,7375.0,0.0,0.0,0.0,0.0,0.0,11068.0,134.0,11,9806.714285714286,1047.0,11211.0,1,-1.0749439530304823,0.0,4
2020-11-07,11266.0,0.0,170.0,0.0,0.0,11068.0,0.0,0.0,0.0,0.0,0.0,11211.0,126.0,11,9821.57142857143,834.0,10538.0,1,-1.383443195855715,0.0,5
2020-11-08,8653.0,0.0,170.0,0.0,0.0,11211.0,0.0,0.0,0.0,0.0,0.0,10538.0,85.0,11,9717.57142857143,1215.0,12246.0,0,0.14095185916796973,0.0,6
2020-11-09,9224.0,0.0,170.0,0.0,0.0,10538.0,0.0,0.0,0.0,0.0,0.0,12246.0,185.0,11,10230.857142857143,1271.0,11259.0,0,-0.320313461220647,0.0,0
2020-11-10,9954.0,0.0,170.0,0.0,0.0,12246.0,0.0,0.0,0.0,0.0,0.0,11259.0,110.0,11,10521.57142857143,1054.0,12759.0,0,1.129993277265406,0.0,1
2020-11-11,7375.0,0.0,170.0,0.0,0.0,11259.0,0.0,0.0,0.0,0.0,0.0,12759.0,69.0,11,10922.285714285714,1969.0,9996.0,0,-2.8136132120718647,0.0,2
2020-11-12,11068.0,0.0,85.0,0.0,0.0,12759.0,0.0,0.0,0.0,0.0,0.0,9996.0,181.0,11,11296.714285714286,2218.0,7871.0,0,-4.449571160424666,0.0,3
2020-11-13,11211.0,0.0,109.0,0.0,0.0,9996.0,0.0,0.0,0.0,0.0,0.0,7871.0,72.0,11,10840.0,1808.0,8915.0,1,-4.21815509534467,0.0,4
2020-11-14,10538.0,0.0,170.0,0.0,0.0,7871.0,0.0,0.0,0.0,0.0,0.0,8915.0,72.0,11,10512.0,1900.0,9822.0,1,-3.505760022633062,0.0,5
2020-11-15,12246.0,0.0,170.0,0.0,0.0,8915.0,0.0,0.0,0.0,0.0,0.0,9822.0,72.0,11,10409.714285714286,1892.0,9729.0,0,-3.3628191976823274,0.0,6
2020-11-16,11259.0,0.0,170.0,0.0,0.0,9822.0,0.0,0.0,0.0,0.0,0.0,9729.0,74.0,11,10050.142857142857,2013.0,9719.0,0,-3.4180615249045907,0.0,0
2020-11-17,12759.0,0.0,170.0,0.0,0.0,9729.0,0.0,0.0,0.0,0.0,0.0,9719.0,72.0,11,9830.142857142857,1911.0,9633.0,0,-3.5984035359153443,0.0,1
2020-11-18,9996.0,0.0,170.0,0.0,0.0,9719.0,0.0,0.0,0.0,0.0,0.0,9633.0,72.0,11,9383.57142857143,1860.0,9429.0,0,-4.074811947225283,0.0,2
2020-11-19,7871.0,0.0,105.0,0.0,0.0,9633.0,0.0,0.0,0.0,0.0,0.0,9429.0,69.0,11,9302.57142857143,1952.0,9284.0,0,-3.919726856935565,0.0,3
2020-11-20,8915.0,0.0,170.0,0.0,0.0,9429.0,0.0,0.0,0.0,0.0,0.0,9284.0,73.0,11,9504.42857142857,2422.0,8454.0,1,-4.940103032807514,0.0,4
2020-11-21,9822.0,0.0,170.0,0.0,0.0,9284.0,0.0,0.0,0.0,0.0,0.0,8454.0,116.0,11,9438.57142857143,1665.0,9321.0,1,-4.321621852617262,0.0,5
2020-11-22,9729.0,0.0,110.0,0.0,0.0,8454.0,0.0,0.0,0.0,0.0,0.0,9321.0,69.0,11,9367.0,1769.0,8989.0,0,-4.498371438599561,0.0,6
2020-11-23,9719.0,0.0,170.0,0.0,0.0,9321.0,0.0,0.0,0.0,0.0,0.0,8989.0,70.0,11,9261.285714285714,1680.0,8867.0,0,-4.648044637196544,0.0,0
2020-11-24,9633.0,0.0,170.0,0.0,0.0,8989.0,0.0,0.0,0.0,0.0,0.0,8867.0,103.0,11,9139.57142857143,1573.0,8762.0,0,-4.790846248889702,0.0,1
2020-11-25,9429.0,0.0,170.0,0.0,0.0,8867.0,0.0,0.0,0.0,0.0,0.0,8762.0,103.0,11,9015.142857142857,1501.0,8900.0,0,-4.846948982718912,0.0,2
2020-11-26,9284.0,0.0,170.0,0.0,0.0,8762.0,0.0,0.0,0.0,0.0,0.0,8900.0,104.0,11,8939.57142857143,1501.0,8926.0,0,-4.657471499175559,0.0,3
2020-11-27,8454.0,0.0,170.0,0.0,0.0,8900.0,0.0,0.0,0.0,0.0,0.0,8926.0,105.0,11,8888.42857142857,1403.0,7828.0,1,-5.844075099672437,0.0,4
2020-11-28,9321.0,0.0,170.0,0.0,0.0,8926.0,0.0,0.0,0.0,0.0,0.0,7828.0,103.0,11,8799.0,1378.0,9056.0,1,-4.6532493252818785,0.0,5
2020-11-29,8989.0,0.0,170.0,0.0,0.0,7828.0,0.0,0.0,0.0,0.0,0.0,9056.0,106.0,11,8761.142857142857,1527.0,9055.0,0,-4.841584120784808,0.0,6
2020-11-30,8867.0,0.0,170.0,0.0,0.0,9056.0,0.0,0.0,0.0,0.0,0.0,9055.0,105.0,11,8770.57142857143,1698.0,9074.0,0,-4.717605246946761,0.0,0
2020-12-01,8762.0,0.0,0.0,0.0,0.0,9055.0,0.0,0.0,0.0,0.0,0.0,9074.0,190.0,12,8800.142857142857,934.0,8561.0,0,-5.1463453985201735,0.0,1
2020-12-02,8900.0,0.0,0.0,0.0,0.0,9074.0,0.0,0.0,0.0,0.0,0.0,8561.0,162.0,12,8771.42857142857,1735.0,9305.0,0,-4.846519263359969,0.0,2
2020-12-02,8926.0,0.0,0.0,0.0,0.0,8561.0,0.0,0.0,0.0,0.0,0.0,9305.0,162.0,12,8829.285714285714,1735.0,9305.0,0,-4.798580929074887,0.0,2
2020-12-03,7828.0,0.0,0.0,0.0,0.0,9305.0,0.0,0.0,0.0,0.0,0.0,9305.0,166.0,12,8883.42857142857,2051.0,10623.0,0,-3.0213177490070997,0.0,3
2020-12-04,9056.0,0.0,85.0,0.0,0.0,9305.0,0.0,0.0,0.0,0.0,0.0,10623.0,197.0,12,9282.714285714286,1119.0,8865.0,1,-3.707028739271359,0.0,4
2020-12-05,9055.0,0.0,170.0,0.0,0.0,10623.0,0.0,0.0,0.0,0.0,0.0,8865.0,195.0,12,9255.42857142857,969.0,11513.0,1,-0.6095971136185524,0.0,5
2020-12-06,9074.0,0.0,170.0,0.0,0.0,8865.0,0.0,0.0,0.0,0.0,0.0,11513.0,132.0,12,9606.57142857143,986.0,10167.0,0,-2.18379425379473,0.0,6
2020-12-07,8561.0,0.0,170.0,0.0,0.0,11513.0,0.0,0.0,0.0,0.0,0.0,10167.0,126.0,12,9762.714285714286,858.0,10886.0,0,-1.2304973519645328,0.0,0
2020-12-08,9305.0,0.0,170.0,0.0,0.0,10167.0,0.0,0.0,0.0,0.0,0.0,10886.0,76.0,12,10094.857142857143,1165.0,12238.0,0,0.42192191746353425,0.0,1
2020-12-09,9305.0,0.0,170.0,0.0,0.0,10886.0,0.0,0.0,0.0,0.0,0.0,12238.0,184.0,12,10513.857142857143,1385.0,12229.0,0,0.531123011516216,0.0,2
2020-12-10,10623.0,0.0,170.0,0.0,0.0,12238.0,0.0,0.0,0.0,0.0,0.0,12229.0,107.0,12,10931.57142857143,1235.0,12722.0,0,1.1520364920215127,0.0,3
2020-12-11,8865.0,0.0,170.0,0.0,0.0,12229.0,0.0,0.0,0.0,0.0,0.0,12722.0,69.0,12,11231.42857142857,1918.0,10193.0,1,-2.376806563260013,0.0,4
2020-12-12,11513.0,0.0,85.0,0.0,0.0,12722.0,0.0,0.0,0.0,0.0,0.0,10193.0,183.0,12,11421.142857142857,2286.0,8743.0,1,-3.7068110933626213,0.0,5
2020-12-13,10167.0,0.0,85.0,0.0,0.0,10193.0,0.0,0.0,0.0,0.0,0.0,8743.0,184.0,12,11025.42857142857,2298.0,8699.0,0,-4.374165391282878,0.0,6
2020-12-14,10886.0,0.0,85.0,0.0,0.0,8743.0,0.0,0.0,0.0,0.0,0.0,8699.0,182.0,12,10815.714285714286,2539.0,8877.0,0,-4.339351039533232,0.0,0
2020-12-15,12238.0,0.0,85.0,0.0,0.0,8699.0,0.0,0.0,0.0,0.0,0.0,8877.0,186.0,12,10528.714285714286,2462.0,8816.0,0,-4.198082255762477,0.0,1
2020-12-16,12229.0,0.0,85.0,0.0,0.0,8877.0,0.0,0.0,0.0,0.0,0.0,8816.0,184.0,12,10039.857142857143,2512.0,7679.0,0,-5.310134892956994,0.0,2
2020-12-17,12722.0,0.0,85.0,0.0,0.0,8816.0,0.0,0.0,0.0,0.0,0.0,7679.0,184.0,12,9389.857142857143,2550.0,8546.0,0,-4.657424990802168,0.0,3
2020-12-18,10193.0,0.0,85.0,0.0,0.0,7679.0,0.0,0.0,0.0,0.0,0.0,8546.0,186.0,12,8793.285714285714,2306.0,7888.0,1,-5.608671640934235,0.0,4
2020-12-19,8743.0,0.0,85.0,0.0,0.0,8546.0,0.0,0.0,0.0,0.0,0.0,7888.0,185.0,12,8464.0,2495.0,8602.0,1,-5.206598322260033,0.0,5
2020-12-20,8699.0,0.0,85.0,0.0,0.0,7888.0,0.0,0.0,0.0,0.0,0.0,8602.0,195.0,12,8443.857142857143,2247.0,8763.0,0,-5.0755546873755,0.0,6
2020-12-21,8877.0,0.0,85.0,0.0,0.0,8602.0,0.0,0.0,0.0,0.0,0.0,8763.0,190.0,12,8453.0,2316.0,8862.0,0,-4.629022761152868,0.0,0
2020-12-22,8816.0,0.0,85.0,0.0,0.0,8763.0,0.0,0.0,0.0,0.0,0.0,8862.0,190.0,12,8450.857142857143,2790.0,8860.0,0,-4.6590708082846914,0.0,1
2020-12-23,7679.0,0.0,85.0,0.0,0.0,8862.0,0.0,0.0,0.0,0.0,0.0,8860.0,182.0,12,8457.142857142857,3125.0,8950.0,0,-4.698174391149508,0.0,2
2020-12-24,8546.0,0.0,85.0,0.0,0.0,8860.0,0.0,0.0,0.0,0.0,0.0,8950.0,181.0,12,8638.714285714286,3040.0,8838.0,0,-4.721429929611832,0.0,3
2020-12-25,7888.0,0.0,85.0,0.0,0.0,8950.0,0.0,0.0,0.0,0.0,0.0,8838.0,183.0,12,8680.42857142857,3193.0,7815.0,1,-5.723153519328919,0.0,4
2020-12-26,8602.0,0.0,85.0,0.0,0.0,8838.0,0.0,0.0,0.0,0.0,0.0,7815.0,183.0,12,8670.0,3201.0,8775.0,1,-4.92376380305395,0.0,5
2020-12-27,8763.0,0.0,85.0,0.0,0.0,7815.0,0.0,0.0,0.0,0.0,0.0,8775.0,184.0,12,8694.714285714286,3311.0,8843.0,0,-4.875991093111254,0.0,6
2020-12-28,8862.0,0.0,85.0,0.0,0.0,8775.0,0.0,0.0,0.0,0.0,0.0,8843.0,184.0,12,8706.142857142857,3367.0,8808.0,0,-4.6939555629683385,0.0,0
2020-12-29,8860.0,0.0,85.0,0.0,0.0,8843.0,0.0,0.0,0.0,0.0,0.0,8808.0,185.0,12,8698.42857142857,3493.0,8945.0,0,-4.6705536956573495,0.0,1
2020-12-30,8950.0,0.0,85.0,0.0,0.0,8808.0,0.0,0.0,0.0,0.0,0.0,8945.0,185.0,12,8710.57142857143,3589.0,8911.0,0,-4.739355808804103,0.0,2
2020-12-31,8838.0,0.0,170.0,0.0,0.0,8945.0,0.0,0.0,0.0,0.0,0.0,8911.0,184.0,12,8705.0,3702.0,8853.0,0,-4.681689916559061,0.0,3
2021-01-01,7815.0,0.0,160.0,0.0,0.0,8911.0,0.0,0.0,0.0,0.0,0.0,8853.0,144.0,1,8707.142857142857,4000.0,8985.0,1,-4.370717187231836,0.0,4
2021-01-02,8775.0,0.0,170.0,0.0,0.0,8853.0,0.0,0.0,0.0,0.0,0.0,8985.0,183.0,1,8874.285714285714,2879.0,9074.0,1,-4.0929773672043455,0.0,5
2021-01-03,8843.0,0.0,86.0,0.0,0.0,8985.0,0.0,0.0,0.0,0.0,0.0,9074.0,160.0,1,8917.0,2715.0,10988.0,0,-2.256963124425684,0.0,6
2021-01-04,8808.0,0.0,444.0,0.0,0.0,9074.0,0.0,0.0,0.0,0.0,0.0,10988.0,124.0,1,9223.42857142857,1237.0,12893.0,0,0.04470036256032064,0.0,0
2021-01-05,8945.0,0.0,220.0,0.0,0.0,10988.0,0.0,0.0,0.0,0.0,0.0,12893.0,205.0,1,9807.0,1281.0,11665.0,0,0.05657495313343721,0.0,1
2021-01-06,8911.0,0.0,294.0,0.0,0.0,12893.0,0.0,0.0,0.0,0.0,0.0,11665.0,210.0,1,10195.57142857143,1591.0,11612.0,0,-0.35263625950039323,0.0,2
2021-01-07,8853.0,0.0,295.0,0.0,0.0,11665.0,0.0,0.0,0.0,0.0,0.0,11612.0,204.0,1,10581.42857142857,1010.0,10097.0,0,-2.2483082495712194,0.0,3
2021-01-08,8985.0,0.0,289.0,0.0,0.0,11612.0,0.0,0.0,0.0,0.0,0.0,10097.0,105.0,1,10759.142857142857,931.0,11508.0,1,-0.30789738784926945,0.0,4
2021-01-09,9074.0,0.0,201.0,0.0,0.0,10097.0,0.0,0.0,0.0,0.0,0.0,11508.0,94.0,1,11119.57142857143,1867.0,13075.0,1,1.301840564242282,0.0,5
2021-01-10,10988.0,0.0,10.0,0.0,0.0,11508.0,0.0,0.0,0.0,0.0,0.0,13075.0,0.0,1,11691.142857142857,2015.0,12308.0,0,1.265177708370019,0.0,6
2021-01-11,12893.0,0.0,3.0,0.0,0.0,13075.0,0.0,0.0,0.0,0.0,0.0,12308.0,0.0,1,11879.714285714286,1887.0,10331.0,0,-1.4874370002269914,0.0,0
2021-01-12,11665.0,0.0,0.0,0.0,0.0,12308.0,0.0,0.0,0.0,0.0,0.0,10331.0,0.0,1,11513.714285714286,1807.0,9537.0,0,-2.87741006202719,0.0,1
2021-01-13,11612.0,0.0,170.0,0.0,0.0,10331.0,0.0,0.0,0.0,0.0,0.0,9537.0,183.0,1,11209.714285714286,3785.0,9243.0,0,-3.3009062773801645,0.0,2
2021-01-14,10097.0,0.0,170.0,0.0,0.0,9537.0,0.0,0.0,0.0,0.0,0.0,9243.0,186.0,1,10871.285714285714,3985.0,9125.0,0,-3.57646799075607,0.0,3
2021-01-15,11508.0,0.0,170.0,0.0,0.0,9243.0,0.0,0.0,0.0,0.0,0.0,9125.0,184.0,1,10732.42857142857,3787.0,8182.0,1,-4.415996238009793,0.0,4
2021-01-16,13075.0,0.0,170.0,0.0,0.0,9125.0,0.0,0.0,0.0,0.0,0.0,8182.0,185.0,1,10257.285714285714,3867.0,9165.0,1,-3.591492465622038,0.0,5
2021-01-17,12308.0,0.0,170.0,0.0,0.0,8182.0,0.0,0.0,0.0,0.0,0.0,9165.0,186.0,1,9698.714285714286,3835.0,9232.0,0,-3.717167275749654,0.0,6
2021-01-18,10331.0,0.0,170.0,0.0,0.0,9165.0,0.0,0.0,0.0,0.0,0.0,9232.0,185.0,1,9259.285714285714,3843.0,9297.0,0,-3.649209535903826,0.0,0
2021-01-19,9537.0,0.0,170.0,0.0,0.0,9232.0,0.0,0.0,0.0,0.0,0.0,9297.0,186.0,1,9111.57142857143,3778.0,9380.0,0,-3.676537907868763,0.0,1
2021-01-20,9243.0,0.0,170.0,0.0,0.0,9297.0,0.0,0.0,0.0,0.0,0.0,9380.0,185.0,1,9089.142857142857,4011.0,9241.0,0,-3.92231984219507,0.0,2
2021-01-21,9125.0,0.0,170.0,0.0,0.0,9380.0,0.0,0.0,0.0,0.0,0.0,9241.0,183.0,1,9088.857142857143,4009.0,9279.0,0,-3.837232468731238,0.0,3
2021-01-22,8182.0,0.0,170.0,0.0,0.0,9241.0,0.0,0.0,0.0,0.0,0.0,9279.0,183.0,1,9110.857142857143,3884.0,8189.0,1,-4.911118401243328,0.0,4
2021-01-23,9165.0,0.0,170.0,0.0,0.0,9279.0,0.0,0.0,0.0,0.0,0.0,8189.0,183.0,1,9111.857142857143,3687.0,9242.0,1,-3.958600979628394,0.0,5
2021-01-24,9232.0,0.0,170.0,0.0,0.0,8189.0,0.0,0.0,0.0,0.0,0.0,9242.0,182.0,1,9122.857142857143,3633.0,9104.0,0,-3.978289876990386,0.0,6
2021-01-25,9297.0,0.0,170.0,0.0,0.0,9242.0,0.0,0.0,0.0,0.0,0.0,9104.0,161.0,1,9104.57142857143,3546.0,9278.0,0,-3.87116743291294,0.0,0
2021-01-26,9380.0,0.0,170.0,0.0,0.0,9104.0,0.0,0.0,0.0,0.0,0.0,9278.0,163.0,1,9101.857142857143,2981.0,9240.0,0,-3.7614868216932975,0.0,1
2021-01-27,9241.0,0.0,170.0,0.0,0.0,9278.0,0.0,0.0,0.0,0.0,0.0,9240.0,163.0,1,9081.857142857143,2905.0,9272.0,0,-3.9369937607446763,0.0,2
2021-01-28,9279.0,0.0,170.0,0.0,0.0,9240.0,0.0,0.0,0.0,0.0,0.0,9272.0,172.0,1,9086.285714285714,2980.0,9240.0,0,-3.769030799946214,0.0,3
2021-01-29,8189.0,0.0,170.0,0.0,0.0,9272.0,0.0,0.0,0.0,0.0,0.0,9240.0,175.0,1,9080.714285714286,2901.0,8348.0,1,-4.723195985227296,0.0,4
2021-01-30,9242.0,0.0,170.0,0.0,0.0,9240.0,0.0,0.0,0.0,0.0,0.0,8348.0,176.0,1,9103.42857142857,2769.0,9075.0,1,-4.156529438981034,0.0,5
2021-01-31,9104.0,0.0,170.0,0.0,0.0,8348.0,0.0,0.0,0.0,0.0,0.0,9075.0,188.0,1,9079.57142857143,2940.0,9188.0,0,-3.9568007176577744,0.0,6
2021-02-01,9278.0,0.0,159.0,0.0,0.0,9075.0,0.0,0.0,0.0,0.0,0.0,9188.0,144.0,2,9091.57142857143,4044.0,9156.0,0,-4.231864325248127,0.0,0
2021-02-02,9240.0,0.0,170.0,0.0,0.0,9188.0,0.0,0.0,0.0,0.0,0.0,9156.0,160.0,2,9074.142857142857,2786.0,9234.0,0,-3.9470390376582145,0.0,1
2021-02-03,9272.0,0.0,85.0,0.0,0.0,9156.0,0.0,0.0,0.0,0.0,0.0,9234.0,160.0,2,9073.285714285714,2664.0,10798.0,0,-2.065622095789224,0.0,2
2021-02-04,9240.0,0.0,294.0,0.0,0.0,9234.0,0.0,0.0,0.0,0.0,0.0,10798.0,125.0,2,9291.285714285714,882.0,11995.0,0,-0.6990992661771074,0.0,3
2021-02-05,8348.0,0.0,224.0,0.0,0.0,10798.0,0.0,0.0,0.0,0.0,0.0,11995.0,210.0,2,9684.857142857143,1512.0,12738.0,1,0.7830119824551471,0.0,4
2021-02-06,9075.0,0.0,294.0,0.0,0.0,11995.0,0.0,0.0,0.0,0.0,0.0,12738.0,210.0,2,10312.0,1642.0,13014.0,1,1.4447736555971773,0.0,5
2021-02-07,9188.0,0.0,294.0,0.0,0.0,12738.0,0.0,0.0,0.0,0.0,0.0,13014.0,203.0,2,10874.714285714286,913.0,9942.0,0,-1.6033126566116078,0.0,6
2021-02-08,9156.0,0.0,292.0,0.0,0.0,13014.0,0.0,0.0,0.0,0.0,0.0,9942.0,112.0,2,10982.42857142857,1096.0,11788.0,0,-0.09884977560551897,0.0,0
2021-02-09,9234.0,0.0,206.0,0.0,0.0,9942.0,0.0,0.0,0.0,0.0,0.0,11788.0,80.0,2,11358.42857142857,1869.0,12964.0,0,1.2307570701867327,0.0,1
2021-02-10,10798.0,0.0,4.0,0.0,0.0,11788.0,0.0,0.0,0.0,0.0,0.0,12964.0,0.0,2,11891.285714285714,1950.0,13178.0,0,1.9441350847977066,0.0,2
2021-02-11,11995.0,0.0,6.0,0.0,0.0,12964.0,0.0,0.0,0.0,0.0,0.0,13178.0,0.0,2,12231.285714285714,2124.0,10274.0,0,-1.502902902297724,0.0,3
2021-02-12,12738.0,0.0,0.0,0.0,0.0,13178.0,0.0,0.0,0.0,0.0,0.0,10274.0,0.0,2,11985.42857142857,2214.0,9588.0,1,-2.6041062233914034,0.0,4
2021-02-13,13014.0,0.0,170.0,0.0,0.0,10274.0,0.0,0.0,0.0,0.0,0.0,9588.0,160.0,2,11535.42857142857,3283.0,9370.0,1,-3.021912124296388,0.0,5
2021-02-14,9942.0,0.0,170.0,0.0,0.0,9588.0,0.0,0.0,0.0,0.0,0.0,9370.0,160.0,2,11014.857142857143,3284.0,9370.0,0,-3.403114875642651,0.0,6
2021-02-15,11788.0,0.0,170.0,0.0,0.0,9370.0,0.0,0.0,0.0,0.0,0.0,9370.0,160.0,2,10933.142857142857,3121.0,9418.0,0,-3.28081366186176,0.0,0
2021-02-16,12964.0,0.0,170.0,0.0,0.0,9370.0,0.0,0.0,0.0,0.0,0.0,9418.0,160.0,2,10594.57142857143,2888.0,9545.0,0,-3.168682797481315,0.0,1
2021-02-17,13178.0,0.0,170.0,0.0,0.0,9418.0,0.0,0.0,0.0,0.0,0.0,9545.0,160.0,2,10106.142857142857,2808.0,9519.0,0,-3.3169518208092903,0.0,2
2021-02-18,10274.0,0.0,170.0,0.0,0.0,9545.0,0.0,0.0,0.0,0.0,0.0,9519.0,160.0,2,9583.42857142857,2873.0,9529.0,0,-3.394631253029285,0.0,3
2021-02-19,9588.0,0.0,170.0,0.0,0.0,9519.0,0.0,0.0,0.0,0.0,0.0,9529.0,160.0,2,9477.0,2986.0,8526.0,1,-4.420564810155295,0.0,4
2021-02-20,9370.0,0.0,170.0,0.0,0.0,9529.0,0.0,0.0,0.0,0.0,0.0,8526.0,160.0,2,9325.285714285714,2992.0,9150.0,1,-3.7423126353455554,0.0,5
2021-02-21,9370.0,0.0,170.0,0.0,0.0,8526.0,0.0,0.0,0.0,0.0,0.0,9150.0,160.0,2,9293.857142857143,2669.0,8450.0,0,-4.660273913103927,0.0,6
2021-02-22,9418.0,0.0,170.0,0.0,0.0,9150.0,0.0,0.0,0.0,0.0,0.0,8450.0,160.0,2,9162.42857142857,2370.0,9576.0,0,-3.6283360295460483,0.0,0
2021-02-23,9545.0,0.0,170.0,0.0,0.0,8450.0,0.0,0.0,0.0,0.0,0.0,9576.0,160.0,2,9185.0,2710.0,9640.0,0,-3.4380387260636858,0.0,1
2021-02-24,9519.0,0.0,170.0,0.0,0.0,9576.0,0.0,0.0,0.0,0.0,0.0,9640.0,160.0,2,9198.57142857143,2527.0,9709.0,0,-3.1925859997820845,0.0,2
2021-02-25,9529.0,0.0,170.0,0.0,0.0,9640.0,0.0,0.0,0.0,0.0,0.0,9709.0,160.0,2,9225.714285714286,2613.0,10039.0,0,-3.0126138642074123,0.0,3
2021-02-26,8526.0,0.0,170.0,0.0,0.0,9709.0,0.0,0.0,0.0,0.0,0.0,10039.0,160.0,2,9298.57142857143,2449.0,9102.0,1,-3.941056920592283,0.0,4
2021-02-27,9150.0,0.0,170.0,0.0,0.0,10039.0,0.0,0.0,0.0,0.0,0.0,9102.0,160.0,2,9380.857142857143,2509.0,10386.0,1,-2.540994717743577,0.0,5
2021-02-28,8450.0,0.0,170.0,0.0,0.0,9102.0,0.0,0.0,0.0,0.0,0.0,10386.0,160.0,2,9557.42857142857,2689.0,10603.0,0,-2.2903551866651775,0.0,6
2021-03-01,9576.0,0.0,170.0,0.0,0.0,10386.0,0.0,0.0,0.0,0.0,0.0,10603.0,195.0,3,9865.0,4174.0,8863.0,0,-4.104797454084277,0.0,0
2021-03-02,9640.0,0.0,170.0,0.0,0.0,10603.0,0.0,0.0,0.0,0.0,0.0,8863.0,195.0,3,9763.142857142857,3270.0,9179.0,0,-3.612702749497214,0.0,1
2021-03-03,9709.0,0.0,62.0,0.0,0.0,8863.0,0.0,0.0,0.0,0.0,0.0,9179.0,160.0,3,9697.285714285714,2694.0,10755.0,0,-2.009526707857112,0.0,2
2021-03-04,10039.0,0.0,295.0,0.0,0.0,9179.0,0.0,0.0,0.0,0.0,0.0,10755.0,159.0,3,9846.714285714286,1151.0,13018.0,0,0.49237879210885255,0.0,3
2021-03-05,9102.0,0.0,221.0,0.0,0.0,10755.0,0.0,0.0,0.0,0.0,0.0,13018.0,209.0,3,10272.285714285714,1640.0,12943.0,1,1.412088139783268,0.0,4
2021-03-06,10386.0,0.0,294.0,0.0,0.0,13018.0,0.0,0.0,0.0,0.0,0.0,12943.0,210.0,3,10821.0,1597.0,12754.0,1,1.4544035070155663,0.0,5
2021-03-07,10603.0,0.0,294.0,0.0,0.0,12943.0,0.0,0.0,0.0,0.0,0.0,12754.0,202.0,3,11159.285714285714,1007.0,11515.0,0,0.04142156421936357,0.0,6
2021-03-08,8863.0,0.0,293.0,0.0,0.0,12754.0,0.0,0.0,0.0,0.0,0.0,11515.0,110.0,3,11289.57142857143,1326.0,12060.0,0,0.6231157103567762,0.0,0
2021-03-09,9179.0,0.0,211.0,0.0,0.0,11515.0,0.0,0.0,0.0,0.0,0.0,12060.0,73.0,3,11746.285714285714,1855.0,12602.0,0,1.3001652469907237,0.0,1
2021-03-10,10755.0,0.0,3.0,0.0,0.0,12060.0,0.0,0.0,0.0,0.0,0.0,12602.0,0.0,3,12235.285714285714,1903.0,11569.0,0,-0.07495552693629941,0.0,2
2021-03-11,13018.0,0.0,5.0,0.0,0.0,12602.0,0.0,0.0,0.0,0.0,0.0,11569.0,0.0,3,12351.57142857143,2359.0,10389.0,0,-1.553251456609651,0.0,3
2021-03-12,12943.0,0.0,0.0,0.0,0.0,11569.0,0.0,0.0,0.0,0.0,0.0,10389.0,0.0,3,11976.0,2041.0,8300.0,1,-3.875309221393774,0.0,4
2021-03-13,12754.0,0.0,170.0,0.0,0.0,10389.0,0.0,0.0,0.0,0.0,0.0,8300.0,160.0,3,11312.714285714286,2211.0,9432.0,1,-3.3916838384771593,0.0,5
2021-03-14,11515.0,0.0,170.0,0.0,0.0,8300.0,0.0,0.0,0.0,0.0,0.0,9432.0,160.0,3,10838.142857142857,2242.0,10957.0,0,-1.7710346858086936,0.0,6
2021-03-15,12060.0,0.0,170.0,0.0,0.0,9432.0,0.0,0.0,0.0,0.0,0.0,10957.0,160.0,3,10758.42857142857,2220.0,11505.0,0,-0.9302191124257667,0.0,0
2021-03-16,12602.0,0.0,170.0,0.0,0.0,10957.0,0.0,0.0,0.0,0.0,0.0,11505.0,160.0,3,10679.142857142857,2030.0,11595.0,0,-0.35271132501113156,0.0,1
2021-03-17,11569.0,0.0,170.0,0.0,0.0,11505.0,0.0,0.0,0.0,0.0,0.0,11595.0,160.0,3,10535.285714285714,1597.0,10952.0,0,-0.7270133757898777,0.0,2
2021-03-18,10389.0,0.0,170.0,0.0,0.0,11595.0,0.0,0.0,0.0,0.0,0.0,10952.0,160.0,3,10447.142857142857,1571.0,11701.0,0,-0.4717156447488201,0.0,3
2021-03-19,8300.0,0.0,170.0,0.0,0.0,10952.0,0.0,0.0,0.0,0.0,0.0,11701.0,160.0,3,10634.57142857143,1703.0,10846.0,1,-1.2430685522037774,0.0,4
2021-03-20,9432.0,0.0,170.0,0.0,0.0,11701.0,0.0,0.0,0.0,0.0,0.0,10846.0,160.0,3,10998.285714285714,1813.0,12176.0,1,0.06333422265494904,0.0,5
2021-03-21,10957.0,0.0,170.0,0.0,0.0,10846.0,0.0,0.0,0.0,0.0,0.0,12176.0,190.0,3,11390.285714285714,1593.0,12525.0,0,0.6382281478493345,0.0,6
2021-03-22,11505.0,0.0,170.0,0.0,0.0,12176.0,0.0,0.0,0.0,0.0,0.0,12525.0,190.0,3,11614.285714285714,1358.0,12565.0,0,0.9788849787962333,0.0,0
2021-03-23,11595.0,0.0,170.0,0.0,0.0,12525.0,0.0,0.0,0.0,0.0,0.0,12565.0,160.0,3,11765.714285714286,1041.0,12643.0,0,1.2597434798415135,0.0,1
2021-03-24,10952.0,0.0,295.0,0.0,0.0,12565.0,0.0,0.0,0.0,0.0,0.0,12643.0,160.0,3,11915.42857142857,2341.0,12790.0,0,1.353210271914674,0.0,2
2021-03-25,11701.0,0.0,294.0,0.0,0.0,12643.0,0.0,0.0,0.0,0.0,0.0,12790.0,160.0,3,12178.0,2327.0,12717.0,0,1.4701391221751006,0.0,3
2021-03-26,10846.0,0.0,294.0,0.0,0.0,12790.0,0.0,0.0,0.0,0.0,0.0,12717.0,160.0,3,12323.142857142857,1684.0,11129.0,1,-0.5205919288887378,0.0,4
2021-03-27,12176.0,0.0,294.0,0.0,0.0,12717.0,0.0,0.0,0.0,0.0,0.0,11129.0,160.0,3,12363.57142857143,1930.0,12446.0,1,0.9364061688729184,0.0,5
2021-03-28,12525.0,0.0,294.0,0.0,0.0,11129.0,0.0,0.0,0.0,0.0,0.0,12446.0,160.0,3,12402.142857142857,1164.0,12634.0,0,0.9563003651987543,0.0,6
2021-03-29,12565.0,0.0,294.0,0.0,0.0,12446.0,0.0,0.0,0.0,0.0,0.0,12634.0,160.0,3,12417.714285714286,1428.0,12050.0,0,0.9283735891926003,0.0,0
2021-03-30,12643.0,0.0,294.0,0.0,0.0,12634.0,0.0,0.0,0.0,0.0,0.0,12050.0,160.0,3,12344.142857142857,1103.0,11407.0,0,-0.2776285683615562,0.0,1
2021-03-31,12790.0,0.0,294.0,0.0,0.0,12050.0,0.0,0.0,0.0,0.0,0.0,11407.0,127.0,3,12167.57142857143,1276.0,12403.0,0,0.5499416512345727,0.0,2
2021-04-01,12717.0,0.0,170.0,0.0,0.0,11407.0,0.0,0.0,0.0,0.0,0.0,12403.0,195.0,4,12112.285714285714,4217.0,8921.0,0,-3.1235726390766305,0.0,3
2021-04-02,11129.0,0.0,170.0,0.0,0.0,12403.0,0.0,0.0,0.0,0.0,0.0,8921.0,160.0,4,11570.0,2772.0,9193.0,1,-3.1596507102931106,0.0,4
2021-04-03,12446.0,0.0,85.0,0.0,0.0,8921.0,0.0,0.0,0.0,0.0,0.0,9193.0,160.0,4,11293.42857142857,2675.0,10640.0,1,-1.772975774600228,0.0,5
2021-04-04,12634.0,0.0,294.0,0.0,0.0,9193.0,0.0,0.0,0.0,0.0,0.0,10640.0,170.0,4,11035.42857142857,1393.0,8524.0,0,-5.067076273621309,0.0,6
2021-04-05,12050.0,0.0,223.0,0.0,0.0,10640.0,0.0,0.0,0.0,0.0,0.0,8524.0,208.0,4,10448.285714285714,1608.0,11394.0,0,-0.9952905148978407,0.0,0
2021-04-06,11407.0,0.0,294.0,0.0,0.0,8524.0,0.0,0.0,0.0,0.0,0.0,11394.0,210.0,4,10354.57142857143,1167.0,12215.0,0,0.15786912908457837,0.0,1
2021-04-07,12403.0,0.0,294.0,0.0,0.0,11394.0,0.0,0.0,0.0,0.0,0.0,12215.0,177.0,4,10470.0,1397.0,11704.0,0,0.2871837549869055,0.0,2
2021-04-08,8921.0,0.0,294.0,0.0,0.0,12215.0,0.0,0.0,0.0,0.0,0.0,11704.0,110.0,4,10370.142857142857,1316.0,11997.0,0,0.025172451185024005,0.0,3
2021-04-09,9193.0,0.0,202.0,0.0,0.0,11704.0,0.0,0.0,0.0,0.0,0.0,11997.0,121.0,4,10809.57142857143,1959.0,13343.0,1,1.8212245594569254,0.0,4
2021-04-10,10640.0,0.0,6.0,0.0,0.0,11997.0,0.0,0.0,0.0,0.0,0.0,13343.0,0.0,4,11402.42857142857,2257.0,12425.0,1,0.5827324419995153,0.0,5
2021-04-11,8524.0,0.0,5.0,0.0,0.0,13343.0,0.0,0.0,0.0,0.0,0.0,12425.0,0.0,4,11657.42857142857,2428.0,10114.0,0,-2.0836141849454637,0.0,6
2021-04-12,11394.0,0.0,0.0,0.0,0.0,12425.0,0.0,0.0,0.0,0.0,0.0,10114.0,0.0,4,11884.57142857143,1749.0,9409.0,0,-2.920076210801929,0.0,0
2021-04-13,12215.0,0.0,219.0,0.0,0.0,10114.0,0.0,0.0,0.0,0.0,0.0,9409.0,160.0,4,11601.0,2048.0,13308.0,0,1.788141922032712,0.0,1
2021-04-14,11704.0,0.0,220.0,0.0,0.0,9409.0,0.0,0.0,0.0,0.0,0.0,13308.0,160.0,4,11757.142857142857,1784.0,13058.0,0,2.0667790758407003,0.0,2
2021-04-15,11997.0,0.0,217.0,0.0,0.0,13308.0,0.0,0.0,0.0,0.0,0.0,13058.0,195.0,4,11950.57142857143,1782.0,13380.0,0,2.7330473496826264,0.0,3
2021-04-16,13343.0,0.0,220.0,0.0,0.0,13058.0,0.0,0.0,0.0,0.0,0.0,13380.0,195.0,4,12148.142857142857,1403.0,12705.0,1,2.3897640582437414,0.0,4
2021-04-17,12425.0,0.0,219.0,0.0,0.0,13380.0,0.0,0.0,0.0,0.0,0.0,12705.0,160.0,4,12057.0,1188.0,11940.0,1,0.9415659843080671,0.0,5
2021-04-18,10114.0,0.0,219.0,0.0,0.0,12705.0,0.0,0.0,0.0,0.0,0.0,11940.0,169.0,4,11987.714285714286,1566.0,12661.0,0,1.4433433780194307,0.0,6
2021-04-19,9409.0,0.0,220.0,0.0,0.0,11940.0,0.0,0.0,0.0,0.0,0.0,12661.0,169.0,4,12351.57142857143,1476.0,12961.0,0,1.848158081556737,0.0,0
2021-04-20,13308.0,0.0,223.0,0.0,0.0,12661.0,0.0,0.0,0.0,0.0,0.0,12961.0,195.0,4,12859.0,1417.0,13228.0,0,2.6553951054466296,0.0,1
2021-04-21,13058.0,0.0,221.0,0.0,0.0,12961.0,0.0,0.0,0.0,0.0,0.0,13228.0,195.0,4,12847.57142857143,1561.0,12542.0,0,1.6285398120951646,0.0,2
2021-04-22,13380.0,0.0,218.0,0.0,0.0,13228.0,0.0,0.0,0.0,0.0,0.0,12542.0,175.0,4,12773.857142857143,1404.0,12409.0,0,1.5821026869030992,0.0,3
2021-04-23,12705.0,0.0,221.0,0.0,0.0,12542.0,0.0,0.0,0.0,0.0,0.0,12409.0,195.0,4,12635.142857142857,1364.0,11853.0,1,1.1557282285377584,0.0,4
2021-04-24,11940.0,0.0,226.0,0.0,0.0,12409.0,0.0,0.0,0.0,0.0,0.0,11853.0,195.0,4,12513.42857142857,1349.0,13007.0,1,2.1243801352740377,0.0,5
2021-04-25,12661.0,0.0,221.0,0.0,0.0,11853.0,0.0,0.0,0.0,0.0,0.0,13007.0,195.0,4,12665.857142857143,1272.0,13520.0,0,2.6262420998588043,0.0,6
2021-04-26,12961.0,0.0,219.0,0.0,0.0,13007.0,0.0,0.0,0.0,0.0,0.0,13520.0,195.0,4,12788.57142857143,1494.0,13777.0,0,3.2559054668077194,0.0,0
2021-04-27,13228.0,40.0,220.0,0.0,44.0,13520.0,55.0,54.0,0.0,37.0,45.0,13777.0,195.0,4,12905.142857142857,1517.0,14097.0,0,3.6642643981501415,0.0,1
2021-04-28,12542.0,0.0,294.0,0.0,0.0,13777.0,0.0,0.0,0.0,0.0,0.0,14097.0,195.0,4,13029.285714285714,1950.0,12949.0,0,2.037523501163937,0.0,2
2021-04-29,12409.0,0.0,221.0,0.0,0.0,14097.0,0.0,0.0,0.0,0.0,0.0,12949.0,195.0,4,13087.42857142857,1976.0,13788.0,0,3.087076100229724,0.0,3
2021-04-30,11853.0,0.0,221.0,0.0,0.0,12949.0,0.0,0.0,0.0,0.0,0.0,13788.0,195.0,4,13284.42857142857,1809.0,13289.0,1,2.7549125961444734,0.0,4
2021-05-01,13007.0,0.0,170.0,0.0,0.0,13788.0,0.0,0.0,0.0,0.0,0.0,13289.0,185.0,5,13489.57142857143,3768.0,8993.0,1,-2.2999884515044524,0.0,5
2021-05-02,13520.0,0.0,170.0,0.0,0.0,13289.0,0.0,0.0,0.0,0.0,0.0,8993.0,160.0,5,12916.142857142857,2806.0,8291.0,0,-3.575998308452186,0.0,6
2021-05-03,13777.0,0.0,85.0,0.0,0.0,8993.0,0.0,0.0,0.0,0.0,0.0,8291.0,160.0,5,12169.142857142857,2423.0,9947.0,0,-2.5921056682073207,0.0,0
2021-05-04,14097.0,0.0,294.0,0.0,0.0,8291.0,0.0,0.0,0.0,0.0,0.0,9947.0,160.0,5,11622.0,1106.0,11347.0,0,-0.739187389606107,0.0,1
2021-05-05,12949.0,0.0,221.0,0.0,0.0,9947.0,0.0,0.0,0.0,0.0,0.0,11347.0,207.0,5,11229.142857142857,1832.0,11620.0,0,-0.13451329081541347,0.0,2
2021-05-06,13788.0,0.0,294.0,0.0,0.0,11347.0,0.0,0.0,0.0,0.0,0.0,11620.0,210.0,5,11039.285714285714,1609.0,11262.0,0,-0.12295981672402838,0.0,3
2021-05-07,13289.0,0.0,294.0,0.0,0.0,11620.0,0.0,0.0,0.0,0.0,0.0,11262.0,175.0,5,10678.42857142857,990.0,12477.0,1,0.9665867989868396,0.0,4
2021-05-08,8993.0,0.0,292.0,0.0,0.0,11262.0,0.0,0.0,0.0,0.0,0.0,12477.0,112.0,5,10562.42857142857,1336.0,12438.0,1,0.667015565235654,0.0,5
2021-05-09,8291.0,0.0,205.0,0.0,0.0,12477.0,0.0,0.0,0.0,0.0,0.0,12438.0,125.0,5,11054.57142857143,2158.0,13148.0,0,1.5091119356973586,0.0,6
2021-05-10,9947.0,0.0,5.0,0.0,0.0,12438.0,0.0,0.0,0.0,0.0,0.0,13148.0,0.0,5,11748.42857142857,2348.0,12406.0,0,1.0670292689749068,0.0,0
2021-05-11,11347.0,0.0,4.0,0.0,0.0,13148.0,0.0,0.0,0.0,0.0,0.0,12406.0,0.0,5,12099.714285714286,2231.0,8681.0,0,-3.0913217017476655,0.0,1
2021-05-12,11620.0,0.0,0.0,0.0,0.0,12406.0,0.0,0.0,0.0,0.0,0.0,8681.0,0.0,5,11718.857142857143,1496.0,9231.0,0,-3.332427311069326,0.0,2
2021-05-13,11262.0,0.0,295.0,0.0,0.0,8681.0,0.0,0.0,0.0,0.0,0.0,9231.0,208.0,5,11377.57142857143,1328.0,9099.0,0,-3.165020286287864,0.0,3
2021-05-14,12477.0,0.0,294.0,0.0,0.0,9231.0,0.0,0.0,0.0,0.0,0.0,9099.0,208.0,5,11068.57142857143,1271.0,9780.0,1,-2.099494013427765,0.0,4
2021-05-15,12438.0,0.0,294.0,0.0,0.0,9099.0,0.0,0.0,0.0,0.0,0.0,9780.0,207.0,5,10683.285714285714,1355.0,8766.0,1,-3.214531404828666,0.0,5
2021-05-16,13148.0,0.0,294.0,0.0,0.0,9780.0,0.0,0.0,0.0,0.0,0.0,8766.0,209.0,5,10158.714285714286,1184.0,10787.0,0,-1.00961268538907,0.0,6
2021-05-17,12406.0,0.0,294.0,0.0,0.0,8766.0,0.0,0.0,0.0,0.0,0.0,10787.0,209.0,5,9821.42857142857,1206.0,11192.0,0,-0.5168865200632589,0.0,0
2021-05-18,8681.0,0.0,294.0,0.0,0.0,10787.0,0.0,0.0,0.0,0.0,0.0,11192.0,210.0,5,9648.0,1591.0,10978.0,0,-0.5941113274899882,0.0,1
2021-05-19,9231.0,0.0,294.0,0.0,0.0,11192.0,0.0,0.0,0.0,0.0,0.0,10978.0,200.0,5,9976.142857142857,1156.0,12768.0,0,1.124824815764875,0.0,2
2021-05-20,9099.0,0.0,294.0,0.0,0.0,10978.0,0.0,0.0,0.0,0.0,0.0,12768.0,205.0,5,10481.42857142857,1081.0,11980.0,0,0.22623962322688831,0.0,3
2021-05-21,9780.0,0.0,294.0,0.0,0.0,12768.0,0.0,0.0,0.0,0.0,0.0,11980.0,205.0,5,10893.0,1256.0,12519.0,1,1.512251540216844,0.0,4
2021-05-22,8766.0,0.0,294.0,0.0,0.0,11980.0,0.0,0.0,0.0,0.0,0.0,12519.0,205.0,5,11284.285714285714,953.0,13417.0,1,2.2296693498116076,0.0,5
2021-05-23,10787.0,0.0,294.0,0.0,0.0,12519.0,0.0,0.0,0.0,0.0,0.0,13417.0,205.0,5,11948.714285714286,1414.0,13357.0,0,2.155290445326512,0.0,6
2021-05-24,11192.0,0.0,294.0,0.0,0.0,13417.0,0.0,0.0,0.0,0.0,0.0,13357.0,205.0,5,12315.857142857143,1263.0,12353.0,0,0.5540637155405129,0.0,0
2021-05-25,10978.0,0.0,294.0,0.0,0.0,13357.0,0.0,0.0,0.0,0.0,0.0,12353.0,205.0,5,12481.714285714286,1317.0,11907.0,0,0.011518682715839789,0.0,1
2021-05-26,12768.0,0.0,294.0,0.0,0.0,12353.0,0.0,0.0,0.0,0.0,0.0,11907.0,205.0,5,12614.42857142857,1601.0,11529.0,0,0.3012756421399655,0.0,2
2021-05-27,11980.0,0.0,294.0,0.0,0.0,11907.0,0.0,0.0,0.0,0.0,0.0,11529.0,205.0,5,12437.42857142857,1441.0,11749.0,0,0.5457097151334608,0.0,3
2021-05-28,12519.0,0.0,294.0,0.0,0.0,11529.0,0.0,0.0,0.0,0.0,0.0,11749.0,205.0,5,12404.42857142857,1435.0,11780.0,1,0.5856073683356244,0.0,4
2021-05-29,13417.0,0.0,295.0,0.0,0.0,11749.0,0.0,0.0,0.0,0.0,0.0,11780.0,210.0,5,12298.857142857143,1457.0,13171.0,1,2.2424301684584704,0.0,5
2021-05-30,13357.0,0.0,294.0,0.0,0.0,11780.0,0.0,0.0,0.0,0.0,0.0,13171.0,210.0,5,12263.714285714286,1759.0,12994.0,0,2.3078807517965645,0.0,6
2021-05-31,12353.0,0.0,294.0,0.0,0.0,13171.0,0.0,0.0,0.0,0.0,0.0,12994.0,210.0,5,12211.857142857143,1892.0,11840.0,0,0.6552951667052591,0.0,0
2021-06-01,11907.0,0.0,170.0,0.0,0.0,12994.0,0.0,0.0,0.0,0.0,0.0,11840.0,195.0,6,12138.57142857143,3709.0,9073.0,0,-2.870996841496423,0.0,1
2021-06-02,11529.0,0.0,170.0,0.0,0.0,11840.0,0.0,0.0,0.0,0.0,0.0,9073.0,160.0,6,11733.714285714286,2793.0,9277.0,0,-2.9892122777940857,0.0,2
2021-06-03,11749.0,0.0,85.0,0.0,0.0,9073.0,0.0,0.0,0.0,0.0,0.0,9277.0,160.0,6,11412.0,2036.0,10781.0,0,-2.0155680319793574,0.0,3
2021-06-04,11780.0,0.0,294.0,0.0,0.0,9277.0,0.0,0.0,0.0,0.0,0.0,10781.0,160.0,6,11273.714285714286,1743.0,11958.0,1,-0.061412873539766676,0.0,4
2021-06-05,13171.0,0.0,224.0,0.0,0.0,10781.0,0.0,0.0,0.0,0.0,0.0,11958.0,207.0,6,11299.142857142857,1857.0,12527.0,1,1.3020579670702037,0.0,5
2021-06-06,12994.0,0.0,294.0,0.0,0.0,11958.0,0.0,0.0,0.0,0.0,0.0,12527.0,210.0,6,11207.142857142857,1603.0,10227.0,0,-1.6096486492606963,0.0,6
2021-06-07,11840.0,0.0,294.0,0.0,0.0,12527.0,0.0,0.0,0.0,0.0,0.0,10227.0,176.0,6,10811.857142857143,1201.0,12433.0,0,0.7896098522554815,0.0,0
2021-06-08,9073.0,0.0,289.0,0.0,0.0,10227.0,0.0,0.0,0.0,0.0,0.0,12433.0,112.0,6,10896.57142857143,1328.0,12179.0,0,0.5442102420562869,0.0,1
2021-06-09,9277.0,0.0,209.0,0.0,0.0,12433.0,0.0,0.0,0.0,0.0,0.0,12179.0,85.0,6,11340.285714285714,2512.0,13082.0,0,1.2870955811900426,0.0,2
2021-06-10,10781.0,0.0,5.0,0.0,0.0,12179.0,0.0,0.0,0.0,0.0,0.0,13082.0,0.0,6,11883.857142857143,2382.0,12829.0,0,1.6594641310098854,0.0,3
2021-06-11,11958.0,0.0,3.0,0.0,0.0,13082.0,0.0,0.0,0.0,0.0,0.0,12829.0,0.0,6,12176.42857142857,2314.0,9659.0,1,-2.2289391716988547,0.0,4
2021-06-11,12527.0,0.0,3.0,0.0,0.0,12829.0,0.0,0.0,0.0,0.0,0.0,9659.0,0.0,6,11848.0,2314.0,9659.0,1,-2.653947837538569,0.0,4
2021-06-12,10227.0,0.0,0.0,0.0,0.0,9659.0,0.0,0.0,0.0,0.0,0.0,9659.0,0.0,6,11438.285714285714,1643.0,8671.0,1,-4.24488582266249,0.0,5
2021-06-13,12433.0,0.0,295.0,0.0,0.0,9659.0,0.0,0.0,0.0,0.0,0.0,8671.0,205.0,6,11216.0,1609.0,12792.0,0,0.7054740110874664,0.0,6
2021-06-14,12179.0,0.0,294.0,0.0,0.0,8671.0,0.0,0.0,0.0,0.0,0.0,12792.0,205.0,6,11267.285714285714,1630.0,12749.0,0,1.095367582713756,0.0,0
2021-06-15,13082.0,0.0,294.0,0.0,0.0,12792.0,0.0,0.0,0.0,0.0,0.0,12749.0,205.0,6,11348.714285714286,1639.0,12352.0,0,1.1043418836716832,0.0,1
2021-06-16,12829.0,0.0,294.0,0.0,0.0,12749.0,0.0,0.0,0.0,0.0,0.0,12352.0,205.0,6,11244.42857142857,1285.0,11896.0,0,0.3984714710198609,0.0,2
2021-06-17,9659.0,0.0,294.0,0.0,0.0,12352.0,0.0,0.0,0.0,0.0,0.0,11896.0,205.0,6,11111.142857142857,1303.0,11600.0,0,-0.19946751504357232,0.0,3
2021-06-18,9659.0,0.0,294.0,0.0,0.0,11896.0,0.0,0.0,0.0,0.0,0.0,11600.0,205.0,6,11388.42857142857,1185.0,10628.0,1,-1.1800549189388934,0.0,4
2021-06-19,8671.0,0.0,294.0,0.0,0.0,11600.0,0.0,0.0,0.0,0.0,0.0,10628.0,205.0,6,11526.857142857143,1269.0,10821.0,1,-1.4974631820147195,0.0,5
2021-06-20,12792.0,0.0,294.0,0.0,0.0,10628.0,0.0,0.0,0.0,0.0,0.0,10821.0,205.0,6,11834.0,1370.0,11276.0,0,-0.575474137626896,0.0,6
2021-06-21,12749.0,0.0,294.0,0.0,0.0,10821.0,0.0,0.0,0.0,0.0,0.0,11276.0,179.0,6,11617.42857142857,1385.0,12356.0,0,0.4456127914184053,0.0,0
2021-06-22,12352.0,0.0,294.0,0.0,0.0,11276.0,0.0,0.0,0.0,0.0,0.0,12356.0,181.0,6,11561.285714285714,1359.0,12106.0,0,0.7140768128043671,0.0,1
2021-06-23,11896.0,0.0,294.0,0.0,0.0,12356.0,0.0,0.0,0.0,0.0,0.0,12106.0,206.0,6,11526.142857142857,1281.0,12611.0,0,1.215625080485287,0.0,2
2021-06-24,11600.0,0.0,294.0,0.0,0.0,12106.0,0.0,0.0,0.0,0.0,0.0,12611.0,204.0,6,11628.285714285714,1317.0,12604.0,0,1.2947619231038132,0.0,3
2021-06-25,10628.0,0.0,294.0,0.0,0.0,12611.0,0.0,0.0,0.0,0.0,0.0,12604.0,205.0,6,11771.714285714286,1067.0,12025.0,1,0.8473932598227297,0.0,4
2021-06-26,10821.0,0.0,294.0,0.0,0.0,12604.0,0.0,0.0,0.0,0.0,0.0,12025.0,205.0,6,11971.285714285714,1021.0,12938.0,1,1.5531464675201208,0.0,5
2021-06-27,11276.0,0.0,294.0,0.0,0.0,12025.0,0.0,0.0,0.0,0.0,0.0,12938.0,205.0,6,12273.714285714286,1289.0,12792.0,0,1.3934193583268872,0.0,6
2021-06-28,12356.0,0.0,295.0,0.0,0.0,12938.0,0.0,0.0,0.0,0.0,0.0,12792.0,205.0,6,12490.285714285714,1191.0,12335.0,0,1.1116197831743706,0.0,0
2021-06-29,12106.0,0.0,294.0,0.0,0.0,12792.0,0.0,0.0,0.0,0.0,0.0,12335.0,206.0,6,12487.285714285714,1222.0,11425.0,0,0.08599890418924089,0.0,1
2021-06-30,12611.0,0.0,295.0,0.0,0.0,12335.0,0.0,0.0,0.0,0.0,0.0,11425.0,206.0,6,12390.0,1115.0,10217.0,0,-1.3153677382758582,0.0,2
2021-07-01,12604.0,0.0,170.0,0.0,0.0,11425.0,0.0,0.0,0.0,0.0,0.0,10217.0,195.0,7,12048.0,3763.0,9116.0,0,-3.044251470596155,0.0,3
2021-07-02,12025.0,0.0,170.0,0.0,0.0,10217.0,0.0,0.0,0.0,0.0,0.0,9116.0,160.0,7,11549.714285714286,2815.0,9201.0,1,-3.381965535710113,0.0,4
2021-07-03,12938.0,0.0,170.0,0.0,0.0,9116.0,0.0,0.0,0.0,0.0,0.0,9201.0,160.0,7,11146.285714285714,1894.0,10951.0,1,-1.4322433159658365,0.0,5
2021-07-04,12792.0,0.0,294.0,0.0,0.0,9201.0,0.0,0.0,0.0,0.0,0.0,10951.0,160.0,7,10862.42857142857,2049.0,12651.0,0,0.6473195735896367,0.0,6
2021-07-05,12335.0,0.0,221.0,0.0,0.0,10951.0,0.0,0.0,0.0,0.0,0.0,12651.0,207.0,7,10842.285714285714,1383.0,11125.0,0,-0.6547449204048841,0.0,0
2021-07-06,11425.0,0.0,295.0,0.0,0.0,12651.0,0.0,0.0,0.0,0.0,0.0,11125.0,210.0,7,10669.42857142857,1587.0,10869.0,0,-1.0684426940777263,0.0,1
2021-07-07,10217.0,0.0,294.0,0.0,0.0,11125.0,0.0,0.0,0.0,0.0,0.0,10869.0,175.0,7,10590.0,1170.0,11698.0,0,-0.26238875440501574,0.0,2
2021-07-08,9116.0,0.0,290.0,0.0,0.0,10869.0,0.0,0.0,0.0,0.0,0.0,11698.0,113.0,7,10801.57142857143,1278.0,12159.0,0,0.32688542204500004,0.0,3
2021-07-09,9201.0,0.0,204.0,0.0,0.0,11698.0,0.0,0.0,0.0,0.0,0.0,12159.0,0.0,7,11236.285714285714,2627.0,13060.0,1,1.4517195271277492,0.0,4
2021-07-10,10951.0,0.0,9.0,0.0,0.0,12159.0,0.0,0.0,0.0,0.0,0.0,13060.0,0.0,7,11787.57142857143,2397.0,12972.0,1,1.51086619227829,0.0,5
2021-07-11,12651.0,0.0,4.0,0.0,0.0,13060.0,0.0,0.0,0.0,0.0,0.0,12972.0,0.0,7,12076.285714285714,2507.0,9785.0,0,-2.0332098485860457,0.0,6
2021-07-12,11125.0,0.0,0.0,0.0,0.0,12972.0,0.0,0.0,0.0,0.0,0.0,9785.0,0.0,7,11666.857142857143,1646.0,9321.0,0,-3.0118170524945436,0.0,0
2021-07-13,10869.0,0.0,294.0,0.0,0.0,9785.0,0.0,0.0,0.0,0.0,0.0,9321.0,153.0,7,11409.142857142857,1601.0,12838.0,0,0.8187690187467596,0.0,1
2021-07-14,11698.0,0.0,294.0,0.0,0.0,9321.0,0.0,0.0,0.0,0.0,0.0,12838.0,142.0,7,11690.42857142857,1607.0,13077.0,0,1.591705347058823,0.0,2
2021-07-15,12159.0,0.0,294.0,0.0,0.0,12838.0,0.0,0.0,0.0,0.0,0.0,13077.0,142.0,7,11887.42857142857,1621.0,13525.0,0,2.5144864279640062,0.0,3
2021-07-16,13060.0,0.0,295.0,0.0,0.0,13077.0,0.0,0.0,0.0,0.0,0.0,13525.0,143.0,7,12082.57142857143,1433.0,12830.0,1,2.173015761631769,0.0,4
2021-07-17,12972.0,0.0,223.0,0.0,0.0,13525.0,0.0,0.0,0.0,0.0,0.0,12830.0,111.0,7,12049.714285714286,1901.0,13056.0,1,2.3465535131371937,0.0,5
2021-07-18,9785.0,0.0,219.0,0.0,0.0,12830.0,0.0,0.0,0.0,0.0,0.0,13056.0,107.0,7,12061.714285714286,1697.0,12953.0,0,2.0516965217876693,0.0,6
2021-07-19,9321.0,0.0,218.0,0.0,0.0,13056.0,0.0,0.0,0.0,0.0,0.0,12953.0,107.0,7,12514.285714285714,1341.0,11940.0,0,1.505908978569825,0.0,0
2021-07-20,12838.0,0.0,221.0,0.0,0.0,12953.0,0.0,0.0,0.0,0.0,0.0,11940.0,108.0,7,12888.42857142857,1368.0,10960.0,0,0.4878283956735918,0.0,1
2021-07-21,13077.0,0.0,223.0,0.0,0.0,11940.0,0.0,0.0,0.0,0.0,0.0,10960.0,108.0,7,12620.142857142857,1328.0,11298.0,0,0.7989432803529224,0.0,2
2021-07-22,13525.0,0.0,225.0,0.0,0.0,10960.0,0.0,0.0,0.0,0.0,0.0,11298.0,107.0,7,12366.0,1336.0,10908.0,0,-0.2274312639264642,0.0,3
2021-07-23,12830.0,0.0,221.0,0.0,0.0,11298.0,0.0,0.0,0.0,0.0,0.0,10908.0,107.0,7,11992.142857142857,1230.0,10303.0,1,-0.7187268931056139,0.0,4
2021-07-24,13056.0,0.0,219.0,0.0,0.0,10908.0,0.0,0.0,0.0,0.0,0.0,10303.0,106.0,7,11631.142857142857,1247.0,10620.0,1,-0.7808752727581093,0.0,5
2021-07-25,12953.0,0.0,211.0,0.0,0.0,10303.0,0.0,0.0,0.0,0.0,0.0,10620.0,109.0,7,11283.142857142857,1180.0,11285.0,0,0.19476089516979064,0.0,6
2021-07-26,11940.0,0.0,289.0,0.0,0.0,10620.0,0.0,0.0,0.0,0.0,0.0,11285.0,109.0,7,11044.857142857143,969.0,11354.0,0,0.33218938533689024,0.0,0
2021-07-27,10960.0,0.0,294.0,0.0,0.0,11285.0,0.0,0.0,0.0,0.0,0.0,11354.0,136.0,7,10961.142857142857,886.0,10551.0,0,-0.7644231186482613,0.0,1
2021-07-28,11298.0,0.0,291.0,0.0,0.0,11354.0,0.0,0.0,0.0,0.0,0.0,10551.0,111.0,7,10902.714285714286,856.0,10400.0,0,-1.0722227512868747,0.0,2
2021-07-29,10908.0,0.0,292.0,0.0,0.0,10551.0,0.0,0.0,0.0,0.0,0.0,10400.0,111.0,7,10774.42857142857,856.0,9309.0,0,-2.5434023236634644,0.0,3
2021-07-30,10303.0,0.0,294.0,0.0,0.0,10400.0,0.0,0.0,0.0,0.0,0.0,9309.0,110.0,7,10546.0,851.0,10204.0,1,-1.7540256975871888,0.0,4
2021-07-31,10620.0,0.0,288.0,0.0,0.0,9309.0,0.0,0.0,0.0,0.0,0.0,10204.0,108.0,7,10531.857142857143,861.0,10777.0,1,-1.0873686831455565,0.0,5
2021-08-01,11285.0,0.0,170.0,0.0,0.0,10204.0,0.0,0.0,0.0,0.0,0.0,10777.0,184.0,8,10554.285714285714,3547.0,8158.0,0,-4.234019982882912,0.0,6
2021-08-01,11354.0,0.0,170.0,0.0,0.0,10777.0,0.0,0.0,0.0,0.0,0.0,8158.0,184.0,8,10107.57142857143,3547.0,8158.0,0,-4.555681228962195,0.0,6
2021-08-03,10551.0,0.0,170.0,0.0,0.0,8158.0,0.0,0.0,0.0,0.0,0.0,8158.0,160.0,8,9651.0,1985.0,11416.0,0,-1.7349830671593502,0.0,1
2021-08-04,10400.0,0.0,294.0,0.0,0.0,8158.0,0.0,0.0,0.0,0.0,0.0,11416.0,130.0,8,9774.57142857143,1849.0,12854.0,0,0.2362786237323762,0.0,2
2021-08-05,9309.0,0.0,224.0,0.0,0.0,11416.0,0.0,0.0,0.0,0.0,0.0,12854.0,210.0,8,10125.142857142857,1579.0,12734.0,0,0.9333858463238912,0.0,3
2021-08-06,10204.0,0.0,294.0,0.0,0.0,12854.0,0.0,0.0,0.0,0.0,0.0,12734.0,210.0,8,10614.42857142857,1242.0,12411.0,1,0.8346890256871156,0.0,4
2021-08-07,10777.0,0.0,294.0,0.0,0.0,12734.0,0.0,0.0,0.0,0.0,0.0,12411.0,178.0,8,10929.714285714286,1164.0,12358.0,1,1.090213497955107,0.0,5
2021-08-08,8158.0,0.0,293.0,0.0,0.0,12411.0,0.0,0.0,0.0,0.0,0.0,12358.0,110.0,8,11155.57142857143,1196.0,12290.0,0,0.745316612238768,0.0,6
2021-08-09,8158.0,0.0,205.0,0.0,0.0,12358.0,0.0,0.0,0.0,0.0,0.0,12290.0,0.0,8,11745.857142857143,2618.0,13130.0,0,1.8079233003786006,0.0,0
2021-08-10,11416.0,0.0,13.0,0.0,0.0,12290.0,0.0,0.0,0.0,0.0,0.0,13130.0,0.0,8,12456.142857142857,2159.0,12349.0,0,1.4670614788872076,0.0,1
2021-08-10,12854.0,0.0,13.0,0.0,0.0,13130.0,0.0,0.0,0.0,0.0,0.0,12349.0,0.0,8,12589.42857142857,2159.0,12349.0,0,1.5809177728001829,0.0,1
2021-08-12,12734.0,0.0,0.0,0.0,0.0,12349.0,0.0,0.0,0.0,0.0,0.0,12349.0,0.0,8,12517.285714285714,1595.0,9460.0,0,-2.3326609358710693,0.0,3
2021-08-13,12411.0,0.0,294.0,0.0,0.0,12349.0,0.0,0.0,0.0,0.0,0.0,9460.0,113.0,8,12049.57142857143,1467.0,11840.0,1,0.42661801673964783,0.0,4
2021-08-14,12358.0,0.0,289.0,0.0,0.0,9460.0,0.0,0.0,0.0,0.0,0.0,11840.0,113.0,8,11968.0,1535.0,12706.0,1,1.1012022140579516,0.0,5
2021-08-15,12290.0,0.0,289.0,0.0,0.0,11840.0,0.0,0.0,0.0,0.0,0.0,12706.0,111.0,8,12017.714285714286,1481.0,12487.0,0,1.4603900398093579,0.0,6
2021-08-16,13130.0,0.0,288.0,0.0,0.0,12706.0,0.0,0.0,0.0,0.0,0.0,12487.0,109.0,8,12045.857142857143,1396.0,12987.0,0,1.9518730793050347,0.0,0
2021-08-17,12349.0,0.0,287.0,0.0,0.0,12487.0,0.0,0.0,0.0,0.0,0.0,12987.0,107.0,8,12025.42857142857,1608.0,12675.0,0,1.645801962678322,0.0,1
2021-08-18,12349.0,0.0,292.0,0.0,0.0,12987.0,0.0,0.0,0.0,0.0,0.0,12675.0,107.0,8,12072.0,1742.0,12526.0,0,1.212728779421778,0.0,2
2021-08-19,9460.0,0.0,291.0,0.0,0.0,12675.0,0.0,0.0,0.0,0.0,0.0,12526.0,107.0,8,12097.285714285714,1584.0,12531.0,0,1.0562744753202307,0.0,3
2021-08-20,11840.0,0.0,289.0,0.0,0.0,12526.0,0.0,0.0,0.0,0.0,0.0,12531.0,107.0,8,12536.0,1324.0,11651.0,1,0.4421808080804477,0.0,4
2021-08-21,12706.0,0.0,289.0,0.0,0.0,12531.0,0.0,0.0,0.0,0.0,0.0,11651.0,106.0,8,12509.0,1511.0,12686.0,1,1.5676809384613355,0.0,5
2021-08-22,12487.0,0.0,289.0,0.0,0.0,11651.0,0.0,0.0,0.0,0.0,0.0,12686.0,107.0,8,12506.142857142857,1621.0,13271.0,0,2.11063653291939,0.0,6
2021-08-23,12987.0,0.0,291.0,0.0,0.0,12686.0,0.0,0.0,0.0,0.0,0.0,13271.0,110.0,8,12618.142857142857,1880.0,12491.0,0,1.0609139624842105,0.0,0
2021-08-24,12675.0,0.0,287.0,0.0,0.0,13271.0,0.0,0.0,0.0,0.0,0.0,12491.0,106.0,8,12547.285714285714,1937.0,12864.0,0,1.7070788853068892,0.0,1
2021-08-25,12526.0,0.0,292.0,0.0,0.0,12491.0,0.0,0.0,0.0,0.0,0.0,12864.0,108.0,8,12574.285714285714,2008.0,12919.0,0,1.7229593850539773,0.0,2
2021-08-26,12531.0,0.0,290.0,0.0,0.0,12864.0,0.0,0.0,0.0,0.0,0.0,12919.0,107.0,8,12630.42857142857,2510.0,12416.0,0,1.4983390648548118,0.0,3
2021-08-27,11651.0,0.0,292.0,0.0,0.0,12919.0,0.0,0.0,0.0,0.0,0.0,12416.0,104.0,8,12614.0,1895.0,12120.0,1,1.340151688347585,0.0,4
2021-08-28,12686.0,0.0,292.0,0.0,0.0,12416.0,0.0,0.0,0.0,0.0,0.0,12120.0,108.0,8,12681.0,1908.0,12743.0,1,1.5411135867031815,0.0,5
2021-08-29,13271.0,0.0,290.0,0.0,0.0,12120.0,0.0,0.0,0.0,0.0,0.0,12743.0,99.0,8,12689.142857142857,1933.0,12893.0,0,1.8059152285630529,0.0,6
2021-08-30,12491.0,0.0,204.0,0.0,0.0,12743.0,0.0,0.0,0.0,0.0,0.0,12893.0,103.0,8,12635.142857142857,2127.0,12868.0,0,1.9134462683706275,0.0,0
2021-08-31,12864.0,0.0,202.0,0.0,0.0,12893.0,0.0,0.0,0.0,0.0,0.0,12868.0,98.0,8,12689.0,2208.0,13185.0,0,2.2506909571493847,0.0,1
2021-09-01,12919.0,0.0,170.0,0.0,0.0,12868.0,0.0,0.0,0.0,0.0,0.0,13185.0,182.0,9,12734.857142857143,3410.0,9141.0,0,-2.318679741868465,0.0,2
2021-09-01,12416.0,0.0,170.0,0.0,0.0,13185.0,0.0,0.0,0.0,0.0,0.0,9141.0,182.0,9,12195.142857142857,3410.0,9141.0,0,-2.898226396659727,0.0,2
2021-09-03,12120.0,0.0,170.0,0.0,0.0,9141.0,0.0,0.0,0.0,0.0,0.0,9141.0,160.0,9,11727.285714285714,2224.0,11147.0,1,-1.4535223501019148,0.0,4
2021-09-04,12743.0,0.0,294.0,0.0,0.0,9141.0,0.0,0.0,0.0,0.0,0.0,11147.0,158.0,9,11588.285714285714,1754.0,11655.0,1,-0.15688100767014798,0.0,5
2021-09-05,12893.0,0.0,221.0,0.0,0.0,11147.0,0.0,0.0,0.0,0.0,0.0,11655.0,207.0,9,11432.857142857143,1730.0,10978.0,0,-0.7576388572178819,0.0,6
2021-09-06,12868.0,0.0,293.0,0.0,0.0,11655.0,0.0,0.0,0.0,0.0,0.0,10978.0,205.0,9,11159.285714285714,1287.0,12803.0,0,1.501040841997125,0.0,0
2021-09-07,13185.0,0.0,294.0,0.0,0.0,10978.0,0.0,0.0,0.0,0.0,0.0,12803.0,176.0,9,11150.0,1174.0,12113.0,0,1.120362684257516,0.0,1
2021-09-08,9141.0,0.0,289.0,0.0,0.0,12803.0,0.0,0.0,0.0,0.0,0.0,12113.0,107.0,9,10996.857142857143,1196.0,12524.0,0,1.1566980305562098,0.0,2
2021-09-09,9141.0,0.0,205.0,0.0,0.0,12113.0,0.0,0.0,0.0,0.0,0.0,12524.0,0.0,9,11480.142857142857,2554.0,13314.0,0,2.099921632504048,0.0,3
2021-09-11,11147.0,0.0,3.0,0.0,0.0,12524.0,0.0,0.0,0.0,0.0,0.0,13314.0,0.0,9,12076.285714285714,2553.0,10228.0,1,-1.2815980914068343,0.0,5
2021-09-12,11655.0,0.0,0.0,0.0,0.0,13314.0,0.0,0.0,0.0,0.0,0.0,10228.0,0.0,9,11945.0,1828.0,9444.0,0,-2.520809369413054,0.0,6
2021-09-13,10978.0,0.0,8.0,0.0,0.0,10228.0,0.0,0.0,0.0,0.0,0.0,9444.0,0.0,9,11629.142857142857,2614.0,12951.0,0,1.0800765109935526,0.0,0
2021-09-14,12803.0,0.0,8.0,0.0,0.0,9444.0,0.0,0.0,0.0,0.0,0.0,12951.0,0.0,9,11911.0,2354.0,12442.0,0,1.054089635559737,0.0,1
2021-09-15,12113.0,0.0,8.0,0.0,0.0,12951.0,0.0,0.0,0.0,0.0,0.0,12442.0,0.0,9,11859.42857142857,2378.0,13085.0,0,1.553213123726303,0.0,2
2021-09-16,12524.0,0.0,7.0,0.0,0.0,12442.0,0.0,0.0,0.0,0.0,0.0,13085.0,0.0,9,11998.285714285714,2297.0,13020.0,0,1.9110347784249575,0.0,3
2021-09-17,13314.0,0.0,6.0,0.0,0.0,13085.0,0.0,0.0,0.0,0.0,0.0,13020.0,0.0,9,12069.142857142857,2157.0,11735.0,1,0.9216267817708392,0.0,4
2021-09-18,10228.0,0.0,8.0,0.0,0.0,13020.0,0.0,0.0,0.0,0.0,0.0,11735.0,0.0,9,11843.57142857143,2419.0,12647.0,1,1.0380506888734091,0.0,5
2021-09-19,9444.0,0.0,7.0,0.0,0.0,11735.0,0.0,0.0,0.0,0.0,0.0,12647.0,0.0,9,12189.142857142857,2334.0,12370.0,0,0.8177415288083106,0.0,6
2021-09-20,12951.0,0.0,5.0,0.0,0.0,12647.0,0.0,0.0,0.0,0.0,0.0,12370.0,0.0,9,12607.142857142857,2425.0,12571.0,0,1.3437051283968886,0.0,0
2021-09-21,12442.0,0.0,5.0,0.0,0.0,12370.0,0.0,0.0,0.0,0.0,0.0,12571.0,0.0,9,12552.857142857143,2480.0,12403.0,0,1.1461363078410334,0.0,1
2021-09-22,13085.0,0.0,5.0,0.0,0.0,12571.0,0.0,0.0,0.0,0.0,0.0,12403.0,0.0,9,12547.285714285714,2451.0,12491.0,0,1.2571318967220921,0.0,2
2021-09-23,13020.0,0.0,7.0,0.0,0.0,12403.0,0.0,0.0,0.0,0.0,0.0,12491.0,0.0,9,12462.42857142857,2354.0,13052.0,0,2.02490584059006,0.0,3
2021-09-24,11735.0,0.0,6.0,0.0,0.0,12491.0,0.0,0.0,0.0,0.0,0.0,13052.0,0.0,9,12467.0,2231.0,12696.0,1,1.9294495671666385,0.0,4
2021-09-25,12647.0,0.0,6.0,0.0,0.0,13052.0,0.0,0.0,0.0,0.0,0.0,12696.0,0.0,9,12604.285714285714,2163.0,13052.0,1,2.3706512131251296,0.0,5
2021-09-25,12370.0,0.0,6.0,0.0,0.0,12696.0,0.0,0.0,0.0,0.0,0.0,13052.0,0.0,9,12662.142857142857,2163.0,13052.0,1,2.365334145642528,0.0,5
2021-09-26,12571.0,0.0,8.0,0.0,0.0,13052.0,0.0,0.0,0.0,0.0,0.0,13052.0,0.0,9,12759.57142857143,2251.0,12936.0,0,1.7900399358205825,0.0,6
2021-09-27,12403.0,0.0,13.0,0.0,0.0,13052.0,0.0,0.0,0.0,0.0,0.0,12936.0,0.0,9,12811.714285714286,2210.0,12716.0,0,1.7354014216595586,0.0,0
2021-09-28,12491.0,0.0,8.0,0.0,0.0,12936.0,0.0,0.0,0.0,0.0,0.0,12716.0,0.0,9,12856.42857142857,2162.0,12371.0,0,1.3242938769874872,0.0,1
2021-09-29,13052.0,0.0,5.0,0.0,0.0,12716.0,0.0,0.0,0.0,0.0,0.0,12371.0,0.0,9,12839.285714285714,2078.0,12503.0,0,1.3140724130189523,0.0,2
2021-09-30,12696.0,0.0,6.0,0.0,0.0,12371.0,0.0,0.0,0.0,0.0,0.0,12503.0,0.0,9,12760.857142857143,2101.0,13065.0,0,2.2132981802009466,0.0,3
2021-10-01,13052.0,0.0,170.0,0.0,0.0,12503.0,0.0,0.0,0.0,0.0,0.0,13065.0,182.0,10,12813.57142857143,3438.0,9200.0,1,-2.4639691799555394,0.0,4
2021-10-02,13052.0,0.0,170.0,0.0,0.0,13065.0,0.0,0.0,0.0,0.0,0.0,9200.0,160.0,10,12263.285714285714,2762.0,9495.0,1,-2.5215323869176705,0.0,5
2021-10-03,12936.0,0.0,170.0,0.0,0.0,9200.0,0.0,0.0,0.0,0.0,0.0,9495.0,160.0,10,11755.142857142857,2245.0,11397.0,0,-0.9660533299374482,0.0,6
2021-10-04,12716.0,0.0,295.0,0.0,0.0,9495.0,0.0,0.0,0.0,0.0,0.0,11397.0,160.0,10,11535.285714285714,2297.0,13064.0,0,1.5213396353890716,0.0,0
2021-10-05,12371.0,0.0,294.0,0.0,0.0,11397.0,0.0,0.0,0.0,0.0,0.0,13064.0,207.0,10,11585.0,1725.0,10812.0,0,-0.8833869446129677,0.0,1
2021-10-06,12503.0,0.0,294.0,0.0,0.0,13064.0,0.0,0.0,0.0,0.0,0.0,10812.0,205.0,10,11362.285714285714,1275.0,12223.0,0,0.6966263217304174,0.0,2
2021-10-07,13065.0,0.0,294.0,0.0,0.0,10812.0,0.0,0.0,0.0,0.0,0.0,12223.0,177.0,10,11322.285714285714,1117.0,12898.0,0,1.9836331033870782,0.0,3
2021-10-08,9200.0,0.0,293.0,0.0,0.0,12223.0,0.0,0.0,0.0,0.0,0.0,12898.0,110.0,10,11298.42857142857,1399.0,12673.0,1,1.3528897424005633,0.0,4
2021-10-10,9495.0,0.0,4.0,0.0,0.0,12898.0,0.0,0.0,0.0,0.0,0.0,12673.0,0.0,10,11794.57142857143,2398.0,13390.0,0,1.9742987432507328,0.0,6
2021-10-11,11397.0,0.0,3.0,0.0,0.0,12673.0,0.0,0.0,0.0,0.0,0.0,13390.0,0.0,10,12351.0,2289.0,10254.0,0,-1.4047832741322512,0.0,0
2021-10-12,13064.0,0.0,0.0,0.0,0.0,13390.0,0.0,0.0,0.0,0.0,0.0,10254.0,0.0,10,12187.714285714286,2013.0,8214.0,0,-3.5153285258359963,0.0,1
2021-10-13,10812.0,0.0,5.0,0.0,0.0,10254.0,0.0,0.0,0.0,0.0,0.0,8214.0,0.0,10,11494.857142857143,2338.0,13445.0,0,1.4479929673745213,0.0,2
2021-10-14,12223.0,0.0,7.0,0.0,0.0,8214.0,0.0,0.0,0.0,0.0,0.0,13445.0,0.0,10,11871.0,2279.0,13102.0,0,1.6745111826311927,0.0,3
2021-10-15,12898.0,0.0,9.0,0.0,0.0,13445.0,0.0,0.0,0.0,0.0,0.0,13102.0,0.0,10,11996.57142857143,1880.0,11744.0,1,0.2671060444003157,0.0,4
2021-10-16,12673.0,0.0,9.0,0.0,0.0,13102.0,0.0,0.0,0.0,0.0,0.0,11744.0,0.0,10,11831.714285714286,1957.0,12829.0,1,1.7271326667623839,0.0,5
2021-10-17,13390.0,0.0,10.0,0.0,0.0,11744.0,0.0,0.0,0.0,0.0,0.0,12829.0,0.0,10,11854.0,1838.0,12100.0,0,0.8632267497840392,0.0,6
2021-10-18,10254.0,0.0,5.0,0.0,0.0,12829.0,0.0,0.0,0.0,0.0,0.0,12100.0,0.0,10,11669.714285714286,2028.0,11556.0,0,-0.16293220783147455,0.0,0
2021-10-19,8214.0,0.0,6.0,0.0,0.0,12100.0,0.0,0.0,0.0,0.0,0.0,11556.0,0.0,10,11855.714285714286,1929.0,11009.0,0,-0.9643401352414602,0.0,1
2021-10-20,13445.0,0.0,5.0,0.0,0.0,11556.0,0.0,0.0,0.0,0.0,0.0,11009.0,0.0,10,12255.0,1676.0,10550.0,0,-1.269764644747435,0.0,2
2021-10-21,13102.0,0.0,7.0,0.0,0.0,11009.0,0.0,0.0,0.0,0.0,0.0,10550.0,0.0,10,11841.42857142857,1678.0,11874.0,0,-0.04491838990926942,0.0,3
2021-10-22,11744.0,0.0,8.0,0.0,0.0,10550.0,0.0,0.0,0.0,0.0,0.0,11874.0,0.0,10,11666.0,1697.0,10215.0,1,-1.5362532864808784,0.0,4
2021-10-23,12829.0,0.0,5.0,0.0,0.0,11874.0,0.0,0.0,0.0,0.0,0.0,10215.0,0.0,10,11447.57142857143,1887.0,11457.0,1,-0.32951176946261346,0.0,5
2021-10-24,12100.0,0.0,5.0,0.0,0.0,10215.0,0.0,0.0,0.0,0.0,0.0,11457.0,0.0,10,11251.57142857143,2042.0,11618.0,0,-0.3945761725925447,0.0,6
2021-10-26,11556.0,0.0,7.0,0.0,0.0,11457.0,0.0,0.0,0.0,0.0,0.0,11618.0,0.0,10,11182.714285714286,2075.0,11827.0,0,-0.033039954094589145,0.0,1
2021-10-27,11009.0,0.0,5.0,0.0,0.0,11618.0,0.0,0.0,0.0,0.0,0.0,11827.0,0.0,10,11221.42857142857,2120.0,11784.0,0,-0.17010005289854,0.0,2
2021-10-28,10550.0,0.0,5.0,0.0,0.0,11827.0,0.0,0.0,0.0,0.0,0.0,11784.0,0.0,10,11332.142857142857,2199.0,11926.0,0,-0.0932713372446787,0.0,3
2021-10-29,11874.0,0.0,4.0,0.0,0.0,11784.0,0.0,0.0,0.0,0.0,0.0,11926.0,0.0,10,11528.714285714286,2093.0,10780.0,1,-0.7339093648989068,0.0,4
2021-10-30,10215.0,0.0,5.0,0.0,0.0,11926.0,0.0,0.0,0.0,0.0,0.0,10780.0,0.0,10,11372.42857142857,2147.0,11641.0,1,-0.40357462788082515,0.0,5
2021-10-31,11457.0,0.0,3.0,0.0,0.0,10780.0,0.0,0.0,0.0,0.0,0.0,11641.0,0.0,10,11576.142857142857,2086.0,10779.0,0,-1.313852280399865,0.0,6
2021-11-01,11618.0,0.0,170.0,0.0,0.0,11641.0,0.0,0.0,0.0,0.0,0.0,10779.0,183.0,11,11479.285714285714,3778.0,9283.0,0,-2.953567561218963,0.0,0
2021-11-02,11827.0,0.0,170.0,0.0,0.0,10779.0,0.0,0.0,0.0,0.0,0.0,9283.0,160.0,11,11145.714285714286,3012.0,9283.0,0,-3.0533458055636267,0.0,1
2021-11-03,11784.0,0.0,170.0,0.0,0.0,9283.0,0.0,0.0,0.0,0.0,0.0,9283.0,160.0,11,10782.285714285714,1622.0,11615.0,0,-1.0502010372498127,0.0,2
2021-11-04,11926.0,0.0,294.0,0.0,0.0,9283.0,0.0,0.0,0.0,0.0,0.0,11615.0,159.0,11,10758.142857142857,2364.0,12798.0,0,0.943352186116747,0.0,3
2021-11-05,10780.0,0.0,294.0,0.0,0.0,11615.0,0.0,0.0,0.0,0.0,0.0,12798.0,207.0,11,10882.714285714286,1781.0,9453.0,1,-1.9585439662303994,0.0,4
2021-11-06,11641.0,0.0,294.0,0.0,0.0,12798.0,0.0,0.0,0.0,0.0,0.0,9453.0,205.0,11,10693.142857142857,1087.0,11584.0,1,0.02328917107322861,0.0,5
2021-11-07,10779.0,0.0,294.0,0.0,0.0,9453.0,0.0,0.0,0.0,0.0,0.0,11584.0,177.0,11,10685.0,1222.0,12900.0,0,1.0442559342327677,0.0,6
2021-11-08,9283.0,0.0,294.0,0.0,0.0,11584.0,0.0,0.0,0.0,0.0,0.0,12900.0,109.0,11,10988.0,1344.0,12768.0,0,1.4217221173032004,0.0,0
2021-11-09,9283.0,0.0,85.0,0.0,0.0,12900.0,0.0,0.0,0.0,0.0,0.0,12768.0,0.0,11,11485.857142857143,2288.0,13509.0,0,2.0815505901464806,0.0,1
2021-11-10,11615.0,0.0,6.0,0.0,0.0,12768.0,0.0,0.0,0.0,0.0,0.0,13509.0,0.0,11,12089.57142857143,2408.0,13482.0,0,2.5731169845802664,0.0,2
2021-11-11,12798.0,0.0,3.0,0.0,0.0,13509.0,0.0,0.0,0.0,0.0,0.0,13482.0,0.0,11,12356.285714285714,2243.0,10067.0,0,-0.9608217026304506,0.0,3
2021-11-12,9453.0,0.0,0.0,0.0,0.0,13482.0,0.0,0.0,0.0,0.0,0.0,10067.0,0.0,11,11966.142857142857,2455.0,9326.0,1,-3.2282392296798594,0.0,4
2021-11-13,11584.0,0.0,4.0,0.0,0.0,10067.0,0.0,0.0,0.0,0.0,0.0,9326.0,0.0,11,11948.0,1993.0,9174.0,1,-3.3696349868023283,0.0,5
2021-11-14,12900.0,0.0,3.0,0.0,0.0,9326.0,0.0,0.0,0.0,0.0,0.0,9174.0,0.0,11,11603.714285714286,2030.0,9240.0,0,-3.2596423047709346,0.0,6
2021-11-15,12768.0,0.0,4.0,0.0,0.0,9174.0,0.0,0.0,0.0,0.0,0.0,9240.0,0.0,11,11080.857142857143,1825.0,9519.0,0,-2.855758931168143,0.0,0
2021-11-16,13509.0,0.0,4.0,0.0,0.0,9240.0,0.0,0.0,0.0,0.0,0.0,9519.0,0.0,11,10616.714285714286,2049.0,9504.0,0,-3.352134112950992,0.0,1
2021-11-17,13482.0,0.0,2.0,0.0,0.0,9519.0,0.0,0.0,0.0,0.0,0.0,9504.0,0.0,11,10044.57142857143,2307.0,9614.0,0,-3.1339758755847393,0.0,2
2021-11-18,10067.0,0.0,8.0,0.0,0.0,9504.0,0.0,0.0,0.0,0.0,0.0,9614.0,0.0,11,9492.0,2244.0,9747.0,0,-3.485860484765748,0.0,3
2021-11-19,9326.0,0.0,5.0,0.0,0.0,9614.0,0.0,0.0,0.0,0.0,0.0,9747.0,0.0,11,9446.285714285714,1863.0,8271.0,1,-4.645668731802889,0.0,4
2021-11-20,9174.0,0.0,6.0,0.0,0.0,9747.0,0.0,0.0,0.0,0.0,0.0,8271.0,0.0,11,9295.57142857143,2096.0,9598.0,1,-3.391984307283039,0.0,5
2021-11-21,9240.0,0.0,0.0,0.0,0.0,8271.0,0.0,0.0,0.0,0.0,0.0,9598.0,0.0,11,9356.142857142857,2282.0,9464.0,0,-3.5015709574706895,0.0,6
2021-11-22,9519.0,0.0,0.0,0.0,0.0,9598.0,0.0,0.0,0.0,0.0,0.0,9464.0,0.0,11,9388.142857142857,2432.0,9734.0,0,-3.125727967600903,0.0,0
2021-11-23,9504.0,0.0,0.0,0.0,0.0,9464.0,0.0,0.0,0.0,0.0,0.0,9734.0,0.0,11,9418.857142857143,2355.0,10026.0,0,-2.893827025633503,0.0,1
2021-11-24,9614.0,0.0,0.0,0.0,0.0,9734.0,0.0,0.0,0.0,0.0,0.0,10026.0,0.0,11,9493.42857142857,2348.0,9668.0,0,-3.4850070524167327,0.0,2
2021-11-25,9747.0,0.0,0.0,0.0,0.0,10026.0,0.0,0.0,0.0,0.0,0.0,9668.0,0.0,11,9501.142857142857,2272.0,9664.0,0,-3.5560433959632607,0.0,3
2021-11-26,8271.0,0.0,0.0,0.0,0.0,9668.0,0.0,0.0,0.0,0.0,0.0,9664.0,0.0,11,9489.285714285714,1898.0,8261.0,1,-4.901672512070203,0.0,4
2021-11-27,9598.0,0.0,0.0,0.0,0.0,9664.0,0.0,0.0,0.0,0.0,0.0,8261.0,0.0,11,9487.857142857143,2007.0,9338.0,1,-3.997065197577019,0.0,5
2021-11-28,9464.0,0.0,0.0,0.0,0.0,8261.0,0.0,0.0,0.0,0.0,0.0,9338.0,0.0,11,9450.714285714286,2134.0,9173.0,0,-4.170733880953789,0.0,6
2021-11-29,9734.0,0.0,0.0,0.0,0.0,9338.0,0.0,0.0,0.0,0.0,0.0,9173.0,0.0,11,9409.142857142857,1936.0,9456.0,0,-3.665245227777175,0.0,0
2021-11-30,10026.0,0.0,0.0,0.0,0.0,9173.0,0.0,0.0,0.0,0.0,0.0,9456.0,0.0,11,9369.42857142857,1803.0,9396.0,0,-3.7420669996060574,0.0,1
2021-12-01,9668.0,0.0,170.0,0.0,0.0,9456.0,0.0,0.0,0.0,0.0,0.0,9396.0,184.0,12,9279.42857142857,3824.0,9245.0,0,-3.8113624720014516,0.0,2
2021-12-02,9664.0,0.0,170.0,0.0,0.0,9396.0,0.0,0.0,0.0,0.0,0.0,9245.0,160.0,12,9219.0,3179.0,8150.0,0,-4.826456072758102,0.0,3
2021-12-03,8261.0,0.0,170.0,0.0,0.0,9245.0,0.0,0.0,0.0,0.0,0.0,8150.0,160.0,12,9002.714285714286,1289.0,10869.0,1,-2.1715878606350754,0.0,4
2021-12-04,9338.0,0.0,218.0,0.0,0.0,8150.0,0.0,0.0,0.0,0.0,0.0,10869.0,195.0,12,9375.285714285714,1813.0,13377.0,1,1.0683410586305302,0.0,5
2021-12-05,9173.0,0.0,294.0,0.0,0.0,10869.0,0.0,0.0,0.0,0.0,0.0,13377.0,208.0,12,9952.285714285714,1730.0,10111.0,0,-1.354608041989874,0.0,6
2021-12-06,9456.0,0.0,294.0,0.0,0.0,13377.0,0.0,0.0,0.0,0.0,0.0,10111.0,205.0,12,10086.285714285714,1528.0,12668.0,0,0.7330080020253094,0.0,0
2021-12-07,9396.0,0.0,294.0,0.0,0.0,10111.0,0.0,0.0,0.0,0.0,0.0,12668.0,153.0,12,10545.142857142857,1233.0,13022.0,0,1.33500133873132,0.0,1
2021-12-08,9245.0,0.0,289.0,0.0,0.0,12668.0,0.0,0.0,0.0,0.0,0.0,13022.0,112.0,12,11063.142857142857,1632.0,12748.0,0,1.42551065398301,0.0,2
2021-12-09,8150.0,0.0,9.0,0.0,0.0,13022.0,0.0,0.0,0.0,0.0,0.0,12748.0,0.0,12,11563.57142857143,2780.0,13025.0,0,1.657198411924941,0.0,3
2021-12-10,10869.0,0.0,5.0,0.0,0.0,12748.0,0.0,0.0,0.0,0.0,0.0,13025.0,0.0,12,12260.0,2390.0,13420.0,1,2.5537461981257916,0.0,4
2021-12-11,13377.0,0.0,3.0,0.0,0.0,13025.0,0.0,0.0,0.0,0.0,0.0,13420.0,0.0,12,12624.42857142857,2115.0,8907.0,1,-2.341591295770939,0.0,5
2021-12-12,10111.0,0.0,0.0,0.0,0.0,13420.0,0.0,0.0,0.0,0.0,0.0,8907.0,0.0,12,11985.857142857143,2483.0,9246.0,0,-3.3144819208944307,0.0,6
2021-12-13,12668.0,0.0,0.0,0.0,0.0,8907.0,0.0,0.0,0.0,0.0,0.0,9246.0,0.0,12,11862.285714285714,2651.0,9313.0,0,-3.445145905471143,0.0,0
2021-12-14,13022.0,0.0,0.0,0.0,0.0,9246.0,0.0,0.0,0.0,0.0,0.0,9313.0,0.0,12,11383.0,2491.0,9221.0,0,-3.359778192924588,0.0,1
2021-12-15,12748.0,0.0,0.0,0.0,0.0,9313.0,0.0,0.0,0.0,0.0,0.0,9221.0,0.0,12,10840.0,2294.0,9137.0,0,-3.5561702064439715,0.0,2
2021-12-16,13025.0,0.0,0.0,0.0,0.0,9221.0,0.0,0.0,0.0,0.0,0.0,9137.0,0.0,12,10324.142857142857,2353.0,7802.0,0,-4.886261576213441,0.0,3
2021-12-17,13420.0,0.0,0.0,0.0,0.0,9137.0,0.0,0.0,0.0,0.0,0.0,7802.0,158.0,12,9578.0,2306.0,7955.0,1,-4.890947390646406,0.0,4
2021-12-18,8907.0,0.0,0.0,0.0,0.0,7802.0,0.0,0.0,0.0,0.0,0.0,7955.0,153.0,12,8797.285714285714,2208.0,9047.0,1,-4.470886976529876,0.0,5
2021-12-19,9246.0,0.0,0.0,0.0,0.0,7955.0,0.0,0.0,0.0,0.0,0.0,9047.0,153.0,12,8817.285714285714,2295.0,9061.0,0,-4.372065279085691,0.0,6
2021-12-20,9313.0,0.0,0.0,0.0,0.0,9047.0,0.0,0.0,0.0,0.0,0.0,9061.0,184.0,12,8790.857142857143,2160.0,9082.0,0,-4.198683592688376,0.0,0
2021-12-21,9221.0,0.0,0.0,0.0,0.0,9061.0,0.0,0.0,0.0,0.0,0.0,9082.0,144.0,12,8757.857142857143,2292.0,9336.0,0,-3.9548122489529414,0.0,1
2021-12-22,9137.0,0.0,0.0,0.0,0.0,9082.0,0.0,0.0,0.0,0.0,0.0,9336.0,146.0,12,8774.285714285714,2342.0,9312.0,0,-4.014360087757357,0.0,2
2021-12-23,7802.0,0.0,0.0,0.0,0.0,9336.0,0.0,0.0,0.0,0.0,0.0,9312.0,144.0,12,8799.285714285714,2768.0,9245.0,0,-4.088969262602295,0.0,3
2021-12-24,7955.0,0.0,0.0,0.0,0.0,9312.0,0.0,0.0,0.0,0.0,0.0,9245.0,144.0,12,9005.42857142857,2832.0,8150.0,1,-5.041146850710144,0.0,4
2021-12-25,9047.0,0.0,0.0,0.0,0.0,9245.0,0.0,0.0,0.0,0.0,0.0,8150.0,144.0,12,9033.285714285714,2792.0,9013.0,1,-4.443703532436645,0.0,5
2021-12-26,9061.0,0.0,0.0,0.0,0.0,8150.0,0.0,0.0,0.0,0.0,0.0,9013.0,144.0,12,9028.42857142857,2818.0,9149.0,0,-4.27162591298521,0.0,6
2021-12-27,9082.0,0.0,160.0,0.0,0.0,9013.0,0.0,0.0,0.0,0.0,0.0,9149.0,144.0,12,9041.0,3931.0,9446.0,0,-3.8909906591425374,0.0,0
2021-12-28,9336.0,0.0,160.0,0.0,0.0,9149.0,0.0,0.0,0.0,0.0,0.0,9446.0,150.0,12,9093.0,4241.0,9368.0,0,-3.820202754466158,0.0,1
2021-12-29,9312.0,0.0,159.0,0.0,0.0,9446.0,0.0,0.0,0.0,0.0,0.0,9368.0,144.0,12,9097.57142857143,3983.0,9398.0,0,-3.685597219582111,0.0,2
2021-12-30,9245.0,0.0,160.0,0.0,0.0,9368.0,0.0,0.0,0.0,0.0,0.0,9398.0,144.0,12,9109.857142857143,3901.0,9302.0,0,-3.74175292214024,0.0,3
2021-12-31,8150.0,0.0,147.0,0.0,0.0,9398.0,0.0,0.0,0.0,0.0,0.0,9302.0,150.0,12,9118.0,4107.0,8193.0,1,-4.803263301850357,0.0,4
2022-01-01,9013.0,0.0,199.0,0.0,0.0,9302.0,0.0,0.0,0.0,0.0,0.0,8193.0,207.0,1,9124.142857142857,2522.0,9239.0,1,-3.9669709390969548,0.0,5
2022-01-02,9149.0,0.0,159.0,0.0,0.0,8193.0,0.0,0.0,0.0,0.0,0.0,9239.0,184.0,1,9156.42857142857,5198.0,9775.0,0,-3.258707840237286,0.0,6
2022-01-03,9446.0,0.0,77.0,0.0,0.0,9239.0,0.0,0.0,0.0,0.0,0.0,9775.0,184.0,1,9245.857142857143,3979.0,10490.0,0,-2.418723230753811,0.0,0
2022-01-04,9368.0,0.0,74.0,0.0,0.0,9775.0,0.0,0.0,0.0,0.0,0.0,10490.0,163.0,1,9395.0,1817.0,12585.0,0,0.41895490300555194,0.0,1
2022-01-05,9398.0,0.0,85.0,0.0,0.0,10490.0,0.0,0.0,0.0,0.0,0.0,12585.0,195.0,1,9854.57142857143,2232.0,11978.0,0,1.0475396899140659,0.0,2
2022-01-06,9302.0,0.0,184.0,0.0,0.0,12585.0,0.0,0.0,0.0,0.0,0.0,11978.0,162.0,1,10223.142857142857,2677.0,13797.0,0,2.424200915606535,0.0,3
2022-01-07,8193.0,0.0,184.0,0.0,0.0,11978.0,0.0,0.0,0.0,0.0,0.0,13797.0,0.0,1,10865.285714285714,1779.0,13119.0,1,1.8975741750524184,0.0,4
2022-01-08,9239.0,110.0,85.0,0.0,0.0,13797.0,180.0,0.0,0.0,0.0,120.0,13119.0,0.0,1,11569.0,2598.0,13800.0,1,1.9641406663297711,0.0,5
2022-01-09,9775.0,64.0,0.0,0.0,67.0,13119.0,191.0,65.0,10.0,172.0,337.0,13800.0,0.0,1,12220.57142857143,3067.0,14695.0,0,3.900847545291557,0.0,6
2022-01-10,10490.0,89.0,0.0,0.0,119.0,13800.0,237.0,161.0,144.0,167.0,490.0,14695.0,0.0,1,12923.42857142857,3294.0,14300.0,0,3.686902739093672,0.0,0
2022-01-11,12585.0,107.0,0.0,0.0,68.0,14695.0,121.0,78.0,29.0,85.0,102.0,14300.0,0.0,1,13467.714285714286,3836.0,12350.0,0,1.5047782581835145,0.0,1
2022-01-12,11978.0,0.0,199.0,0.0,76.0,14300.0,0.0,0.0,0.0,0.0,112.0,12350.0,184.0,1,13434.142857142857,3234.0,10550.0,0,-0.8996636772912199,0.0,2
2022-01-13,13797.0,0.0,160.0,0.0,0.0,12350.0,0.0,0.0,0.0,0.0,0.0,10550.0,149.0,1,13230.142857142857,4638.0,9643.0,0,-1.8953488888488121,0.0,3
2022-01-14,13119.0,0.0,159.0,0.0,0.0,10550.0,0.0,0.0,0.0,0.0,0.0,9643.0,150.0,1,12636.714285714286,4488.0,8349.0,1,-3.695326822858638,0.0,4
2022-01-15,13800.0,0.0,159.0,0.0,0.0,9643.0,0.0,0.0,0.0,0.0,0.0,8349.0,153.0,1,11955.285714285714,4471.0,9604.0,1,-2.690108998692396,0.0,5
2022-01-16,14695.0,0.0,160.0,0.0,0.0,8349.0,0.0,0.0,0.0,0.0,0.0,9604.0,165.0,1,11355.857142857143,4880.0,9676.0,0,-2.6039476309857523,0.0,6
2022-01-17,14300.0,0.0,159.0,0.0,0.0,9604.0,0.0,0.0,0.0,0.0,0.0,9676.0,154.0,1,10638.857142857143,4984.0,9771.0,0,-2.6179871522034093,0.0,0
2022-01-18,12350.0,0.0,74.0,0.0,0.0,9676.0,0.0,0.0,0.0,0.0,0.0,9771.0,154.0,1,9991.857142857143,4978.0,9829.0,0,-2.8013630248773516,0.0,1
2022-01-19,10550.0,0.0,159.0,0.0,0.0,9771.0,0.0,0.0,0.0,0.0,0.0,9829.0,154.0,1,9631.714285714286,4969.0,9853.0,0,-2.832707579461573,0.0,2
2022-01-20,9643.0,0.0,160.0,0.0,0.0,9829.0,0.0,0.0,0.0,0.0,0.0,9853.0,154.0,1,9532.142857142857,5211.0,9783.0,0,-3.020816638657367,0.0,3
2022-01-21,8349.0,0.0,159.0,0.0,0.0,9853.0,0.0,0.0,0.0,0.0,0.0,9783.0,154.0,1,9552.142857142857,5116.0,8615.0,1,-3.9307560264772348,0.0,4
2022-01-22,9604.0,0.0,159.0,0.0,0.0,9783.0,0.0,0.0,0.0,0.0,0.0,8615.0,154.0,1,9590.142857142857,5115.0,9673.0,1,-3.1487264843090297,0.0,5
2022-01-23,9676.0,0.0,159.0,0.0,0.0,8615.0,0.0,0.0,0.0,0.0,0.0,9673.0,154.0,1,9600.0,5192.0,9735.0,0,-3.2583858474154748,0.0,6
2022-01-24,9771.0,0.0,159.0,0.0,0.0,9673.0,0.0,0.0,0.0,0.0,0.0,9735.0,152.0,1,9608.42857142857,5169.0,9894.0,0,-2.787492476902595,0.0,0
2022-01-25,9829.0,0.0,159.0,0.0,0.0,9735.0,0.0,0.0,0.0,0.0,0.0,9894.0,151.0,1,9626.0,5314.0,10021.0,0,-2.659532492960923,0.0,1
2022-01-26,9853.0,0.0,159.0,0.0,0.0,9894.0,0.0,0.0,0.0,0.0,0.0,10021.0,147.0,1,9653.42857142857,5389.0,9699.0,0,-2.896685658582218,0.0,2
2022-01-27,9783.0,0.0,159.0,0.0,0.0,10021.0,0.0,0.0,0.0,0.0,0.0,9699.0,146.0,1,9631.42857142857,5327.0,9959.0,0,-2.6772784194136707,0.0,3
2022-01-28,8615.0,0.0,160.0,0.0,0.0,9699.0,0.0,0.0,0.0,0.0,0.0,9959.0,146.0,1,9656.57142857143,5233.0,8683.0,1,-3.995661161048199,0.0,4
2022-01-29,9673.0,0.0,160.0,0.0,0.0,9959.0,0.0,0.0,0.0,0.0,0.0,8683.0,148.0,1,9666.285714285714,5042.0,9869.0,1,-2.8583070395927175,0.0,5
2022-01-30,9735.0,0.0,159.0,0.0,0.0,8683.0,0.0,0.0,0.0,0.0,0.0,9869.0,147.0,1,9694.285714285714,5370.0,9867.0,0,-2.9696016729546715,0.0,6
2022-01-31,9894.0,0.0,159.0,0.0,0.0,9869.0,0.0,0.0,0.0,0.0,0.0,9867.0,147.0,1,9713.142857142857,5276.0,9801.0,0,-2.7987958988313504,0.0,0
2022-02-01,10021.0,0.0,199.0,0.0,0.0,9867.0,0.0,0.0,0.0,0.0,0.0,9801.0,184.0,2,9699.857142857143,2528.0,9425.0,0,-3.5304039977725625,0.0,1
2022-02-02,9699.0,0.0,160.0,0.0,0.0,9801.0,0.0,0.0,0.0,0.0,0.0,9425.0,184.0,2,9614.714285714286,5132.0,10011.0,0,-2.684553299477242,0.0,2
2022-02-03,9959.0,0.0,74.0,0.0,0.0,9425.0,0.0,0.0,0.0,0.0,0.0,10011.0,184.0,2,9659.285714285714,4182.0,10667.0,0,-2.155335124520594,0.0,3
2022-02-04,8683.0,0.0,75.0,0.0,0.0,10011.0,0.0,0.0,0.0,0.0,0.0,10667.0,163.0,2,9760.42857142857,2069.0,13718.0,1,1.6891024839147075,0.0,4
2022-02-05,9869.0,0.0,85.0,0.0,0.0,10667.0,0.0,0.0,0.0,0.0,0.0,13718.0,195.0,2,10479.714285714286,2274.0,10798.0,1,-0.33864431782762716,0.0,5
2022-02-06,9867.0,0.0,184.0,0.0,0.0,13718.0,0.0,0.0,0.0,0.0,0.0,10798.0,162.0,2,10612.42857142857,2345.0,13474.0,0,1.8488512850050778,0.0,6
2022-02-07,9801.0,50.0,184.0,0.0,50.0,10798.0,50.0,70.0,40.0,60.0,140.0,13474.0,0.0,2,11127.714285714286,1769.0,13107.0,0,1.6634533616567841,40.0,0
2022-02-08,9425.0,160.0,85.0,0.0,170.0,13474.0,170.0,108.0,60.0,150.0,390.0,13107.0,0.0,2,11600.0,2555.0,13800.0,0,2.7390378770425854,90.0,1
2022-02-09,10011.0,0.0,0.0,0.0,162.0,13107.0,0.0,0.0,0.0,0.0,50.0,13800.0,0.0,2,12225.0,2503.0,13492.0,0,2.6736377271605893,0.0,2
2022-02-10,10667.0,64.0,0.0,0.0,116.0,13800.0,158.0,90.0,106.0,142.0,248.0,13492.0,0.0,2,12722.285714285714,3965.0,13372.0,0,2.6096672172873365,0.0,3
2022-02-11,13718.0,130.0,0.0,0.0,117.0,13492.0,0.0,0.0,70.0,0.0,0.0,13372.0,0.0,2,13108.714285714286,3485.0,12160.0,1,1.1572771919370974,0.0,4
2022-02-12,10798.0,0.0,199.0,0.0,0.0,13372.0,0.0,0.0,0.0,0.0,0.0,12160.0,184.0,2,12886.142857142857,3113.0,8976.0,1,-2.5813027634358083,0.0,5
2022-02-13,13474.0,0.0,160.0,0.0,0.0,12160.0,0.0,0.0,0.0,0.0,0.0,8976.0,184.0,2,12625.857142857143,4494.0,9873.0,0,-2.452336462675266,0.0,6
2022-02-14,13107.0,0.0,160.0,0.0,0.0,8976.0,0.0,0.0,0.0,0.0,0.0,9873.0,184.0,2,12111.42857142857,4468.0,10004.0,0,-2.688133545966338,0.0,0
2022-02-15,13800.0,0.0,159.0,0.0,0.0,9873.0,0.0,0.0,0.0,0.0,0.0,10004.0,200.0,2,11668.142857142857,4404.0,9913.0,0,-2.639173109462127,0.0,1
2022-02-16,13492.0,0.0,159.0,0.0,0.0,10004.0,0.0,0.0,0.0,0.0,0.0,9913.0,184.0,2,11112.857142857143,4317.0,9951.0,0,-2.5993879370837054,0.0,2
2022-02-17,13372.0,0.0,159.0,0.0,0.0,9913.0,0.0,0.0,0.0,0.0,0.0,9951.0,158.0,2,10607.0,4577.0,10099.0,0,-2.5627159974787945,0.0,3
2022-02-18,12160.0,0.0,159.0,0.0,0.0,9951.0,0.0,0.0,0.0,0.0,0.0,10099.0,156.0,2,10139.42857142857,4747.0,8785.0,1,-3.2212956852995847,0.0,4
2022-02-19,8976.0,0.0,159.0,0.0,0.0,10099.0,0.0,0.0,0.0,0.0,0.0,8785.0,158.0,2,9657.285714285714,4517.0,10000.0,1,-3.228989669045458,0.0,5
2022-02-20,9873.0,0.0,159.0,0.0,0.0,8785.0,0.0,0.0,0.0,0.0,0.0,10000.0,170.0,2,9803.57142857143,4779.0,9542.0,0,-3.427807159658835,0.0,6
2022-02-21,10004.0,0.0,159.0,0.0,0.0,10000.0,0.0,0.0,0.0,0.0,0.0,9542.0,160.0,2,9756.285714285714,4812.0,8561.0,0,-4.16342073557348,0.0,0
2022-02-22,9913.0,0.0,160.0,0.0,0.0,9542.0,0.0,0.0,0.0,0.0,0.0,8561.0,160.0,2,9550.142857142857,4644.0,9947.0,0,-2.9948475651086714,0.0,1
2022-02-23,9951.0,0.0,159.0,0.0,0.0,8561.0,0.0,0.0,0.0,0.0,0.0,9947.0,162.0,2,9555.0,4606.0,10262.0,0,-2.6981518468591776,0.0,2
2022-02-24,10099.0,0.0,159.0,0.0,0.0,9947.0,0.0,0.0,0.0,0.0,0.0,10262.0,184.0,2,9599.42857142857,4458.0,10225.0,0,-2.5046011802100754,0.0,3
2022-02-25,8785.0,0.0,159.0,0.0,0.0,10262.0,0.0,0.0,0.0,0.0,0.0,10225.0,184.0,2,9617.42857142857,4255.0,8937.0,1,-3.936557273652241,0.0,4
2022-02-26,10000.0,0.0,159.0,0.0,0.0,10225.0,0.0,0.0,0.0,0.0,0.0,8937.0,184.0,2,9639.142857142857,4262.0,10361.0,1,-2.521708808692937,0.0,5
2022-02-27,9542.0,0.0,159.0,0.0,0.0,8937.0,0.0,0.0,0.0,0.0,0.0,10361.0,184.0,2,9690.714285714286,3974.0,9939.0,0,-3.0879701520509175,0.0,6
2022-02-28,8561.0,0.0,159.0,0.0,0.0,10361.0,0.0,0.0,0.0,0.0,0.0,9939.0,184.0,2,9747.42857142857,3985.0,10737.0,0,-2.173128981433826,0.0,0
2022-03-01,9947.0,0.0,160.0,0.0,0.0,9939.0,0.0,0.0,0.0,0.0,0.0,10737.0,144.0,3,10058.285714285714,4029.0,9342.0,0,-3.7652194110567914,0.0,1
2022-03-02,10262.0,0.0,159.0,0.0,0.0,10737.0,0.0,0.0,0.0,0.0,0.0,9342.0,184.0,3,9971.857142857143,5075.0,9784.0,0,-2.781466231496269,0.0,2
2022-03-03,10225.0,0.0,79.0,0.0,0.0,9342.0,0.0,0.0,0.0,0.0,0.0,9784.0,184.0,3,9903.57142857143,3766.0,10844.0,0,-1.9446195554916836,0.0,3
2022-03-04,8937.0,0.0,0.0,0.0,161.0,9784.0,128.0,31.0,0.0,169.0,111.0,10844.0,160.0,3,9992.0,2803.0,13601.0,1,1.662375921741944,0.0,4
2022-03-05,10361.0,0.0,85.0,0.0,0.0,10844.0,0.0,0.0,0.0,0.0,0.0,13601.0,195.0,3,10658.285714285714,3185.0,7880.0,1,-4.100716238971853,0.0,5
2022-03-06,9939.0,0.0,184.0,0.0,0.0,13601.0,0.0,0.0,0.0,0.0,0.0,7880.0,162.0,3,10303.857142857143,2128.0,12725.0,0,1.0152837457996506,0.0,6
2022-03-07,10737.0,140.0,184.0,0.0,120.0,7880.0,220.0,150.0,50.0,220.0,400.0,12725.0,0.0,3,10701.857142857143,3650.0,13615.0,0,1.713942067806117,200.0,0
2022-03-08,9342.0,146.0,85.0,0.0,181.0,12725.0,176.0,102.0,58.0,177.0,245.0,13615.0,0.0,3,11113.0,2542.0,13800.0,0,2.7430859536382517,117.0,1
2022-03-09,9784.0,0.0,0.0,0.0,90.0,13615.0,0.0,0.0,0.0,0.0,74.0,13800.0,0.0,3,11749.857142857143,2561.0,13762.0,0,2.7183724853337594,0.0,2
2022-03-10,10844.0,65.0,0.0,0.0,138.0,13800.0,161.0,39.0,0.0,126.0,20.0,13762.0,0.0,3,12318.142857142857,3909.0,12683.0,0,1.6203243290435458,0.0,3
2022-03-11,13601.0,0.0,0.0,0.0,0.0,13762.0,0.0,0.0,0.0,0.0,0.0,12683.0,0.0,3,12580.857142857143,3554.0,11389.0,1,-0.004539577079841237,0.0,4
2022-03-12,7880.0,0.0,199.0,0.0,38.0,12683.0,0.0,0.0,0.0,0.0,0.0,11389.0,195.0,3,12264.857142857143,3016.0,10096.0,1,-2.09293175708782,0.0,5
2022-03-13,12725.0,0.0,160.0,0.0,0.0,11389.0,0.0,0.0,0.0,0.0,0.0,10096.0,184.0,3,12581.42857142857,2755.0,11621.0,0,-0.24367647006277746,0.0,6
2022-03-14,13615.0,0.0,82.0,0.0,0.0,10096.0,0.0,0.0,0.0,0.0,0.0,11621.0,149.0,3,12423.714285714286,2486.0,11899.0,0,0.019713873381657417,0.0,0
2022-03-15,13800.0,0.0,91.0,0.0,0.0,11621.0,0.0,0.0,0.0,0.0,0.0,11899.0,149.0,3,12178.57142857143,2443.0,12170.0,0,0.6098757491133395,0.0,1
2022-03-16,13762.0,0.0,83.0,0.0,0.0,11899.0,0.0,0.0,0.0,0.0,0.0,12170.0,149.0,3,11945.714285714286,2072.0,12631.0,0,1.2727241312379525,0.0,2
2022-03-17,12683.0,0.0,77.0,0.0,0.0,12170.0,0.0,0.0,0.0,0.0,0.0,12631.0,149.0,3,11784.142857142857,1806.0,12597.0,0,1.310682266773087,0.0,3
2022-03-18,11389.0,0.0,80.0,0.0,0.0,12631.0,0.0,0.0,0.0,0.0,0.0,12597.0,149.0,3,11771.857142857143,1789.0,11521.0,1,0.4966390612395935,0.0,4
2022-03-19,10096.0,0.0,87.0,0.0,0.0,12597.0,0.0,0.0,0.0,0.0,0.0,11521.0,195.0,3,11790.714285714286,1804.0,12075.0,1,0.7862716209592959,0.0,5
2022-03-20,11621.0,0.0,80.0,0.0,0.0,11521.0,0.0,0.0,0.0,0.0,0.0,12075.0,195.0,3,12073.42857142857,1799.0,13038.0,0,1.482954810820287,0.0,6
2022-03-21,11899.0,0.0,74.0,0.0,0.0,12075.0,0.0,0.0,0.0,0.0,0.0,13038.0,160.0,3,12275.857142857143,2198.0,13024.0,0,1.5957117488617247,0.0,0
2022-03-22,12170.0,0.0,74.0,0.0,0.0,13038.0,0.0,0.0,0.0,0.0,0.0,13024.0,160.0,3,12436.57142857143,2201.0,13096.0,0,1.9959870657216736,0.0,1
2022-03-23,12631.0,0.0,74.0,0.0,0.0,13024.0,0.0,0.0,0.0,0.0,0.0,13096.0,160.0,3,12568.857142857143,2403.0,13412.0,0,4.405800248515466,0.0,2
2022-03-24,12597.0,0.0,74.0,0.0,0.0,13096.0,0.0,0.0,0.0,0.0,0.0,13412.0,160.0,3,12680.42857142857,2054.0,13284.0,0,2.3046012014937056,0.0,3
2022-03-25,11521.0,0.0,75.0,0.0,0.0,13412.0,0.0,0.0,0.0,0.0,0.0,13284.0,163.0,3,12778.57142857143,1931.0,12418.0,1,1.7018966968276596,0.0,4
2022-03-26,12075.0,0.0,75.0,0.0,0.0,13284.0,0.0,0.0,0.0,0.0,0.0,12418.0,162.0,3,12906.714285714286,1837.0,12593.0,1,1.803721668989414,0.0,5
2022-03-27,13038.0,0.0,74.0,0.0,0.0,12418.0,0.0,0.0,0.0,0.0,0.0,12593.0,158.0,3,12980.714285714286,1749.0,13108.0,0,2.36109646749046,0.0,6
2022-03-28,13024.0,0.0,74.0,0.0,0.0,12593.0,0.0,0.0,0.0,0.0,0.0,13108.0,159.0,3,12990.714285714286,2208.0,13347.0,0,2.4135078531905934,0.0,0
2022-03-29,13096.0,0.0,75.0,0.0,0.0,13108.0,0.0,0.0,0.0,0.0,0.0,13347.0,160.0,3,13036.857142857143,2022.0,12769.0,0,2.132924578849946,0.0,1
2022-03-30,13412.0,0.0,74.0,0.0,0.0,13347.0,0.0,0.0,0.0,0.0,0.0,12769.0,161.0,3,12990.142857142857,2016.0,13283.0,0,2.239201436434039,0.0,2
2022-03-31,13284.0,0.0,74.0,0.0,0.0,12769.0,0.0,0.0,0.0,0.0,0.0,13283.0,161.0,3,12971.714285714286,1970.0,13662.0,0,2.7410708003491058,0.0,3
2022-04-01,12418.0,0.0,160.0,0.0,0.0,13283.0,0.0,0.0,0.0,0.0,0.0,13662.0,144.0,4,13025.714285714286,4045.0,9406.0,1,-2.028572304145768,0.0,4
2022-04-02,12593.0,0.0,159.0,0.0,0.0,13662.0,0.0,0.0,0.0,0.0,0.0,9406.0,184.0,4,12595.42857142857,4944.0,7350.0,1,-4.637219020075154,0.0,5
2022-04-03,13108.0,0.0,159.0,0.0,0.0,9406.0,0.0,0.0,0.0,0.0,0.0,7350.0,184.0,4,11846.42857142857,3327.0,9443.0,0,-2.8897558709176367,0.0,6
2022-04-04,13347.0,0.0,0.0,0.0,300.0,7350.0,120.0,30.0,0.0,180.0,50.0,9443.0,155.0,4,11322.857142857143,3242.0,13712.0,0,1.7045325474211315,20.0,0
2022-04-05,12769.0,0.0,85.0,0.0,0.0,9443.0,0.0,0.0,0.0,0.0,0.0,13712.0,195.0,4,11375.0,3150.0,9610.0,0,-1.3934061035081045,0.0,1
2022-04-06,13283.0,0.0,143.0,0.0,0.0,13712.0,0.0,0.0,0.0,0.0,0.0,9610.0,170.0,4,10923.714285714286,2157.0,13036.0,0,1.6777106245287823,0.0,2
2022-04-07,13662.0,180.0,184.0,0.0,125.0,9610.0,240.0,165.0,45.0,220.0,300.0,13036.0,0.0,4,10888.42857142857,3483.0,13636.0,0,1.934794222404055,125.0,3
2022-04-08,9406.0,170.0,85.0,0.0,200.0,13036.0,150.0,100.0,75.0,155.0,245.0,13636.0,0.0,4,10884.714285714286,2773.0,13800.0,1,2.7869394905597358,104.0,4
2022-04-09,7350.0,0.0,0.0,0.0,177.0,13636.0,0.0,0.0,0.0,0.0,91.0,13800.0,0.0,4,11512.42857142857,2532.0,13831.0,1,2.7806409830883303,0.0,5
2022-04-10,9443.0,440.0,0.0,0.0,665.0,13800.0,12.0,241.0,350.0,185.0,2002.0,13831.0,0.0,4,12438.285714285714,779.0,13200.0,0,2.2096679745676324,500.0,6
2022-04-11,13712.0,0.0,0.0,0.0,0.0,13831.0,0.0,0.0,0.0,0.0,0.0,13200.0,0.0,4,12975.0,3530.0,10312.0,0,-0.9053512356676109,0.0,0
2022-04-12,9610.0,0.0,199.0,0.0,0.0,13200.0,0.0,0.0,0.0,0.0,0.0,10312.0,184.0,4,12489.285714285714,2837.0,9888.0,0,-2.1178836310762184,0.0,1
2022-04-13,13036.0,0.0,0.0,0.0,0.0,10312.0,0.0,0.0,0.0,0.0,0.0,9888.0,161.0,4,12529.0,1785.0,14178.0,0,2.9559471731212574,0.0,2
2022-04-14,13636.0,0.0,0.0,0.0,0.0,9888.0,0.0,0.0,0.0,0.0,0.0,14178.0,162.0,4,12692.142857142857,1854.0,13465.0,0,2.4092560815908426,0.0,3
2022-04-15,13800.0,0.0,0.0,0.0,0.0,14178.0,0.0,0.0,0.0,0.0,0.0,13465.0,162.0,4,12667.714285714286,1776.0,13860.0,1,3.6084918429857558,0.0,4
2022-04-16,13831.0,0.0,0.0,0.0,0.0,13465.0,0.0,0.0,0.0,0.0,0.0,13860.0,129.0,4,12676.285714285714,1919.0,14782.0,1,4.516909420499204,0.0,5
2022-04-17,13200.0,0.0,0.0,0.0,0.0,13860.0,0.0,0.0,0.0,0.0,0.0,14782.0,160.0,4,12812.142857142857,2005.0,14387.0,0,4.153174278745594,0.0,6
2022-04-18,10312.0,0.0,0.0,0.0,0.0,14782.0,0.0,0.0,0.0,0.0,0.0,14387.0,166.0,4,12981.714285714286,2292.0,14470.0,0,4.061396409550321,0.0,0
2022-04-19,9888.0,0.0,0.0,0.0,0.0,14387.0,0.0,0.0,0.0,0.0,0.0,14470.0,166.0,4,13575.714285714286,2088.0,14419.0,0,3.859579420924376,0.0,1
2022-04-20,14178.0,0.0,0.0,0.0,0.0,14470.0,0.0,0.0,0.0,0.0,0.0,14419.0,168.0,4,14223.0,1979.0,10043.0,0,-0.6879706406847438,0.0,2
2022-04-21,13465.0,0.0,0.0,0.0,0.0,14419.0,0.0,0.0,0.0,0.0,0.0,10043.0,173.0,4,13632.285714285714,2769.0,13046.0,0,2.2417418183833706,0.0,3
2022-04-22,13860.0,0.0,0.0,0.0,0.0,10043.0,0.0,0.0,0.0,0.0,0.0,13046.0,177.0,4,13572.42857142857,2756.0,9317.0,1,-2.561231286638021,0.0,4
2022-04-23,14782.0,0.0,0.0,0.0,0.0,13046.0,0.0,0.0,0.0,0.0,0.0,9317.0,172.0,4,12923.42857142857,2966.0,13766.0,1,2.8787260982515814,0.0,5
2022-04-24,14387.0,0.0,0.0,0.0,0.0,9317.0,0.0,0.0,0.0,0.0,0.0,13766.0,173.0,4,12778.285714285714,3198.0,13975.0,0,3.1233918897123094,0.0,6
2022-04-25,14470.0,0.0,0.0,0.0,0.0,13766.0,0.0,0.0,0.0,0.0,0.0,13975.0,174.0,4,12719.42857142857,3000.0,14714.0,0,4.7245262623649396,0.0,0
2022-04-26,14419.0,0.0,0.0,0.0,0.0,13975.0,0.0,0.0,0.0,0.0,0.0,14714.0,172.0,4,12754.285714285714,3035.0,14716.0,0,4.704221137217976,0.0,1
2022-04-27,10043.0,0.0,0.0,0.0,0.0,14714.0,0.0,0.0,0.0,0.0,0.0,14716.0,172.0,4,12796.714285714286,3087.0,14635.0,0,4.3420989443553,0.0,2
2022-04-28,13046.0,0.0,0.0,0.0,0.0,14716.0,0.0,0.0,0.0,0.0,0.0,14635.0,173.0,4,13452.714285714286,3073.0,14544.0,0,4.899837611966673,0.0,3
2022-04-29,9317.0,0.0,0.0,0.0,0.0,14635.0,0.0,0.0,0.0,0.0,0.0,14544.0,195.0,4,13666.714285714286,3070.0,13079.0,1,2.7394564397572783,0.0,4
2022-04-30,13766.0,0.0,85.0,0.0,0.0,14544.0,0.0,0.0,0.0,0.0,0.0,13079.0,195.0,4,14204.142857142857,2616.0,11464.0,1,1.6633535481832449,0.0,5
2022-05-01,13975.0,0.0,160.0,0.0,0.0,13079.0,0.0,0.0,0.0,0.0,0.0,11464.0,144.0,5,13875.285714285714,3844.0,9239.0,0,-2.291963109876953,0.0,6
2022-05-02,14714.0,0.0,160.0,0.0,0.0,11464.0,0.0,0.0,0.0,0.0,0.0,9239.0,184.0,5,13198.714285714286,4853.0,9073.0,0,-2.563869501905687,0.0,0
2022-05-03,14716.0,0.0,159.0,0.0,0.0,9239.0,0.0,0.0,0.0,0.0,0.0,9073.0,184.0,5,12392.857142857143,3185.0,10895.0,0,-1.3267010849544052,0.0,1
2022-05-04,14635.0,20.0,0.0,0.0,170.0,9073.0,100.0,70.0,20.0,110.0,45.0,10895.0,158.0,5,11847.0,3400.0,13986.0,0,2.4890594882179613,45.0,2
2022-05-05,14544.0,0.0,85.0,0.0,0.0,10895.0,0.0,0.0,0.0,0.0,0.0,13986.0,196.0,5,11754.285714285714,2520.0,10543.0,0,0.22874065143753552,0.0,3
2022-05-06,13079.0,0.0,99.0,0.0,0.0,13986.0,0.0,0.0,0.0,0.0,0.0,10543.0,195.0,5,11182.714285714286,2416.0,13833.0,1,2.5828644731858743,0.0,4
2022-05-07,11464.0,50.0,85.0,0.0,50.0,10543.0,60.0,40.0,30.0,60.0,100.0,13833.0,0.0,5,11290.42857142857,2845.0,13678.0,1,2.1387684723042746,60.0,5
2022-05-08,9239.0,90.0,85.0,0.0,126.0,13833.0,85.0,65.0,0.0,85.0,70.0,13678.0,0.0,5,11606.714285714286,2393.0,13450.0,0,2.8352033936642695,0.0,6
2022-05-09,9073.0,0.0,0.0,0.0,97.0,13678.0,0.0,0.0,0.0,0.0,0.0,13450.0,0.0,5,12208.285714285714,2560.0,13522.0,0,2.5721732020757293,0.0,0
2022-05-10,10895.0,200.0,0.0,0.0,230.0,13450.0,0.0,134.0,99.0,0.0,712.0,13522.0,0.0,5,12843.857142857143,849.0,13282.0,0,2.454913339725791,0.0,1
2022-05-11,13986.0,0.0,0.0,0.0,0.0,13522.0,0.0,0.0,0.0,0.0,0.0,13282.0,0.0,5,13184.857142857143,3519.0,11297.0,0,-0.05343535260629515,0.0,2
2022-05-12,10543.0,0.0,199.0,0.0,0.0,13282.0,0.0,0.0,0.0,0.0,0.0,11297.0,184.0,5,12800.714285714286,2950.0,9905.0,0,-1.9011996605610795,0.0,3
2022-05-13,13833.0,0.0,85.0,0.0,0.0,11297.0,0.0,0.0,0.0,0.0,0.0,9905.0,200.0,5,12709.57142857143,2552.0,10889.0,1,-0.46918613989063757,0.0,4
2022-05-14,13678.0,0.0,85.0,0.0,0.0,9905.0,0.0,0.0,0.0,0.0,0.0,10889.0,200.0,5,12289.0,2611.0,13297.0,1,1.999335738916466,0.0,5
2022-05-15,13450.0,0.0,85.0,0.0,0.0,10889.0,0.0,0.0,0.0,0.0,0.0,13297.0,200.0,5,12234.57142857143,2462.0,13701.0,0,2.824108947672537,0.0,6
2022-05-16,13522.0,0.0,85.0,0.0,0.0,13297.0,0.0,0.0,0.0,0.0,0.0,13701.0,230.0,5,12270.42857142857,2822.0,13954.0,0,3.185035093409606,0.0,0
2022-05-17,13282.0,0.0,185.0,0.0,0.0,13701.0,0.0,0.0,0.0,0.0,0.0,13954.0,200.0,5,12332.142857142857,2761.0,13256.0,0,2.483741650147807,0.0,1
2022-05-18,11297.0,0.0,184.0,0.0,0.0,13954.0,0.0,0.0,0.0,0.0,0.0,13256.0,200.0,5,12328.42857142857,2539.0,13760.0,0,2.3322868648287183,0.0,2
2022-05-19,9905.0,0.0,184.0,0.0,0.0,13256.0,0.0,0.0,0.0,0.0,0.0,13760.0,197.0,5,12680.285714285714,2579.0,12907.0,0,1.6013981168442006,0.0,3
2022-05-20,10889.0,0.0,184.0,0.0,0.0,13760.0,0.0,0.0,0.0,0.0,0.0,12907.0,200.0,5,13109.142857142857,3052.0,11749.0,1,0.9861880288901632,0.0,4
2022-05-21,13297.0,0.0,184.0,0.0,0.0,12907.0,0.0,0.0,0.0,0.0,0.0,11749.0,200.0,5,13232.0,3288.0,10998.0,1,-0.3360197087299254,0.0,5
2022-05-22,13701.0,0.0,184.0,0.0,0.0,11749.0,0.0,0.0,0.0,0.0,0.0,10998.0,195.0,5,12903.57142857143,3403.0,13456.0,0,2.581284558220245,0.0,6
2022-05-23,13954.0,0.0,184.0,0.0,0.0,10998.0,0.0,0.0,0.0,0.0,0.0,13456.0,160.0,5,12868.57142857143,3132.0,13810.0,0,3.0303975574554056,0.0,0
2022-05-24,13256.0,0.0,184.0,0.0,0.0,13456.0,0.0,0.0,0.0,0.0,0.0,13810.0,160.0,5,12848.0,2771.0,13923.0,0,3.345848944218698,0.0,1
2022-05-25,13760.0,0.0,184.0,0.0,0.0,13810.0,0.0,0.0,0.0,0.0,0.0,13923.0,155.0,5,12943.285714285714,2586.0,13024.0,0,2.3758438639123827,0.0,2
2022-05-26,12907.0,0.0,184.0,0.0,0.0,13923.0,0.0,0.0,0.0,0.0,0.0,13024.0,167.0,5,12838.142857142857,3093.0,13361.0,0,2.7783755311656915,0.0,3
2022-05-27,11749.0,0.0,184.0,0.0,0.0,13024.0,0.0,0.0,0.0,0.0,0.0,13361.0,167.0,5,12903.0,3119.0,11869.0,1,0.8471880443939777,0.0,4
2022-05-28,10998.0,0.0,184.0,0.0,0.0,13361.0,0.0,0.0,0.0,0.0,0.0,11869.0,162.0,5,12920.142857142857,3236.0,12348.0,1,0.9507406249753797,0.0,5
2022-05-29,13456.0,0.0,184.0,0.0,0.0,11869.0,0.0,0.0,0.0,0.0,0.0,12348.0,162.0,5,13113.0,2844.0,13303.0,0,2.3069314164695127,0.0,6
2022-05-30,13810.0,0.0,184.0,0.0,0.0,12348.0,0.0,0.0,0.0,0.0,0.0,13303.0,162.0,5,13091.142857142857,2369.0,13713.0,0,2.923126823137434,0.0,0
2022-05-31,13923.0,0.0,184.0,0.0,0.0,13303.0,0.0,0.0,0.0,0.0,0.0,13713.0,162.0,5,13077.285714285714,2544.0,13655.0,0,3.3216669401039813,0.0,1
2022-06-01,13024.0,0.0,160.0,0.0,0.0,13713.0,0.0,0.0,0.0,0.0,0.0,13655.0,152.0,6,13039.0,3915.0,9338.0,0,-2.0555135315135153,0.0,2
2022-06-02,13361.0,0.0,159.0,0.0,0.0,13655.0,0.0,0.0,0.0,0.0,0.0,9338.0,184.0,6,12512.42857142857,5216.0,9448.0,0,-2.290286979147888,0.0,3
2022-06-03,11869.0,0.0,159.0,0.0,0.0,9338.0,0.0,0.0,0.0,0.0,0.0,9448.0,184.0,6,11953.42857142857,2627.0,11024.0,1,-1.2851531621180634,0.0,4
2022-06-04,12348.0,92.0,0.0,0.0,95.0,9448.0,85.0,30.0,10.0,61.0,32.0,11024.0,158.0,6,11832.714285714286,3624.0,14040.0,1,2.4468680100334756,0.0,5
2022-06-05,13303.0,0.0,85.0,0.0,0.0,11024.0,0.0,0.0,0.0,0.0,0.0,14040.0,196.0,6,12074.42857142857,2070.0,10543.0,0,0.23538317247578208,0.0,6
2022-06-06,13713.0,0.0,99.0,0.0,0.0,14040.0,0.0,0.0,0.0,0.0,0.0,10543.0,195.0,6,11680.142857142857,2305.0,14004.0,0,2.767023548092538,0.0,0
2022-06-07,13655.0,18.0,85.0,0.0,86.0,10543.0,42.0,48.0,0.0,56.0,0.0,14004.0,0.0,6,11721.714285714286,3128.0,13864.0,0,2.929664679923132,0.0,1
2022-06-08,9338.0,170.0,85.0,0.0,210.0,14004.0,200.0,120.0,87.0,190.0,380.0,13864.0,0.0,6,11751.57142857143,2499.0,13800.0,0,2.85826234129568,180.0,2
2022-06-09,9448.0,152.0,0.0,0.0,222.0,13864.0,260.0,130.0,0.0,160.0,150.0,13800.0,0.0,6,12389.0,2696.0,13800.0,0,3.1617553807536383,50.0,3
2022-06-10,11024.0,264.0,0.0,0.0,293.0,13800.0,0.0,0.0,162.0,0.0,429.0,13800.0,0.0,6,13010.714285714286,3521.0,13275.0,1,2.601664080642548,36.0,4
2022-06-11,14040.0,0.0,0.0,0.0,42.0,13800.0,0.0,0.0,0.0,0.0,20.0,13275.0,0.0,6,13332.285714285714,4230.0,11233.0,1,0.0885270223914846,0.0,5
2022-06-12,10543.0,0.0,199.0,0.0,0.0,13275.0,0.0,0.0,0.0,0.0,0.0,11233.0,184.0,6,12931.285714285714,3011.0,9981.0,0,-1.8822935686216673,0.0,6
2022-06-13,14004.0,0.0,184.0,0.0,0.0,11233.0,0.0,0.0,0.0,0.0,0.0,9981.0,198.0,6,12851.0,1960.0,12914.0,0,0.8144504030762283,0.0,0
2022-06-14,13864.0,0.0,184.0,0.0,0.0,9981.0,0.0,0.0,0.0,0.0,0.0,12914.0,198.0,6,12695.285714285714,1847.0,13200.0,0,1.6506412023426988,0.0,1
2022-06-15,13800.0,0.0,184.0,0.0,0.0,12914.0,0.0,0.0,0.0,0.0,0.0,13200.0,198.0,6,12600.42857142857,1427.0,13264.0,0,2.2515904698576588,0.0,2
2022-06-16,13800.0,0.0,184.0,0.0,0.0,13200.0,0.0,0.0,0.0,0.0,0.0,13264.0,164.0,6,12523.857142857143,1697.0,12989.0,0,1.7283467577888723,0.0,3
2022-06-17,13275.0,0.0,184.0,0.0,0.0,13264.0,0.0,0.0,0.0,0.0,0.0,12989.0,164.0,6,12408.0,1409.0,9530.0,1,-1.6415541903522277,0.0,4
2022-06-18,11233.0,0.0,184.0,0.0,0.0,12989.0,0.0,0.0,0.0,0.0,0.0,9530.0,131.0,6,11873.0,1380.0,11850.0,1,-0.06945961766845021,0.0,5
2022-06-19,9981.0,0.0,184.0,0.0,0.0,9530.0,0.0,0.0,0.0,0.0,0.0,11850.0,130.0,6,11961.142857142857,1269.0,12133.0,0,-0.4105656622824381,0.0,6
2022-06-20,12914.0,0.0,184.0,0.0,0.0,11850.0,0.0,0.0,0.0,0.0,0.0,12133.0,126.0,6,12268.57142857143,949.0,12439.0,0,0.967225375345174,0.0,0
2022-06-21,13200.0,0.0,184.0,0.0,0.0,12133.0,0.0,0.0,0.0,0.0,0.0,12439.0,113.0,6,12200.714285714286,826.0,13023.0,0,1.5815280202397461,0.0,1
2022-06-22,13264.0,0.0,184.0,0.0,0.0,12439.0,0.0,0.0,0.0,0.0,0.0,13023.0,106.0,6,12175.42857142857,948.0,13082.0,0,1.8478382573408907,0.0,2
2022-06-23,12989.0,0.0,184.0,0.0,0.0,13023.0,0.0,0.0,0.0,0.0,0.0,13082.0,149.0,6,12149.42857142857,898.0,13194.0,0,2.0705331617313734,0.0,3
2022-06-24,9530.0,0.0,184.0,0.0,0.0,13082.0,0.0,0.0,0.0,0.0,0.0,13194.0,104.0,6,12178.714285714286,733.0,12570.0,1,1.5408790579866158,0.0,4
2022-06-25,11850.0,0.0,184.0,0.0,0.0,13194.0,0.0,0.0,0.0,0.0,0.0,12570.0,0.0,6,12613.0,673.0,13319.0,1,2.346379086041935,0.0,5
2022-06-26,12133.0,0.0,184.0,0.0,0.0,12570.0,0.0,0.0,0.0,0.0,0.0,13319.0,0.0,6,12822.857142857143,1137.0,13696.0,0,2.858779248376266,0.0,6
2022-06-27,12439.0,0.0,184.0,0.0,0.0,13319.0,0.0,0.0,0.0,0.0,0.0,13696.0,0.0,6,13046.142857142857,1407.0,13523.0,0,2.6208203202181974,0.0,0
2022-06-28,13023.0,0.0,184.0,0.0,0.0,13696.0,0.0,0.0,0.0,0.0,0.0,13523.0,0.0,6,13201.0,1664.0,13332.0,0,2.381261540946551,0.0,1
2022-06-29,13082.0,0.0,184.0,0.0,0.0,13523.0,0.0,0.0,0.0,0.0,0.0,13332.0,0.0,6,13245.142857142857,1565.0,13485.0,0,2.51658364122264,0.0,2
2022-06-30,13194.0,0.0,184.0,0.0,0.0,13332.0,0.0,0.0,0.0,0.0,0.0,13485.0,0.0,6,13302.714285714286,1828.0,13126.0,0,2.2899368943833815,0.0,3
2022-07-01,12570.0,0.0,160.0,0.0,0.0,13485.0,0.0,0.0,0.0,0.0,0.0,13126.0,152.0,7,13293.0,3790.0,8218.0,1,-3.0549297382892497,0.0,4
2022-07-02,13319.0,0.0,159.0,0.0,0.0,13126.0,0.0,0.0,0.0,0.0,0.0,8218.0,184.0,7,12671.285714285714,4562.0,9478.0,1,-2.325188756397112,0.0,5
2022-07-03,13696.0,0.0,159.0,0.0,0.0,8218.0,0.0,0.0,0.0,0.0,0.0,9478.0,184.0,7,12122.57142857143,2673.0,11424.0,0,-0.8987787123920193,0.0,6
2022-07-04,13523.0,20.0,0.0,0.0,130.0,9478.0,60.0,20.0,0.0,100.0,20.0,11424.0,128.0,7,11798.0,3882.0,14351.0,0,2.656009135837866,0.0,0
2022-07-05,13332.0,0.0,85.0,0.0,0.0,11424.0,0.0,0.0,0.0,0.0,0.0,14351.0,197.0,7,11916.285714285714,1861.0,11937.0,0,1.7420729590662196,0.0,1
2022-07-06,13485.0,0.0,184.0,0.0,0.0,14351.0,0.0,0.0,0.0,0.0,0.0,11937.0,195.0,7,11717.0,2734.0,13555.0,0,2.7558229188689736,0.0,2
2022-07-07,13126.0,0.0,85.0,0.0,0.0,11937.0,0.0,0.0,0.0,0.0,0.0,13555.0,0.0,7,11727.0,2601.0,13619.0,0,3.0819858447145583,0.0,3
2022-07-08,8218.0,100.0,85.0,0.0,180.0,13555.0,160.0,37.0,80.0,120.0,170.0,13619.0,0.0,7,11797.42857142857,2653.0,14200.0,1,3.003783982358584,50.0,4
2022-07-09,9478.0,25.0,0.0,0.0,227.0,13619.0,0.0,80.0,45.0,80.0,160.0,14200.0,0.0,7,12652.0,2455.0,14300.0,1,3.8384265863991494,0.0,5
2022-07-10,11424.0,253.0,0.0,0.0,246.0,14200.0,50.0,10.0,110.0,0.0,207.0,14300.0,0.0,7,13340.857142857143,3617.0,12950.0,0,2.7394132551194814,88.0,6
2022-07-11,14351.0,0.0,0.0,0.0,0.0,14300.0,0.0,0.0,0.0,0.0,0.0,12950.0,0.0,7,13558.857142857143,4466.0,11227.0,0,0.25484459140583166,0.0,0
2022-07-12,11937.0,0.0,199.0,0.0,0.0,12950.0,0.0,0.0,0.0,0.0,0.0,11227.0,184.0,7,13112.57142857143,2469.0,10076.0,0,-1.6744504574027204,0.0,1
2022-07-13,13555.0,0.0,85.0,0.0,0.0,11227.0,0.0,0.0,0.0,0.0,0.0,10076.0,0.0,7,12846.714285714286,1257.0,12068.0,0,1.6086521443080983,0.0,2
2022-07-14,13619.0,0.0,85.0,0.0,0.0,10076.0,0.0,0.0,0.0,0.0,0.0,12068.0,0.0,7,12634.285714285714,1180.0,12300.0,0,2.050402834556648,0.0,3
2022-07-15,14200.0,0.0,85.0,0.0,0.0,12068.0,0.0,0.0,0.0,0.0,0.0,12300.0,0.0,7,12445.857142857143,1292.0,12626.0,1,2.757464223188957,0.0,4
2022-07-16,14300.0,0.0,85.0,0.0,0.0,12300.0,0.0,0.0,0.0,0.0,0.0,12626.0,0.0,7,12221.0,1575.0,13538.0,1,3.383138614321864,0.0,5
2022-07-17,12950.0,0.0,85.0,0.0,0.0,12626.0,0.0,0.0,0.0,0.0,0.0,13538.0,0.0,7,12112.142857142857,1790.0,13765.0,0,3.217858417457967,0.0,6
2022-07-18,11227.0,90.0,85.0,0.0,293.0,13538.0,0.0,184.0,20.0,0.0,98.0,13765.0,0.0,7,12228.57142857143,3134.0,14006.0,0,3.51292219523987,100.0,0
2022-07-19,10076.0,253.0,85.0,0.0,220.0,13765.0,330.0,180.0,91.0,303.0,763.0,14006.0,0.0,7,12625.57142857143,3409.0,14124.0,0,3.319006097826559,245.0,1
2022-07-20,12068.0,160.0,85.0,0.0,220.0,14006.0,150.0,185.0,75.0,180.0,200.0,14124.0,0.0,7,13203.857142857143,3632.0,13664.0,0,3.3711466840144455,0.0,2
2022-07-21,12300.0,164.0,85.0,0.0,220.0,14124.0,200.0,200.0,58.0,196.0,380.0,13664.0,0.0,7,13431.857142857143,3728.0,13797.0,0,3.4594607014371177,140.0,3
2022-07-22,12626.0,70.0,85.0,0.0,120.0,13664.0,0.0,60.0,0.0,90.0,72.0,13797.0,0.0,7,13645.714285714286,3402.0,13206.0,1,3.088521669873089,0.0,4
2022-07-23,13538.0,240.0,85.0,0.0,270.0,13797.0,280.0,160.0,90.0,260.0,400.0,13206.0,0.0,7,13728.57142857143,3636.0,13914.0,1,3.611130055145793,83.0,5
2022-07-24,13765.0,99.0,85.0,0.0,87.0,13206.0,126.0,68.0,34.0,120.0,217.0,13914.0,0.0,7,13782.285714285714,3088.0,12579.0,0,1.642275324624873,91.0,6
2022-07-25,14006.0,200.0,85.0,0.0,249.0,13914.0,225.0,182.0,61.0,257.0,403.0,12579.0,0.0,7,13612.857142857143,3107.0,13266.0,0,2.7886448446912047,0.0,0
2022-07-26,14124.0,185.0,85.0,0.0,142.0,12579.0,206.0,150.0,53.0,220.0,276.0,13266.0,0.0,7,13507.142857142857,4042.0,13421.0,0,2.9088356501388746,145.0,1
2022-07-27,13664.0,166.0,85.0,0.0,190.0,13266.0,220.0,140.0,0.0,210.0,145.0,13421.0,0.0,7,13406.714285714286,2817.0,13500.0,0,3.487609871453357,61.0,2
2022-07-28,13797.0,150.0,85.0,0.0,163.0,13421.0,176.0,80.0,44.0,180.0,143.0,13500.0,0.0,7,13383.285714285714,2751.0,13500.0,0,3.219856456343089,0.0,3
2022-07-29,13206.0,15.0,85.0,0.0,57.0,13500.0,18.0,18.0,0.0,20.0,0.0,13500.0,0.0,7,13340.857142857143,2600.0,13500.0,1,3.014617078165024,0.0,4
2022-07-30,13914.0,152.0,85.0,0.0,167.0,13500.0,145.0,77.0,0.0,137.0,267.0,13500.0,0.0,7,13382.857142857143,2580.0,13500.0,1,3.5363716928150435,36.0,5
2022-07-31,12579.0,210.0,85.0,0.0,249.0,13500.0,200.0,100.0,18.0,100.0,210.0,13500.0,0.0,7,13323.714285714286,2778.0,13800.0,0,3.356416975336309,0.0,6
2022-08-01,13266.0,0.0,160.0,0.0,0.0,13500.0,0.0,0.0,0.0,0.0,0.0,13800.0,157.0,8,13498.142857142857,3890.0,9513.0,0,-1.606120958345262,0.0,0
2022-08-02,13421.0,0.0,160.0,0.0,0.0,13800.0,0.0,0.0,0.0,0.0,0.0,9513.0,195.0,8,12962.0,4705.0,9671.0,0,-2.0477863883399405,0.0,1
2022-08-03,13500.0,0.0,159.0,0.0,0.0,9513.0,0.0,0.0,0.0,0.0,0.0,9671.0,184.0,8,12426.285714285714,2672.0,11802.0,0,-0.14102360227301508,0.0,2
2022-08-04,13500.0,0.0,0.0,0.0,0.0,9671.0,0.0,0.0,0.0,0.0,0.0,11802.0,163.0,8,12183.714285714286,3525.0,13442.0,0,2.2886005839709855,0.0,3
2022-08-05,13500.0,0.0,85.0,0.0,0.0,11802.0,0.0,0.0,0.0,0.0,0.0,13442.0,198.0,8,12175.42857142857,2081.0,12734.0,1,2.665900876828837,0.0,4
2022-08-06,13500.0,0.0,184.0,0.0,0.0,13442.0,0.0,0.0,0.0,0.0,0.0,12734.0,195.0,8,12066.0,2310.0,13985.0,1,3.0036191464179716,0.0,5
2022-08-07,13800.0,0.0,85.0,0.0,0.0,12734.0,0.0,0.0,0.0,0.0,0.0,13985.0,0.0,8,12135.285714285714,2422.0,12785.0,0,2.6881174474501615,0.0,6
2022-08-08,9513.0,100.0,15.0,0.0,141.0,13985.0,128.0,117.0,0.0,147.0,223.0,12785.0,0.0,8,11990.285714285714,2659.0,13900.0,0,3.075389962224575,0.0,0
2022-08-09,9671.0,135.0,0.0,0.0,265.0,12785.0,19.0,133.0,128.0,111.0,207.0,13900.0,0.0,8,12617.0,2742.0,14370.0,0,3.9195976800209067,0.0,1
2022-08-10,11802.0,41.0,0.0,0.0,355.0,13900.0,0.0,0.0,167.0,18.0,600.0,14370.0,0.0,8,13288.285714285714,4004.0,13872.0,0,3.4381612573919096,278.0,2
2022-08-11,13442.0,0.0,0.0,0.0,0.0,14370.0,0.0,0.0,0.0,0.0,0.0,13872.0,0.0,8,13584.0,4247.0,11169.0,0,-0.01808145048861429,0.0,3
2022-08-12,12734.0,0.0,199.0,0.0,0.0,13872.0,0.0,0.0,0.0,0.0,0.0,11169.0,184.0,8,13259.285714285714,2294.0,10035.0,1,-1.6351335881014104,0.0,4
2022-08-13,13985.0,0.0,0.0,0.0,255.0,11169.0,0.0,58.0,45.0,0.0,0.0,10035.0,0.0,8,12873.714285714286,2980.0,13200.0,1,2.214697992910304,0.0,5
2022-08-14,12785.0,0.0,0.0,0.0,187.0,10035.0,0.0,0.0,0.0,0.0,60.0,13200.0,0.0,8,12761.57142857143,3094.0,12750.0,0,1.8472439790523163,0.0,6
2022-08-15,13900.0,0.0,0.0,0.0,54.0,13200.0,0.0,0.0,0.0,0.0,0.0,12750.0,0.0,8,12756.57142857143,2388.0,13110.0,0,2.792663251251363,0.0,0
2022-08-16,14370.0,50.0,0.0,0.0,180.0,12750.0,170.0,50.0,0.0,79.0,0.0,13110.0,0.0,8,12643.714285714286,3071.0,14100.0,0,3.3721162486112584,0.0,1
2022-08-17,13872.0,105.0,0.0,0.0,170.0,13110.0,165.0,75.0,55.0,155.0,0.0,14100.0,0.0,8,12605.142857142857,3056.0,14200.0,0,3.814191956206114,0.0,2
2022-08-18,11169.0,60.0,0.0,0.0,89.0,14100.0,36.0,42.0,36.0,82.0,118.0,14200.0,0.0,8,12652.0,3072.0,13450.0,0,2.4539296470553102,0.0,3
2022-08-19,10035.0,0.0,0.0,0.0,106.0,14200.0,0.0,0.0,0.0,0.0,0.0,13450.0,0.0,8,12977.857142857143,2881.0,12759.0,1,1.8200867611259526,0.0,4
2022-08-20,13200.0,71.0,0.0,0.0,300.0,13450.0,0.0,0.0,0.0,0.0,60.0,12759.0,0.0,8,13367.0,3012.0,13950.0,1,3.321834281711043,0.0,5
2022-08-21,12750.0,70.0,0.0,0.0,220.0,12759.0,137.0,50.0,40.0,70.0,70.0,13950.0,0.0,8,13474.142857142857,3019.0,14100.0,0,3.574450690587919,0.0,6
2022-08-22,13110.0,180.0,0.0,0.0,250.0,13950.0,174.0,90.0,0.0,170.0,130.0,14100.0,0.0,8,13667.0,2924.0,14450.0,0,4.369662912282633,0.0,0
2022-08-23,14100.0,60.0,0.0,0.0,366.0,14100.0,0.0,0.0,0.0,0.0,85.0,14450.0,0.0,8,13858.42857142857,2480.0,14200.0,0,4.024404083985648,0.0,1
2022-08-24,14200.0,30.0,0.0,0.0,320.0,14450.0,0.0,0.0,79.0,0.0,150.0,14200.0,0.0,8,13872.714285714286,2826.0,14100.0,0,4.13926587035658,0.0,2
2022-08-25,13450.0,60.0,0.0,0.0,232.0,14200.0,0.0,35.0,73.0,0.0,131.0,14100.0,0.0,8,13858.42857142857,2410.0,14561.0,0,4.659140398428589,0.0,3
2022-08-26,12759.0,20.0,0.0,0.0,222.0,14100.0,0.0,21.0,0.0,0.0,46.0,14561.0,0.0,8,14017.142857142857,2344.0,14112.0,1,4.5020293405381775,0.0,4
2022-08-27,13950.0,0.0,0.0,0.0,272.0,14561.0,0.0,0.0,0.0,0.0,146.0,14112.0,0.0,8,14210.42857142857,2341.0,13915.0,1,3.8183699981235755,0.0,5
2022-08-28,14100.0,70.0,0.0,0.0,162.0,14112.0,109.0,18.0,0.0,108.0,98.0,13915.0,0.0,8,14205.42857142857,2575.0,14150.0,0,4.0373266085435775,0.0,6
2022-08-29,14450.0,130.0,0.0,0.0,175.0,13915.0,120.0,66.0,50.0,90.0,177.0,14150.0,0.0,8,14212.57142857143,3160.0,14300.0,0,4.125642063324942,0.0,0
2022-08-30,14200.0,180.0,0.0,0.0,225.0,14150.0,120.0,90.0,90.0,110.0,397.0,14300.0,0.0,8,14191.142857142857,2969.0,14700.0,0,4.679827376125903,43.0,1
2022-08-31,14100.0,186.0,0.0,0.0,206.0,14300.0,296.0,0.0,58.0,0.0,327.0,14700.0,0.0,8,14262.57142857143,2866.0,14745.0,0,4.701557968338806,0.0,2
2022-09-01,14561.0,0.0,160.0,0.0,0.0,14700.0,0.0,0.0,0.0,0.0,0.0,14745.0,148.0,9,14354.714285714286,3827.0,9537.0,0,-1.073638220852962,0.0,3
2022-09-02,14112.0,0.0,159.0,0.0,0.0,14745.0,0.0,0.0,0.0,0.0,0.0,9537.0,184.0,9,13637.0,4484.0,9748.0,1,-1.8209768940088553,0.0,4
2022-09-03,13915.0,0.0,159.0,0.0,0.0,9537.0,0.0,0.0,0.0,0.0,0.0,9748.0,184.0,9,13013.57142857143,2866.0,11895.0,1,-0.1260929786536533,0.0,5
2022-09-04,14150.0,0.0,0.0,0.0,0.0,9748.0,0.0,0.0,0.0,0.0,0.0,11895.0,161.0,9,12725.0,3445.0,13906.0,0,2.5271609430324906,0.0,6
2022-09-05,14300.0,0.0,85.0,0.0,0.0,11895.0,0.0,0.0,0.0,0.0,0.0,13906.0,200.0,9,12690.142857142857,2780.0,11820.0,0,1.205777950773994,0.0,0
2022-09-06,14700.0,0.0,184.0,0.0,0.0,13906.0,0.0,0.0,0.0,0.0,0.0,11820.0,198.0,9,12335.857142857143,2363.0,12051.0,0,1.0307517380028552,0.0,1
2022-09-07,14745.0,0.0,85.0,0.0,0.0,11820.0,0.0,0.0,0.0,0.0,0.0,12051.0,0.0,9,11957.42857142857,1879.0,11760.0,0,1.475910579871146,0.0,2
2022-09-08,9537.0,90.0,0.0,0.0,140.0,12051.0,70.0,55.0,0.0,75.0,109.0,11760.0,0.0,9,11531.0,3026.0,13400.0,0,2.069998334231238,0.0,3
2022-09-09,9748.0,0.0,0.0,0.0,211.0,11760.0,0.0,0.0,0.0,0.0,0.0,13400.0,0.0,9,12082.857142857143,2288.0,13141.0,1,1.8382722537147065,0.0,4
2022-09-10,11895.0,256.0,0.0,0.0,262.0,13400.0,0.0,0.0,111.0,0.0,356.0,13141.0,0.0,9,12567.57142857143,3704.0,13452.0,1,2.687681312581315,0.0,5
2022-09-11,13906.0,0.0,0.0,0.0,0.0,13141.0,0.0,0.0,0.0,0.0,0.0,13452.0,0.0,9,12790.0,4355.0,11069.0,0,-0.3120998699556481,0.0,6
2022-09-12,11820.0,0.0,199.0,0.0,0.0,13452.0,0.0,0.0,0.0,0.0,0.0,11069.0,184.0,9,12384.714285714286,2201.0,8874.0,0,-3.0201912840942953,0.0,0
2022-09-13,12051.0,0.0,0.0,0.0,0.0,11069.0,0.0,0.0,0.0,0.0,0.0,8874.0,0.0,9,11963.857142857143,2348.0,11790.0,0,-0.1611324590375125,0.0,1
2022-09-14,11760.0,0.0,0.0,0.0,35.0,8874.0,0.0,0.0,0.0,0.0,20.0,11790.0,0.0,9,11926.57142857143,2344.0,11975.0,0,0.1789289486274286,0.0,2
2022-09-15,13400.0,0.0,0.0,0.0,0.0,11790.0,0.0,0.0,0.0,0.0,0.0,11975.0,0.0,9,11957.285714285714,2904.0,12683.0,0,1.288998080607079,0.0,3
2022-09-16,13141.0,4.0,0.0,0.0,38.0,11975.0,0.0,10.0,0.0,0.0,0.0,12683.0,0.0,9,11854.857142857143,2964.0,12558.0,1,1.5333333949900065,0.0,4
2022-09-17,13452.0,27.0,0.0,0.0,152.0,12683.0,0.0,0.0,0.0,0.0,40.0,12558.0,0.0,9,11771.57142857143,2893.0,13669.0,1,2.8850139170602,0.0,5
2022-09-18,11069.0,25.0,0.0,0.0,176.0,12558.0,56.0,54.0,10.0,105.0,0.0,13669.0,0.0,9,11802.57142857143,3095.0,13960.0,0,3.158324909666864,0.0,6
2022-09-19,8874.0,51.0,0.0,0.0,213.0,13669.0,0.0,0.0,95.0,0.0,29.0,13960.0,0.0,9,12215.57142857143,2805.0,13964.0,0,3.2769990561072118,0.0,0
2022-09-20,11790.0,40.0,0.0,0.0,222.0,13960.0,0.0,0.0,83.0,0.0,75.0,13964.0,0.0,9,12942.714285714286,3198.0,14031.0,0,3.78201471744861,0.0,1
2022-09-21,11975.0,38.0,0.0,0.0,171.0,13964.0,0.0,50.0,20.0,0.0,100.0,14031.0,0.0,9,13262.857142857143,3572.0,13832.0,0,3.53144882010951,0.0,2
2022-09-22,12683.0,122.0,0.0,0.0,147.0,14031.0,199.0,124.0,112.0,143.0,163.0,13832.0,0.0,9,13528.142857142857,3639.0,14234.0,0,4.053483234035793,0.0,3
2022-09-23,12558.0,10.0,0.0,0.0,133.0,13832.0,0.0,0.0,0.0,0.0,0.0,14234.0,0.0,9,13749.714285714286,3302.0,13487.0,1,3.366526952532352,0.0,4
2022-09-24,13669.0,0.0,0.0,0.0,142.0,14234.0,177.0,108.0,0.0,134.0,142.0,13487.0,0.0,9,13882.42857142857,3376.0,13651.0,1,3.441982000270502,0.0,5
2022-09-25,13960.0,115.0,0.0,0.0,119.0,13487.0,168.0,78.0,0.0,92.0,108.0,13651.0,0.0,9,13879.857142857143,3328.0,13649.0,0,3.5429373387841028,0.0,6
2022-09-26,13964.0,170.0,0.0,0.0,93.0,13651.0,174.0,110.0,100.0,130.0,360.0,13649.0,0.0,9,13835.42857142857,3586.0,14200.0,0,4.0237010915511995,34.0,0
2022-09-27,14031.0,170.0,0.0,0.0,208.0,13649.0,247.0,148.0,107.0,158.0,209.0,14200.0,0.0,9,13869.142857142857,3524.0,14200.0,0,4.132229484352462,0.0,1
2022-09-28,13832.0,98.0,0.0,0.0,177.0,14200.0,230.0,169.0,118.0,144.0,345.0,14200.0,0.0,9,13893.285714285714,3463.0,14500.0,0,4.360434843285208,190.0,2
2022-09-29,14234.0,200.0,0.0,0.0,231.0,14200.0,192.0,154.0,159.0,164.0,192.0,14500.0,0.0,9,13988.714285714286,3110.0,14429.0,0,4.567163322699659,41.0,3
2022-09-30,13487.0,40.0,0.0,0.0,178.0,14500.0,223.0,87.0,79.0,140.0,93.0,14429.0,0.0,9,14016.57142857143,3364.0,13921.0,1,3.9673485770023182,0.0,4
2022-10-01,13651.0,0.0,159.0,0.0,0.0,14429.0,0.0,0.0,0.0,0.0,0.0,13921.0,144.0,10,14078.57142857143,3790.0,9612.0,1,-1.145698588658494,0.0,5
2022-10-02,13649.0,0.0,159.0,0.0,0.0,13921.0,0.0,0.0,0.0,0.0,0.0,9612.0,184.0,10,13501.57142857143,4301.0,9596.0,0,-2.2987880574171258,0.0,6
2022-10-03,14200.0,0.0,159.0,0.0,0.0,9612.0,0.0,0.0,0.0,0.0,0.0,9596.0,184.0,10,12922.57142857143,2997.0,11722.0,0,-0.25265704845181713,0.0,0
2022-10-04,14200.0,0.0,0.0,0.0,0.0,9596.0,0.0,0.0,0.0,0.0,0.0,11722.0,161.0,10,12568.57142857143,3353.0,12853.0,0,1.3393123310185535,0.0,1
2022-10-05,14500.0,0.0,85.0,0.0,0.0,11722.0,0.0,0.0,0.0,0.0,0.0,12853.0,200.0,10,12376.142857142857,2536.0,11472.0,0,0.8155237718023189,0.0,2
2022-10-06,14429.0,0.0,184.0,0.0,0.0,12853.0,0.0,0.0,0.0,0.0,0.0,11472.0,198.0,10,11943.57142857143,2055.0,12700.0,0,1.9022603525021968,0.0,3
2022-10-07,13921.0,0.0,85.0,0.0,0.0,11472.0,0.0,0.0,0.0,0.0,0.0,12700.0,0.0,10,11696.57142857143,2014.0,12102.0,1,1.8950258579743078,0.0,4
2022-10-08,9612.0,230.0,0.0,0.0,290.0,12700.0,160.0,66.0,22.0,202.0,231.0,12102.0,0.0,10,11436.714285714286,3013.0,13700.0,1,2.151720754934133,0.0,5
2022-10-09,9596.0,0.0,0.0,0.0,145.0,12102.0,0.0,0.0,0.0,0.0,76.0,13700.0,0.0,10,12020.714285714286,2460.0,13560.0,0,2.2611707473942357,0.0,6
2022-10-10,11722.0,232.0,0.0,0.0,209.0,13700.0,0.0,69.0,50.0,0.0,382.0,13560.0,0.0,10,12587.0,4098.0,13923.0,0,3.2067432690491517,0.0,0
2022-10-11,12853.0,0.0,0.0,0.0,0.0,13560.0,0.0,0.0,0.0,0.0,0.0,13923.0,0.0,10,12901.42857142857,4306.0,10950.0,0,-0.5387637678535134,0.0,1
2022-10-12,11472.0,0.0,199.0,0.0,0.0,13923.0,0.0,0.0,0.0,0.0,0.0,10950.0,184.0,10,12629.57142857143,2330.0,9822.0,0,-2.025620297390413,0.0,2
2022-10-13,12700.0,20.0,0.0,0.0,80.0,10950.0,0.0,0.0,0.0,0.0,0.0,9822.0,0.0,10,12393.857142857143,2903.0,12856.0,0,1.3359955328634745,0.0,3
2022-10-14,12102.0,30.0,0.0,0.0,169.0,9822.0,0.0,0.0,9.0,0.0,7.0,12856.0,0.0,10,12416.142857142857,2842.0,12596.0,1,1.1779602620174172,0.0,4
2022-10-15,13700.0,189.0,0.0,0.0,211.0,12856.0,0.0,51.0,102.0,0.0,374.0,12596.0,0.0,10,12486.714285714286,3129.0,13354.0,1,2.1759084941945757,0.0,5
2022-10-16,13560.0,170.0,0.0,0.0,160.0,12596.0,0.0,22.0,104.0,0.0,344.0,13354.0,0.0,10,12437.285714285714,3186.0,13177.0,0,2.340927894164704,0.0,6
2022-10-17,13923.0,188.0,0.0,0.0,161.0,13354.0,0.0,74.0,76.0,95.0,368.0,13177.0,0.0,10,12382.57142857143,3048.0,13593.0,0,2.7852131278063053,151.0,0
2022-10-18,10950.0,210.0,0.0,0.0,260.0,13177.0,0.0,114.0,125.0,162.0,208.0,13593.0,0.0,10,12335.42857142857,2885.0,13660.0,0,2.7159372978373413,216.0,1
2022-10-19,9822.0,189.0,0.0,0.0,131.0,13593.0,0.0,0.0,78.0,0.0,145.0,13660.0,0.0,10,12722.57142857143,2822.0,13019.0,0,2.060652373716476,107.0,2
2022-10-20,12856.0,192.0,0.0,0.0,170.0,13660.0,0.0,0.0,104.0,0.0,330.0,13019.0,0.0,10,13179.285714285714,2914.0,13150.0,0,2.355852179547783,0.0,3
2022-10-21,12596.0,80.0,0.0,0.0,116.0,13019.0,0.0,0.0,0.0,0.0,10.0,13150.0,0.0,10,13221.285714285714,2804.0,12500.0,1,1.6458230503116689,0.0,4
2022-10-22,13354.0,121.0,0.0,0.0,200.0,13150.0,0.0,0.0,103.0,0.0,160.0,12500.0,0.0,10,13207.57142857143,2917.0,12952.0,1,1.9338460039458891,0.0,5
2022-10-23,13177.0,129.0,0.0,0.0,222.0,12500.0,110.0,48.0,23.0,140.0,168.0,12952.0,0.0,10,13150.142857142857,3203.0,13060.0,0,1.8835439388026298,193.0,6
2022-10-24,13593.0,0.0,0.0,0.0,0.0,12952.0,0.0,0.0,0.0,0.0,0.0,13060.0,0.0,10,13133.42857142857,806.0,5652.0,0,-7.149680681993628,0.0,0
2022-10-25,13660.0,0.0,0.0,0.0,0.0,13060.0,0.0,0.0,0.0,0.0,0.0,5652.0,0.0,10,11999.0,3109.0,9032.0,0,-3.8130172767609807,0.0,1
2022-10-26,13019.0,0.0,0.0,0.0,0.0,5652.0,0.0,0.0,0.0,0.0,0.0,9032.0,0.0,10,11337.857142857143,3252.0,10800.0,0,-2.3863115335572136,0.0,2
2022-10-27,13150.0,0.0,0.0,0.0,0.0,9032.0,0.0,0.0,0.0,0.0,0.0,10800.0,0.0,10,11020.857142857143,4015.0,11028.0,0,-1.5369384038296332,0.0,3
2022-10-28,12500.0,0.0,0.0,0.0,0.0,10800.0,0.0,0.0,0.0,0.0,0.0,11028.0,0.0,10,10717.714285714286,3880.0,10071.0,1,-2.680328882118727,0.0,4
2022-10-29,12952.0,0.0,0.0,0.0,0.0,11028.0,0.0,0.0,0.0,0.0,0.0,10071.0,0.0,10,10370.714285714286,3738.0,11060.0,1,-1.3420852877582476,0.0,5
2022-10-30,13060.0,0.0,0.0,0.0,0.0,10071.0,0.0,0.0,0.0,0.0,65.0,11060.0,0.0,10,10100.42857142857,4021.0,11300.0,0,-0.8525222258037453,0.0,6
2022-10-31,5652.0,70.0,0.0,0.0,30.0,11060.0,0.0,0.0,10.0,0.0,169.0,11300.0,0.0,10,9849.0,3977.0,11815.0,0,-0.790756444180731,75.0,0
2022-11-01,9032.0,0.0,160.0,0.0,0.0,11300.0,0.0,0.0,0.0,0.0,169.0,11815.0,145.0,11,10729.42857142857,3853.0,9726.0,0,-2.5610917733713836,0.0,1
2022-11-02,10800.0,0.0,159.0,0.0,0.0,11815.0,0.0,0.0,0.0,0.0,0.0,9726.0,184.0,11,10828.57142857143,3916.0,8555.0,0,-3.8589113563500463,0.0,2
2022-11-03,11028.0,0.0,160.0,0.0,0.0,9726.0,0.0,0.0,0.0,0.0,0.0,8555.0,202.0,11,10507.857142857143,2691.0,10372.0,0,-2.0521332061420803,0.0,3
2022-11-04,10071.0,0.0,0.0,0.0,0.0,8555.0,0.0,0.0,0.0,0.0,0.0,10372.0,162.0,11,10414.142857142857,2110.0,13832.0,1,1.7591416635548804,0.0,4
2022-11-05,11060.0,0.0,85.0,0.0,0.0,10372.0,0.0,0.0,0.0,0.0,0.0,13832.0,200.0,11,10951.42857142857,2450.0,11566.0,1,0.2062625858067702,0.0,5
2022-11-06,11300.0,0.0,184.0,0.0,0.0,13832.0,0.0,0.0,0.0,0.0,0.0,11566.0,198.0,11,11023.714285714286,2244.0,13803.0,0,2.5756549064685013,0.0,6
2022-11-07,11815.0,0.0,85.0,0.0,0.0,11566.0,0.0,0.0,0.0,0.0,0.0,13803.0,0.0,11,11381.285714285714,2032.0,11800.0,0,1.397019280516127,0.0,0
2022-11-08,9726.0,175.0,0.0,0.0,190.0,13803.0,175.0,0.0,40.0,150.0,190.0,11800.0,0.0,11,11379.142857142857,3177.0,13450.0,0,2.40123487972637,0.0,1
2022-11-09,8555.0,0.0,0.0,0.0,255.0,11800.0,0.0,0.0,0.0,0.0,0.0,13450.0,0.0,11,11911.142857142857,2723.0,13264.0,0,2.018216163844917,0.0,2
2022-11-10,10372.0,231.0,0.0,0.0,122.0,13450.0,0.0,0.0,0.0,0.0,214.0,13264.0,0.0,11,12583.857142857143,3263.0,13003.0,0,1.663939738578732,0.0,3
2022-11-12,13832.0,0.0,199.0,0.0,0.0,13264.0,0.0,0.0,0.0,0.0,0.0,13003.0,184.0,11,12959.714285714286,3249.0,9653.0,1,-1.6817608924512262,0.0,5
2022-11-13,11566.0,0.0,0.0,0.0,0.0,13003.0,0.0,0.0,0.0,0.0,0.0,9653.0,0.0,11,12362.714285714286,3652.0,10373.0,0,-1.5821376563913394,0.0,6
2022-11-14,13803.0,0.0,85.0,0.0,0.0,9653.0,0.0,0.0,0.0,0.0,0.0,10373.0,0.0,11,12192.285714285714,3437.0,10531.0,0,-1.591998114765548,0.0,0
2022-11-15,11800.0,0.0,85.0,0.0,0.0,10373.0,0.0,0.0,0.0,0.0,0.0,10531.0,0.0,11,11724.857142857143,3615.0,10610.0,0,-1.6013843620631099,0.0,1
2022-11-16,13450.0,0.0,85.0,0.0,0.0,10531.0,0.0,0.0,0.0,0.0,0.0,10610.0,0.0,11,11554.857142857143,3402.0,10559.0,0,-1.645263378880546,0.0,2
2022-11-17,13264.0,0.0,85.0,0.0,0.0,10610.0,0.0,0.0,0.0,0.0,0.0,10559.0,0.0,11,11141.857142857143,3265.0,10671.0,0,-1.6860104652771175,0.0,3
2022-11-18,13003.0,0.0,85.0,0.0,0.0,10559.0,0.0,0.0,0.0,0.0,0.0,10671.0,0.0,11,10771.42857142857,3021.0,9115.0,1,-3.4766818315546173,0.0,4
2022-11-19,9653.0,0.0,85.0,0.0,0.0,10671.0,0.0,0.0,0.0,0.0,0.0,9115.0,184.0,11,10216.0,3142.0,10131.0,1,-2.7452879040852887,0.0,5
2022-11-20,10373.0,0.0,85.0,0.0,0.0,9115.0,0.0,0.0,0.0,0.0,0.0,10131.0,184.0,11,10284.285714285714,3337.0,10549.0,0,-2.2832743723052764,0.0,6
2022-11-21,10531.0,0.0,85.0,0.0,0.0,10131.0,0.0,0.0,0.0,0.0,0.0,10549.0,184.0,11,10309.42857142857,3412.0,10526.0,0,-1.9642190945712106,0.0,0
2022-11-22,10610.0,0.0,85.0,0.0,0.0,10549.0,0.0,0.0,0.0,0.0,0.0,10526.0,184.0,11,10308.714285714286,3277.0,10512.0,0,-2.115630669954941,0.0,1
2022-11-23,10559.0,0.0,85.0,0.0,70.0,10526.0,0.0,0.0,0.0,0.0,12.0,10512.0,184.0,11,10294.714285714286,3223.0,10245.0,0,-2.3291482850085803,0.0,2
2022-11-24,10671.0,0.0,199.0,0.0,0.0,10512.0,0.0,0.0,0.0,0.0,0.0,10245.0,154.0,11,10249.857142857143,3253.0,10107.0,0,-2.806688521841541,0.0,3
2022-11-25,9115.0,0.0,200.0,0.0,0.0,10245.0,0.0,0.0,0.0,0.0,0.0,10107.0,154.0,11,10169.285714285714,3396.0,9187.0,1,-3.6297786795563125,0.0,4
2022-11-26,10131.0,0.0,199.0,0.0,0.0,10107.0,0.0,0.0,0.0,0.0,0.0,9187.0,154.0,11,10179.57142857143,3176.0,10259.0,1,-2.6615368317814507,0.0,5
2022-11-27,10549.0,0.0,198.0,0.0,0.0,9187.0,0.0,0.0,0.0,0.0,0.0,10259.0,184.0,11,10197.857142857143,3201.0,10076.0,0,-2.9663853621190057,0.0,6
2022-11-28,10526.0,0.0,199.0,0.0,44.0,10259.0,0.0,18.0,26.0,0.0,109.0,10076.0,184.0,11,10130.285714285714,3331.0,10284.0,0,-2.704035785478705,0.0,0
2022-11-29,10512.0,0.0,199.0,0.0,0.0,10076.0,0.0,0.0,0.0,0.0,0.0,10284.0,184.0,11,10095.714285714286,3351.0,10254.0,0,-2.6581123369404205,0.0,1
2022-11-30,10245.0,25.0,199.0,0.0,0.0,10284.0,0.0,0.0,0.0,0.0,62.0,10254.0,184.0,11,10058.857142857143,3256.0,10390.0,0,-2.4508444345526454,0.0,2
2022-12-01,10107.0,0.0,160.0,0.0,0.0,10254.0,0.0,0.0,0.0,0.0,0.0,10390.0,151.0,12,10079.57142857143,3907.0,9583.0,0,-3.1084793413659115,0.0,3
2022-12-02,9187.0,0.0,159.0,0.0,0.0,10390.0,0.0,0.0,0.0,0.0,0.0,9583.0,184.0,12,10004.714285714286,4438.0,9667.0,1,-2.9791559391734728,0.0,4
2022-12-03,10259.0,0.0,160.0,0.0,0.0,9583.0,0.0,0.0,0.0,0.0,0.0,9667.0,184.0,12,10073.285714285714,2894.0,11669.0,1,-0.8547898440120225,0.0,5
2022-12-04,10076.0,0.0,0.0,0.0,0.0,9667.0,0.0,0.0,0.0,0.0,0.0,11669.0,161.0,12,10274.714285714286,1465.0,14423.0,0,2.7675878574022295,0.0,6
2022-12-05,10284.0,0.0,85.0,0.0,0.0,11669.0,0.0,0.0,0.0,0.0,0.0,14423.0,200.0,12,10895.714285714286,2693.0,12736.0,0,1.579444931498063,0.0,0
2022-12-06,10254.0,0.0,184.0,0.0,0.0,14423.0,0.0,0.0,0.0,0.0,0.0,12736.0,198.0,12,11246.0,2084.0,13492.0,0,2.20864496210113,0.0,1
2022-12-07,10390.0,0.0,85.0,0.0,0.0,12736.0,0.0,0.0,0.0,0.0,0.0,13492.0,0.0,12,11708.57142857143,1477.0,12181.0,0,2.0976111783764817,0.0,2
2022-12-08,9583.0,100.0,0.0,0.0,210.0,13492.0,0.0,100.0,0.0,31.0,30.0,12181.0,0.0,12,11964.42857142857,3109.0,13250.0,0,2.4360009371776994,0.0,3
2022-12-09,9667.0,15.0,0.0,0.0,17.0,12181.0,0.0,0.0,18.0,0.0,30.0,13250.0,0.0,12,12488.285714285714,2559.0,12252.0,1,1.051241500909721,0.0,4
2022-12-10,11669.0,70.0,0.0,0.0,185.0,13250.0,0.0,0.0,0.0,0.0,144.0,12252.0,0.0,12,12857.57142857143,2920.0,12714.0,1,1.531678263088308,0.0,5
2022-12-11,14423.0,0.0,0.0,0.0,0.0,12252.0,0.0,0.0,0.0,0.0,0.0,12714.0,0.0,12,13006.857142857143,4011.0,10514.0,0,-1.161426575141787,0.0,6
2022-12-12,12736.0,0.0,199.0,0.0,0.0,12714.0,0.0,0.0,0.0,0.0,0.0,10514.0,184.0,12,12448.42857142857,3036.0,9747.0,0,-2.0187551556288996,0.0,0
2022-12-13,13492.0,0.0,199.0,0.0,0.0,10514.0,0.0,0.0,0.0,0.0,0.0,9747.0,184.0,12,12021.42857142857,2790.0,9740.0,0,-2.5758553283051757,0.0,1
2022-12-14,12181.0,0.0,199.0,0.0,0.0,9747.0,0.0,0.0,0.0,0.0,0.0,9740.0,184.0,12,11485.42857142857,3041.0,9994.0,0,-2.7195207252216833,0.0,2
2022-12-15,13250.0,0.0,199.0,0.0,0.0,9740.0,0.0,0.0,0.0,0.0,0.0,9994.0,184.0,12,11173.0,3038.0,9741.0,0,-2.7166065981188154,0.0,3
2022-12-16,12252.0,0.0,199.0,0.0,0.0,9994.0,0.0,0.0,0.0,0.0,0.0,9741.0,184.0,12,10671.714285714286,3002.0,8108.0,1,-4.594538309472529,0.0,4
2022-12-17,12714.0,0.0,199.0,0.0,0.0,9741.0,0.0,0.0,0.0,0.0,0.0,8108.0,184.0,12,10079.714285714286,3014.0,9329.0,1,-3.584461691322675,0.0,5
2022-12-18,10514.0,0.0,199.0,0.0,0.0,8108.0,0.0,0.0,0.0,0.0,0.0,9329.0,184.0,12,9596.142857142857,3048.0,9577.0,0,-3.6951126975091046,0.0,6
2022-12-19,9747.0,0.0,200.0,0.0,0.0,9329.0,0.0,0.0,0.0,0.0,0.0,9577.0,184.0,12,9462.285714285714,2860.0,9589.0,0,-3.5295306825325428,0.0,0
2022-12-20,9740.0,0.0,359.0,0.0,0.0,9577.0,0.0,0.0,0.0,0.0,0.0,9589.0,184.0,12,9439.714285714286,2867.0,9633.0,0,-3.387728786534131,0.0,1
2022-12-21,9994.0,0.0,199.0,0.0,0.0,9589.0,0.0,0.0,0.0,0.0,0.0,9633.0,184.0,12,9424.42857142857,2940.0,9768.0,0,-3.072902525723485,0.0,2
2022-12-22,9741.0,0.0,199.0,0.0,0.0,9633.0,0.0,0.0,0.0,0.0,0.0,9768.0,184.0,12,9392.142857142857,3049.0,9764.0,0,-3.2322240810647416,0.0,3
2022-12-23,8108.0,0.0,199.0,0.0,0.0,9768.0,0.0,0.0,0.0,0.0,0.0,9764.0,200.0,12,9395.42857142857,3048.0,8619.0,1,-4.48252806264819,0.0,4
2022-12-24,9329.0,0.0,199.0,0.0,0.0,9764.0,0.0,0.0,0.0,0.0,0.0,8619.0,200.0,12,9468.42857142857,3090.0,9382.0,1,-3.72371139984833,0.0,5
2022-12-25,9577.0,0.0,200.0,0.0,0.0,8619.0,0.0,0.0,0.0,0.0,0.0,9382.0,200.0,12,9476.0,3245.0,9459.0,0,-3.7164414178841203,0.0,6
2022-12-26,9589.0,0.0,200.0,0.0,0.0,9382.0,0.0,0.0,0.0,0.0,0.0,9459.0,200.0,12,9459.142857142857,2896.0,9664.0,0,-3.395560177497305,0.0,0
2022-12-27,9633.0,0.0,200.0,0.0,0.0,9459.0,0.0,0.0,0.0,0.0,0.0,9664.0,184.0,12,9469.857142857143,2609.0,9835.0,0,-3.1234571748332813,0.0,1
2022-12-28,9768.0,0.0,199.0,0.0,0.0,9664.0,0.0,0.0,0.0,0.0,0.0,9835.0,184.0,12,9498.714285714286,2416.0,9684.0,0,-3.0903521718702667,0.0,2
2022-12-29,9764.0,0.0,199.0,0.0,0.0,9835.0,0.0,0.0,0.0,0.0,0.0,9684.0,184.0,12,9486.714285714286,2343.0,9633.0,0,-3.410349776439349,0.0,3
2022-12-30,8619.0,0.0,199.0,0.0,0.0,9684.0,0.0,0.0,0.0,0.0,0.0,9633.0,200.0,12,9468.0,2265.0,8671.0,1,-4.314967287527773,0.0,4
2022-12-31,9382.0,0.0,199.0,0.0,0.0,9633.0,0.0,0.0,0.0,0.0,0.0,8671.0,184.0,12,9475.42857142857,2455.0,9581.0,1,-3.5511448821423253,0.0,5
2023-01-01,9459.0,0.0,189.0,0.0,0.0,8671.0,0.0,0.0,0.0,0.0,0.0,9581.0,0.0,1,9503.857142857143,5053.0,9944.0,0,-3.3392794548958222,0.0,6
2023-01-02,9664.0,0.0,30.0,0.0,150.0,9581.0,0.0,0.0,14.0,0.0,56.0,9944.0,200.0,1,9573.142857142857,3673.0,10581.0,0,-2.226258892085398,0.0,0
2023-01-03,9835.0,0.0,109.0,0.0,65.0,9944.0,0.0,0.0,0.0,0.0,0.0,10581.0,200.0,1,9704.142857142857,2191.0,11892.0,0,-0.5310524356969196,0.0,1
2023-01-05,9684.0,0.0,10.0,0.0,0.0,10581.0,0.0,0.0,0.0,0.0,0.0,11892.0,205.0,1,9998.0,1082.0,11274.0,0,-0.26432770990971555,0.0,3
2023-01-06,9633.0,250.0,12.0,55.0,170.0,11892.0,260.0,120.0,30.0,150.0,270.0,11274.0,205.0,1,10225.142857142857,1221.0,15700.0,1,4.235129831848672,0.0,4
2023-01-07,8671.0,0.0,85.0,0.0,0.0,11274.0,0.0,0.0,0.0,0.0,0.0,15700.0,165.0,1,11091.857142857143,2360.0,11031.0,1,0.8736406512875461,0.0,5
2023-01-08,9581.0,36.0,119.0,0.0,0.0,15700.0,0.0,25.0,25.0,0.0,10.0,11031.0,100.0,1,11429.0,2263.0,13970.0,0,2.5233062190448248,0.0,6
2023-01-09,9944.0,18.0,85.0,0.0,70.0,11031.0,0.0,20.0,27.0,0.0,0.0,13970.0,0.0,1,12056.0,1932.0,14380.0,0,3.918955906873968,0.0,0
2023-01-10,10581.0,0.0,85.0,0.0,80.0,13970.0,0.0,0.0,113.0,0.0,0.0,14380.0,0.0,1,12689.714285714286,1324.0,14200.0,0,3.874079413604745,0.0,1
2023-01-11,11892.0,16.0,85.0,0.0,10.0,14380.0,0.0,0.0,18.0,0.0,0.0,14200.0,0.0,1,13206.714285714286,3379.0,12570.0,0,2.017237419381477,0.0,2
2023-01-12,11274.0,0.0,189.0,0.0,0.0,14200.0,0.0,0.0,0.0,0.0,0.0,12570.0,0.0,1,13303.57142857143,2514.0,9203.0,0,-2.2967632450149402,0.0,3
2023-01-13,15700.0,0.0,39.0,0.0,0.0,12570.0,0.0,0.0,0.0,0.0,0.0,9203.0,200.0,1,13007.714285714286,3521.0,8929.0,1,-2.7902849346188097,0.0,4
2023-01-14,11031.0,38.0,28.0,0.0,39.0,9203.0,43.0,24.0,0.0,37.0,53.0,8929.0,200.0,1,12040.42857142857,4085.0,9700.0,1,-2.9764985043756735,0.0,5
2023-01-15,13970.0,0.0,28.0,0.0,87.0,8929.0,136.0,113.0,53.0,107.0,0.0,9700.0,200.0,1,11850.285714285714,3871.0,9660.0,0,-2.4929773453007638,0.0,6
2023-01-16,14380.0,0.0,26.0,0.0,62.0,9700.0,237.0,133.0,58.0,138.0,314.0,9660.0,200.0,1,11234.57142857143,3847.0,9970.0,0,-2.4361777501235182,10.0,0
2023-01-17,14200.0,0.0,26.0,0.0,107.0,9660.0,171.0,115.0,0.0,78.0,102.0,9970.0,200.0,1,10604.57142857143,3913.0,10094.0,0,-2.21174077919523,0.0,1
2023-01-18,12570.0,0.0,27.0,0.0,90.0,9970.0,132.0,107.0,40.0,134.0,81.0,10094.0,200.0,1,10018.0,3600.0,10094.0,0,-2.374452809118826,0.0,2
2023-01-19,9203.0,0.0,27.0,0.0,150.0,10094.0,40.0,0.0,0.0,180.0,41.0,10094.0,200.0,1,9664.285714285714,3639.0,10000.0,0,-2.802777657127674,0.0,3
2023-01-20,8929.0,0.0,28.0,0.0,49.0,10094.0,0.0,0.0,0.0,0.0,0.0,10000.0,200.0,1,9778.142857142857,3468.0,9239.0,1,-3.474798705071347,0.0,4
2023-01-21,9700.0,0.0,24.0,0.0,30.0,10000.0,0.0,0.0,0.0,0.0,0.0,9239.0,200.0,1,9822.42857142857,3532.0,9801.0,1,-2.8290265038292026,0.0,5
2023-01-22,9660.0,0.0,25.0,0.0,150.0,9239.0,0.0,50.0,0.0,101.0,0.0,9801.0,200.0,1,9836.857142857143,3502.0,10000.0,0,-2.7612912131358582,0.0,6
2023-01-24,9970.0,0.0,26.0,0.0,150.0,9801.0,0.0,0.0,0.0,0.0,30.0,10000.0,200.0,1,9885.42857142857,3500.0,10293.0,0,-2.333662303275403,0.0,1
2023-01-25,10094.0,0.0,32.0,0.0,109.0,10000.0,0.0,0.0,51.0,0.0,105.0,10293.0,200.0,1,9931.57142857143,3701.0,10336.0,0,-2.367556150483337,0.0,2
2023-01-26,10094.0,0.0,29.0,0.0,141.0,10293.0,0.0,0.0,0.0,0.0,22.0,10336.0,200.0,1,9966.142857142857,3728.0,10485.0,0,-2.223469129246607,0.0,3
2023-01-27,10000.0,0.0,28.0,0.0,45.0,10336.0,0.0,0.0,0.0,0.0,0.0,10485.0,200.0,1,10022.0,3489.0,9405.0,1,-3.1471958429097437,0.0,4
2023-01-28,9239.0,0.0,29.0,0.0,90.0,10485.0,0.0,0.0,0.0,0.0,0.0,9405.0,200.0,1,9937.0,3421.0,10209.0,1,-2.534985579916586,0.0,5
2023-01-29,9801.0,0.0,28.0,0.0,143.0,9405.0,0.0,0.0,0.0,0.0,0.0,10209.0,200.0,1,10075.57142857143,3530.0,10455.0,0,-2.2386305962478916,0.0,6
2023-01-30,10000.0,0.0,30.0,0.0,153.0,10209.0,0.0,0.0,0.0,0.0,0.0,10455.0,200.0,1,10169.0,3488.0,10496.0,0,-2.1133626304926514,0.0,0
2023-01-31,10293.0,0.0,29.0,0.0,120.0,10455.0,0.0,0.0,0.0,0.0,30.0,10496.0,200.0,1,10239.857142857143,3703.0,10350.0,0,-2.360499285647408,0.0,1
2023-02-01,10336.0,0.0,189.0,0.0,0.0,10496.0,0.0,0.0,0.0,0.0,0.0,10350.0,0.0,2,10248.0,4940.0,10056.0,0,-2.4992669663623626,0.0,2
2023-02-02,10485.0,0.0,28.0,0.0,188.0,10350.0,0.0,0.0,0.0,0.0,0.0,10056.0,200.0,2,10208.0,3634.0,10569.0,0,-2.0055543764538184,0.0,3
2023-02-03,9405.0,0.0,109.0,0.0,43.0,10056.0,0.0,0.0,0.0,0.0,0.0,10569.0,200.0,2,10220.0,2400.0,11865.0,1,-0.5135587886968851,0.0,4
2023-02-04,10209.0,0.0,189.0,0.0,0.0,10569.0,0.0,0.0,0.0,0.0,0.0,11865.0,205.0,2,10571.42857142857,2175.0,11412.0,1,-0.9019595195649712,0.0,5
2023-02-05,10455.0,30.0,10.0,0.0,120.0,11865.0,0.0,0.0,22.0,0.0,25.0,11412.0,205.0,2,10743.285714285714,1443.0,13542.0,0,2.459987417708256,0.0,6
2023-02-06,10496.0,110.0,10.0,0.0,50.0,11412.0,130.0,50.0,0.0,35.0,0.0,13542.0,205.0,2,11184.285714285714,1121.0,14770.0,0,3.9882414921098115,0.0,0
2023-02-07,10350.0,0.0,85.0,0.0,0.0,13542.0,0.0,0.0,0.0,0.0,0.0,14770.0,170.0,2,11794.857142857143,2720.0,11720.0,0,1.7631638941918546,0.0,1
2023-02-08,10056.0,30.0,149.0,0.0,105.0,14770.0,0.0,0.0,62.0,20.0,0.0,11720.0,100.0,2,11990.57142857143,2379.0,14600.0,0,3.9089148826446243,0.0,2
2023-02-09,10569.0,45.0,85.0,0.0,125.0,11720.0,0.0,103.0,45.0,0.0,10.0,14600.0,0.0,2,12639.714285714286,2024.0,15100.0,0,4.344064225567361,0.0,3
2023-02-10,11865.0,20.0,85.0,0.0,45.0,14600.0,0.0,0.0,105.0,0.0,0.0,15100.0,0.0,2,13287.0,1223.0,14200.0,1,3.9977589699777045,0.0,4
2023-02-11,11412.0,30.0,85.0,0.0,0.0,15100.0,0.0,0.0,10.0,0.0,0.0,14200.0,0.0,2,13620.57142857143,3255.0,12650.0,1,2.3613445889077447,0.0,5
2023-02-12,13542.0,0.0,189.0,0.0,0.0,14200.0,0.0,0.0,0.0,0.0,0.0,12650.0,0.0,2,13797.42857142857,2740.0,10636.0,0,-0.6390616434530214,0.0,6
2023-02-13,14770.0,0.0,108.0,0.0,35.0,12650.0,0.0,10.0,0.0,0.0,0.0,10636.0,170.0,2,13382.285714285714,3912.0,10432.0,0,-0.9833916198003885,0.0,0
2023-02-14,11720.0,0.0,109.0,0.0,69.0,10636.0,0.0,0.0,0.0,0.0,0.0,10432.0,230.0,2,12762.57142857143,3861.0,10574.0,0,-1.2926533059498,0.0,1
2023-02-15,14600.0,0.0,109.0,0.0,210.0,10432.0,0.0,130.0,0.0,130.0,0.0,10574.0,170.0,2,12598.857142857143,4123.0,10838.0,0,-1.0532766003764378,0.0,2
2023-02-16,15100.0,0.0,109.0,0.0,40.0,10574.0,0.0,0.0,0.0,0.0,0.0,10838.0,170.0,2,12061.42857142857,3678.0,10538.0,0,-1.1930592907086235,0.0,3
2023-02-17,14200.0,0.0,159.0,0.0,22.0,10838.0,0.0,0.0,0.0,0.0,0.0,10538.0,200.0,2,11409.714285714286,3628.0,9670.0,1,-2.0972180395640523,0.0,4
2023-02-18,12650.0,0.0,159.0,0.0,0.0,10538.0,0.0,0.0,0.0,0.0,0.0,9670.0,200.0,2,10762.57142857143,3518.0,10586.0,1,-1.7231700342512277,0.0,5
2023-02-19,10636.0,0.0,109.0,0.0,75.0,9670.0,0.0,0.0,0.0,0.0,0.0,10586.0,170.0,2,10467.714285714286,3457.0,10898.0,0,-1.4994811281983793,0.0,6
2023-02-20,10432.0,0.0,109.0,0.0,56.0,10586.0,0.0,0.0,0.0,0.0,0.0,10898.0,170.0,2,10505.142857142857,3801.0,10862.0,0,-1.6271353687353736,0.0,0
2023-02-21,10574.0,0.0,109.0,0.0,0.0,10898.0,0.0,0.0,0.0,0.0,0.0,10862.0,170.0,2,10566.57142857143,4068.0,10067.0,0,-1.9285300882559855,0.0,1
2023-02-22,10838.0,0.0,159.0,0.0,10.0,10862.0,0.0,36.0,0.0,55.0,0.0,10067.0,200.0,2,10494.142857142857,3076.0,11200.0,0,-1.1770620906006348,0.0,2
2023-02-23,10538.0,0.0,109.0,0.0,0.0,10067.0,0.0,0.0,0.0,0.0,0.0,11200.0,170.0,2,10545.857142857143,2400.0,11395.0,0,-0.9208981010514484,0.0,3
2023-02-24,9670.0,0.0,159.0,0.0,0.0,11200.0,0.0,0.0,0.0,0.0,0.0,11395.0,200.0,2,10668.285714285714,2694.0,10679.0,1,-1.4867494801813605,0.0,4
2023-02-25,10586.0,0.0,159.0,0.0,75.0,11395.0,0.0,0.0,0.0,0.0,0.0,10679.0,200.0,2,10812.42857142857,2888.0,11551.0,1,-0.5868996521792051,0.0,5
2023-02-26,10898.0,0.0,109.0,0.0,0.0,10679.0,0.0,0.0,0.0,0.0,0.0,11551.0,200.0,2,10950.285714285714,2664.0,11233.0,0,-1.0376671508385984,0.0,6
2023-02-27,10862.0,0.0,109.0,0.0,80.0,11551.0,0.0,0.0,0.0,0.0,0.0,11233.0,200.0,2,10998.142857142857,2400.0,11795.0,0,-0.3329702150529771,0.0,0
2023-02-28,10067.0,0.0,109.0,0.0,20.0,11233.0,0.0,0.0,0.0,0.0,0.0,11795.0,200.0,2,11131.42857142857,2268.0,11562.0,0,-0.47325134049657597,0.0,1
2023-03-01,11200.0,0.0,199.0,0.0,0.0,11795.0,0.0,0.0,0.0,0.0,0.0,11562.0,200.0,3,11345.0,2538.0,9706.0,0,-2.3755364698542074,0.0,2
2023-03-02,11395.0,0.0,27.0,0.0,62.0,11562.0,0.0,0.0,0.0,0.0,0.0,9706.0,200.0,3,11131.57142857143,3599.0,9390.0,0,-2.6765600412623063,0.0,3
2023-03-03,10679.0,0.0,159.0,0.0,0.0,9706.0,0.0,0.0,0.0,0.0,0.0,9390.0,200.0,3,10845.142857142857,2659.0,10693.0,1,-1.2877798558568525,0.0,4
2023-03-04,11551.0,0.0,189.0,0.0,0.0,9390.0,0.0,0.0,0.0,0.0,0.0,10693.0,205.0,3,10847.142857142857,2841.0,12363.0,1,0.07843082688431423,0.0,5
2023-03-05,11233.0,0.0,10.0,0.0,45.0,10693.0,0.0,0.0,0.0,0.0,0.0,12363.0,205.0,3,10963.142857142857,1544.0,12413.0,0,0.8024824207293919,0.0,6
2023-03-06,11795.0,260.0,13.0,80.0,110.0,12363.0,291.0,140.0,90.0,200.0,340.0,12413.0,205.0,3,11131.714285714286,1295.0,15500.0,0,4.4006178140158125,270.0,0
2023-03-07,11562.0,0.0,85.0,0.0,0.0,12413.0,0.0,0.0,0.0,0.0,0.0,15500.0,170.0,3,11661.0,925.0,12454.0,0,2.596514682413327,0.0,1
2023-03-08,9706.0,20.0,159.0,0.0,84.0,15500.0,0.0,0.0,47.0,48.0,10.0,12454.0,126.0,3,11788.42857142857,2710.0,14842.0,0,4.295376405357966,0.0,2
2023-03-09,9390.0,70.0,85.0,0.0,100.0,12454.0,0.0,130.0,95.0,100.0,80.0,14842.0,0.0,3,12522.142857142857,2074.0,15100.0,0,4.81043457404934,0.0,3
2023-03-10,10693.0,25.0,85.0,0.0,20.0,14842.0,0.0,0.0,18.0,0.0,0.0,15100.0,0.0,3,13337.857142857143,1933.0,13360.0,1,2.914879519988629,0.0,4
2023-03-11,12363.0,20.0,85.0,0.0,0.0,15100.0,0.0,0.0,5.0,0.0,0.0,13360.0,0.0,3,13718.857142857143,3148.0,11040.0,1,0.3346039593527779,0.0,5
2023-03-12,12413.0,0.0,189.0,0.0,0.0,13360.0,0.0,0.0,0.0,0.0,0.0,11040.0,0.0,3,13529.857142857143,2869.0,10876.0,0,-0.8560506645386454,0.0,6
2023-03-13,15500.0,0.0,149.0,0.0,105.0,11040.0,0.0,0.0,0.0,0.0,10.0,10876.0,205.0,3,13310.285714285714,2142.0,13046.0,0,2.0169356374913217,0.0,0
2023-03-14,12454.0,0.0,159.0,0.0,0.0,10876.0,0.0,0.0,0.0,0.0,0.0,13046.0,205.0,3,12959.714285714286,2263.0,12920.0,0,1.573150310646216,0.0,1
2023-03-16,14842.0,0.0,159.0,0.0,32.0,13046.0,0.0,0.0,0.0,0.0,0.0,12920.0,205.0,3,13026.285714285714,2263.0,12926.0,0,2.0780098589964084,0.0,3
2023-03-17,15100.0,0.0,159.0,0.0,0.0,12920.0,0.0,0.0,0.0,0.0,0.0,12926.0,205.0,3,12752.57142857143,2507.0,10220.0,1,-1.1478009248062175,0.0,4
2023-03-18,13360.0,0.0,159.0,0.0,43.0,12926.0,0.0,0.0,0.0,0.0,11.0,10220.0,205.0,3,12055.42857142857,1894.0,12404.0,1,0.9251285965023903,0.0,5
2023-03-19,11040.0,0.0,189.0,0.0,0.0,10220.0,0.0,0.0,0.0,0.0,0.0,12404.0,230.0,3,11918.857142857143,2033.0,9675.0,0,-2.661764771584856,0.0,6
2023-03-20,10876.0,0.0,189.0,0.0,0.0,12404.0,0.0,0.0,0.0,0.0,0.0,9675.0,230.0,3,11723.857142857143,2000.0,10324.0,0,-2.282031637916939,0.0,0
2023-03-21,13046.0,0.0,189.0,0.0,0.0,9675.0,0.0,0.0,0.0,0.0,0.0,10324.0,230.0,3,11645.0,2061.0,10376.0,0,-2.2366097979168678,0.0,1
2023-03-22,12920.0,0.0,189.0,0.0,0.0,10324.0,0.0,0.0,0.0,0.0,0.0,10376.0,205.0,3,11263.57142857143,2005.0,11259.0,0,-1.1423948535987951,0.0,2
2023-03-23,12926.0,0.0,199.0,0.0,0.0,10376.0,0.0,0.0,0.0,0.0,0.0,11259.0,205.0,3,11026.285714285714,2015.0,11742.0,0,-0.3414343260679859,0.0,3
2023-03-24,10220.0,0.0,190.0,0.0,0.0,11259.0,0.0,0.0,0.0,0.0,0.0,11742.0,205.0,3,10857.142857142857,1906.0,10892.0,1,-1.0262661187021878,0.0,4
2023-03-25,12404.0,0.0,189.0,0.0,0.0,11742.0,0.0,0.0,0.0,0.0,0.0,10892.0,205.0,3,10953.142857142857,1977.0,11194.0,1,-0.5511274899613136,0.0,5
2023-03-26,9675.0,0.0,189.0,0.0,0.0,10892.0,0.0,0.0,0.0,0.0,0.0,11194.0,205.0,3,10780.285714285714,2021.0,10776.0,0,-1.5064236112212426,0.0,6
2023-03-27,10324.0,0.0,199.0,0.0,42.0,11194.0,0.0,0.0,0.0,0.0,0.0,10776.0,205.0,3,10937.57142857143,2086.0,12118.0,0,0.154658631230541,0.0,0
2023-03-28,10376.0,20.0,109.0,0.0,75.0,10776.0,0.0,0.0,0.0,0.0,0.0,12118.0,205.0,3,11193.857142857143,2242.0,12678.0,0,1.1593668275224325,0.0,1
2023-03-29,11259.0,0.0,189.0,0.0,0.0,12118.0,0.0,0.0,0.0,0.0,0.0,12678.0,230.0,3,11522.714285714286,2437.0,11153.0,0,-0.4913866771084687,0.0,2
2023-03-30,11742.0,0.0,189.0,0.0,25.0,12678.0,0.0,0.0,0.0,0.0,0.0,11153.0,205.0,3,11507.57142857143,2574.0,12155.0,0,0.6524030295212994,0.0,3
2023-03-31,10892.0,0.0,189.0,0.0,0.0,11153.0,0.0,0.0,0.0,0.0,0.0,12155.0,205.0,3,11566.57142857143,2155.0,10794.0,1,-0.9147059784703568,0.0,4
2023-04-01,11194.0,0.0,199.0,0.0,0.0,12155.0,0.0,0.0,0.0,0.0,0.0,10794.0,200.0,4,11552.57142857143,2391.0,9797.0,1,-2.3649521696588556,0.0,5
2023-04-02,10776.0,0.0,27.0,0.0,173.0,10794.0,0.0,0.0,0.0,0.0,0.0,9797.0,200.0,4,11353.0,3595.0,10452.0,0,-1.9172759248233173,0.0,6
2023-04-03,12118.0,0.0,158.0,0.0,178.0,9797.0,0.0,0.0,0.0,0.0,0.0,10452.0,200.0,4,11306.714285714286,1990.0,12065.0,0,0.1641338378036398,0.0,0
2023-04-04,12678.0,0.0,139.0,0.0,15.0,10452.0,0.0,0.0,0.0,0.0,0.0,12065.0,205.0,4,11299.142857142857,2820.0,13378.0,0,1.9449802469054458,0.0,1
2023-04-05,11153.0,0.0,10.0,0.0,0.0,12065.0,0.0,0.0,0.0,0.0,0.0,13378.0,205.0,4,11399.142857142857,1642.0,12411.0,0,0.9498404852231387,0.0,2
2023-04-06,12155.0,240.0,85.0,69.0,65.0,13378.0,280.0,128.0,85.0,190.0,456.0,12411.0,205.0,4,11578.857142857143,1415.0,15700.0,0,4.963604599368046,320.0,3
2023-04-07,10794.0,0.0,85.0,0.0,0.0,12411.0,0.0,36.0,0.0,0.0,0.0,15700.0,200.0,4,12085.285714285714,1274.0,13440.0,1,3.6534004249985306,0.0,4
2023-04-08,9797.0,0.0,159.0,0.0,0.0,15700.0,0.0,0.0,0.0,0.0,0.0,13440.0,126.0,4,12463.285714285714,2514.0,13395.0,1,3.116875906432385,0.0,5
2023-04-09,10452.0,170.0,85.0,0.0,130.0,13440.0,130.0,135.0,80.0,0.0,60.0,13395.0,0.0,4,12977.285714285714,2097.0,15200.0,0,4.807522511022537,0.0,6
2023-04-10,12065.0,0.0,85.0,0.0,20.0,13395.0,0.0,0.0,0.0,0.0,0.0,15200.0,0.0,4,13655.57142857143,2107.0,12582.0,0,1.8633615997065296,0.0,0
2023-04-11,13378.0,12.0,85.0,0.0,0.0,15200.0,0.0,0.0,10.0,0.0,0.0,12582.0,0.0,4,13729.42857142857,3209.0,12270.0,0,1.596061360693927,0.0,1
2023-04-12,12411.0,0.0,189.0,0.0,0.0,12582.0,0.0,0.0,0.0,0.0,0.0,12270.0,0.0,4,13571.142857142857,2776.0,10921.0,0,-0.9781544525773411,0.0,2
2023-04-13,15700.0,50.0,109.0,0.0,206.0,12270.0,0.0,0.0,15.0,35.0,0.0,10921.0,205.0,4,13358.285714285714,2047.0,15636.0,0,5.146425205269472,0.0,3
2023-04-14,13440.0,30.0,99.0,0.0,100.0,10921.0,0.0,40.0,15.0,0.0,0.0,15636.0,205.0,4,13349.142857142857,1907.0,15031.0,1,5.300624996682181,0.0,4
2023-04-15,13395.0,120.0,109.0,35.0,195.0,15636.0,170.0,90.0,80.0,120.0,60.0,15031.0,205.0,4,13576.42857142857,1658.0,15000.0,1,5.005191813880094,80.0,5
2023-04-16,15200.0,240.0,95.0,0.0,249.0,15031.0,350.0,132.0,100.0,210.0,10.0,15000.0,205.0,4,13805.714285714286,1609.0,16000.0,0,6.647305292530571,0.0,6
2023-04-17,12582.0,64.0,109.0,0.0,275.0,15000.0,10.0,150.0,15.0,0.0,75.0,16000.0,205.0,4,13920.0,1428.0,16221.0,0,6.908418761991983,0.0,0
2023-04-18,12270.0,27.0,159.0,0.0,200.0,16000.0,0.0,150.0,80.0,25.0,0.0,16221.0,205.0,4,14439.857142857143,1229.0,16131.0,0,6.8775941377642456,0.0,1
2023-04-19,10921.0,120.0,46.0,0.0,198.0,16221.0,10.0,60.0,40.0,0.0,0.0,16131.0,160.0,4,14991.42857142857,1214.0,16096.0,0,7.099070860991813,0.0,2
2023-04-20,15636.0,0.0,72.0,0.0,0.0,16131.0,0.0,25.0,0.0,71.0,0.0,16096.0,205.0,4,15730.714285714286,1433.0,14558.0,0,6.03266522434873,0.0,3
2023-04-21,15031.0,0.0,45.0,0.0,0.0,16096.0,0.0,0.0,0.0,0.0,0.0,14558.0,205.0,4,15576.714285714286,1303.0,9781.0,1,0.7708768559440673,0.0,4
2023-04-22,15000.0,0.0,68.0,0.0,21.0,14558.0,0.0,0.0,0.0,0.0,0.0,9781.0,230.0,4,14826.714285714286,1016.0,11606.0,1,1.8611458885716092,0.0,5
2023-04-23,16000.0,0.0,114.0,0.0,0.0,9781.0,0.0,0.0,0.0,0.0,0.0,11606.0,230.0,4,14341.857142857143,1445.0,9442.0,0,-1.3818703014495062,0.0,6
2023-04-24,16221.0,0.0,113.0,0.0,0.0,11606.0,0.0,0.0,0.0,0.0,0.0,9442.0,205.0,4,13405.0,999.0,10231.0,0,-0.31568700253672044,0.0,0
2023-04-25,16131.0,0.0,10.0,0.0,20.0,9442.0,0.0,0.0,0.0,0.0,0.0,10231.0,205.0,4,12549.285714285714,650.0,11857.0,0,1.359416407193351,0.0,1
2023-04-26,16096.0,0.0,10.0,0.0,0.0,10231.0,0.0,0.0,0.0,0.0,0.0,11857.0,205.0,4,11938.714285714286,521.0,12155.0,0,1.62965382114219,0.0,2
2023-04-27,14558.0,0.0,11.0,0.0,0.0,11857.0,0.0,0.0,0.0,0.0,0.0,12155.0,205.0,4,11375.714285714286,747.0,7753.0,0,-3.9753159903388458,0.0,3
2023-04-28,9781.0,25.0,9.0,0.0,65.0,12155.0,0.0,0.0,0.0,0.0,0.0,7753.0,205.0,4,10403.57142857143,562.0,12100.0,1,0.27423449487074947,0.0,4
2023-04-29,11606.0,0.0,10.0,0.0,0.0,7753.0,0.0,0.0,0.0,0.0,0.0,12100.0,205.0,4,10734.857142857143,738.0,9235.0,1,-3.2658460604012634,0.0,5
2023-04-30,9442.0,20.0,10.0,0.0,55.0,12100.0,0.0,0.0,10.0,0.0,0.0,9235.0,205.0,4,10396.142857142857,1135.0,11801.0,0,-0.20187955194155338,0.0,6
2023-05-01,10231.0,0.0,199.0,0.0,0.0,9235.0,0.0,0.0,0.0,0.0,0.0,11801.0,200.0,5,10733.142857142857,2816.0,9839.0,0,-2.720278390260944,0.0,0
2023-05-02,11857.0,0.0,28.0,0.0,158.0,11801.0,0.0,0.0,0.0,0.0,0.0,9839.0,200.0,5,10677.142857142857,3616.0,10465.0,0,-1.953474072503166,0.0,1
2023-05-03,12155.0,0.0,109.0,0.0,120.0,9839.0,0.0,0.0,9.0,78.0,29.0,10465.0,200.0,5,10478.285714285714,2425.0,12308.0,0,0.14319402834173509,0.0,2
2023-05-04,7753.0,0.0,139.0,0.0,35.0,10465.0,0.0,0.0,0.0,0.0,0.0,12308.0,205.0,5,10500.142857142857,2744.0,13291.0,0,1.275685736479688,0.0,3
2023-05-05,12100.0,0.0,10.0,0.0,0.0,12308.0,0.0,0.0,0.0,0.0,0.0,13291.0,205.0,5,11291.285714285714,1456.0,12938.0,1,2.1354126442151475,0.0,4
2023-05-06,9235.0,245.0,0.0,66.0,116.0,13291.0,345.0,136.0,96.0,198.0,290.0,12938.0,205.0,5,11411.0,3140.0,15700.0,1,4.7568516157668865,266.0,5
2023-05-08,11801.0,15.0,159.0,0.0,75.0,12938.0,0.0,22.0,0.0,33.0,15.0,15700.0,96.0,5,12334.57142857143,2644.0,14217.0,0,3.9281132125468985,0.0,0
2023-05-09,9839.0,119.0,85.0,0.0,145.0,15700.0,112.0,124.0,65.0,30.0,42.0,14217.0,0.0,5,12679.714285714286,1842.0,15350.0,0,5.118734890015232,185.0,1
2023-05-10,10465.0,0.0,85.0,0.0,0.0,14217.0,0.0,0.0,0.0,0.0,0.0,15350.0,0.0,5,13467.0,2249.0,11300.0,0,0.39659505602799716,0.0,2
2023-05-11,12308.0,0.0,85.0,0.0,0.0,15350.0,0.0,0.0,0.0,0.0,0.0,11300.0,0.0,5,13586.285714285714,3171.0,12197.0,0,1.114295043636273,0.0,3
2023-05-12,13291.0,0.0,189.0,0.0,0.0,11300.0,0.0,0.0,0.0,0.0,0.0,12197.0,0.0,5,13570.42857142857,2741.0,10838.0,1,-0.9247220204039599,0.0,4
2023-05-13,12938.0,300.0,10.0,0.0,190.0,12197.0,64.0,195.0,119.0,190.0,850.0,10838.0,200.0,5,13220.0,2205.0,14400.0,1,3.081913506776708,51.0,5
2023-05-14,15700.0,119.0,10.0,0.0,173.0,10838.0,0.0,272.0,0.0,356.0,710.0,14400.0,205.0,5,13428.857142857143,3411.0,12732.0,0,1.4636617177280238,0.0,6
2023-05-15,14217.0,418.0,10.0,0.0,225.0,14400.0,0.0,226.0,102.0,251.0,631.0,12732.0,205.0,5,13004.857142857143,3229.0,13585.0,0,2.839380901695734,142.0,0
2023-05-17,15350.0,0.0,12.0,0.0,0.0,12732.0,0.0,0.0,0.0,0.0,0.0,13585.0,205.0,5,12914.57142857143,2562.0,11950.0,0,0.8795879869255224,0.0,2
2023-05-18,11300.0,0.0,11.0,0.0,0.0,13585.0,0.0,0.0,0.0,0.0,0.0,11950.0,205.0,5,12428.857142857143,2585.0,11823.0,0,0.11118064999685044,0.0,3
2023-05-19,12197.0,0.0,10.0,0.0,0.0,11950.0,0.0,0.0,0.0,0.0,0.0,11823.0,205.0,5,12503.57142857143,2169.0,12641.0,1,1.5275108619999629,0.0,4
2023-05-20,10838.0,240.0,12.0,0.0,140.0,11823.0,0.0,126.0,0.0,0.0,90.0,12641.0,205.0,5,12567.0,1781.0,14250.0,1,3.2281488621692986,0.0,5
2023-05-21,14400.0,145.0,13.0,40.0,0.0,12641.0,25.0,0.0,0.0,0.0,0.0,14250.0,205.0,5,13054.42857142857,1795.0,12900.0,0,1.4827620004002284,140.0,6
2023-05-22,12732.0,160.0,11.0,25.0,35.0,14250.0,25.0,0.0,0.0,0.0,0.0,12900.0,205.0,5,12840.142857142857,1329.0,14251.0,0,3.8599622632846082,55.0,0
2023-05-23,13585.0,0.0,8.0,0.0,0.0,12900.0,0.0,0.0,0.0,0.0,0.0,14251.0,205.0,5,13057.142857142857,2002.0,8346.0,0,-3.4464962270943444,0.0,1
2023-05-24,11950.0,0.0,12.0,0.0,52.0,14251.0,0.0,0.0,0.0,0.0,0.0,8346.0,205.0,5,12308.714285714286,1203.0,12700.0,0,0.7271490217500558,0.0,2
2023-05-25,11823.0,0.0,11.0,0.0,53.0,8346.0,0.0,0.0,0.0,0.0,0.0,12700.0,205.0,5,12415.857142857143,1218.0,13563.0,0,2.1715052733248172,0.0,3
2023-05-26,12641.0,0.0,12.0,0.0,50.0,12700.0,0.0,0.0,0.0,0.0,0.0,13563.0,205.0,5,12664.42857142857,1225.0,12600.0,1,1.9508476929319092,0.0,4
2023-05-27,14250.0,0.0,10.0,0.0,0.0,13563.0,0.0,0.0,0.0,0.0,0.0,12600.0,205.0,5,12658.57142857143,1343.0,12821.0,1,2.085642971419726,0.0,5
2023-05-28,12900.0,10.0,12.0,0.0,25.0,12600.0,0.0,0.0,0.0,25.0,18.0,12821.0,205.0,5,12454.42857142857,1391.0,14218.0,0,3.635904986320375,0.0,6
2023-05-29,14251.0,15.0,10.0,0.0,85.0,12821.0,178.0,100.0,10.0,138.0,60.0,14218.0,205.0,5,12642.714285714286,1485.0,14950.0,0,4.698625277609345,0.0,0
2023-05-30,8346.0,95.0,11.0,43.0,63.0,14218.0,73.0,30.0,0.0,65.0,53.0,14950.0,205.0,5,12742.57142857143,1107.0,15000.0,0,4.584256417598141,45.0,1
2023-05-31,12700.0,190.0,13.0,43.0,181.0,14950.0,160.0,72.0,137.0,0.0,270.0,15000.0,205.0,5,13693.142857142857,1045.0,15600.0,0,5.645027947716396,124.0,2
2023-06-01,13563.0,0.0,199.0,0.0,0.0,15000.0,0.0,0.0,0.0,0.0,0.0,15600.0,200.0,6,14107.42857142857,2607.0,8810.0,0,-1.7621055999051265,0.0,3
2023-06-02,12600.0,0.0,109.0,0.0,107.0,15600.0,0.0,0.0,0.0,0.0,0.0,8810.0,200.0,6,13428.42857142857,3678.0,10286.0,1,-1.2547043530086164,0.0,4
2023-06-03,12821.0,0.0,109.0,0.0,52.0,8810.0,0.0,0.0,0.0,0.0,0.0,10286.0,200.0,6,13097.857142857143,2450.0,12521.0,1,0.6011291261825709,0.0,5
2023-06-04,14218.0,0.0,189.0,0.0,17.0,10286.0,0.0,0.0,0.0,0.0,0.0,12521.0,205.0,6,13055.0,2721.0,13283.0,0,2.1712900844502196,0.0,6
2023-06-05,14950.0,0.0,12.0,0.0,48.0,12521.0,0.0,0.0,0.0,0.0,15.0,13283.0,205.0,6,12921.42857142857,1561.0,14163.0,0,3.6566600963912026,0.0,0
2023-06-06,15000.0,320.0,0.0,75.0,230.0,13283.0,345.0,190.0,0.0,285.0,500.0,14163.0,205.0,6,12809.0,3244.0,15800.0,0,5.4806901134539325,0.0,1
2023-06-07,15600.0,0.0,179.0,0.0,0.0,14163.0,0.0,0.0,0.0,0.0,0.0,15800.0,170.0,6,12923.285714285714,1279.0,13087.0,0,3.797011676240415,0.0,2
2023-06-08,8810.0,0.0,189.0,0.0,15.0,15800.0,0.0,38.0,0.0,30.0,25.0,13087.0,0.0,6,12564.285714285714,2676.0,13640.0,0,3.0012787202709044,25.0,3
2023-06-09,10286.0,100.0,85.0,0.0,222.0,13087.0,0.0,0.0,105.0,20.0,50.0,13640.0,0.0,6,13254.285714285714,1614.0,14700.0,1,4.423712365034085,0.0,4
2023-06-10,12521.0,0.0,85.0,0.0,0.0,13640.0,0.0,0.0,0.0,0.0,0.0,14700.0,0.0,6,13884.857142857143,2539.0,11396.0,1,0.8331222800740005,0.0,5
2023-06-11,13283.0,15.0,85.0,0.0,0.0,14700.0,0.0,0.0,0.0,0.0,0.0,11396.0,0.0,6,13724.142857142857,3205.0,11741.0,0,0.762270484526242,0.0,6
2023-06-12,14163.0,0.0,189.0,0.0,0.0,11396.0,0.0,0.0,0.0,0.0,0.0,11741.0,0.0,6,13503.857142857143,2828.0,10827.0,0,-0.9134888283720557,0.0,0
2023-06-13,15800.0,48.0,0.0,0.0,110.0,11741.0,100.0,150.0,20.0,140.0,180.0,10827.0,175.0,6,13027.285714285714,3151.0,14400.0,0,3.050849591388979,170.0,1
2023-06-14,13087.0,208.0,0.0,47.0,68.0,10827.0,250.0,119.0,0.0,87.0,53.0,14400.0,180.0,6,12827.285714285714,3036.0,15000.0,0,3.8739677111780577,0.0,2
2023-06-15,13640.0,211.0,0.0,0.0,0.0,14400.0,19.0,0.0,0.0,0.0,20.0,15000.0,205.0,6,13100.57142857143,3053.0,14125.0,0,3.1493592328353035,0.0,3
2023-06-16,14700.0,0.0,0.0,0.0,0.0,15000.0,0.0,0.0,0.0,0.0,0.0,14125.0,200.0,6,13169.857142857143,2788.0,11974.0,1,1.7965506841038272,0.0,4
2023-06-17,11396.0,0.0,0.0,0.0,0.0,14125.0,0.0,0.0,0.0,0.0,0.0,11974.0,200.0,6,12780.42857142857,2754.0,11886.0,1,1.0892125113754494,0.0,5
2023-06-18,11741.0,0.0,0.0,0.0,90.0,11974.0,0.0,0.0,0.0,0.0,30.0,11886.0,200.0,6,12850.42857142857,2743.0,13267.0,0,1.8569090801440558,0.0,6
2023-06-19,10827.0,10.0,0.0,0.0,50.0,11886.0,0.0,0.0,0.0,0.0,20.0,13267.0,195.0,6,13068.42857142857,2882.0,13540.0,0,2.0389188655791264,0.0,0
2023-06-20,14400.0,0.0,0.0,0.0,0.0,13267.0,0.0,0.0,0.0,0.0,0.0,13540.0,165.0,6,13456.0,2874.0,13596.0,0,2.899670796112415,0.0,1
2023-06-21,15000.0,0.0,0.0,0.0,0.0,13540.0,0.0,0.0,0.0,0.0,35.0,13596.0,165.0,6,13341.142857142857,3017.0,14168.0,0,3.5431709744151867,0.0,2
2023-06-22,14125.0,20.0,0.0,0.0,40.0,13596.0,190.0,0.0,42.0,0.0,50.0,14168.0,162.0,6,13222.285714285714,3034.0,14250.0,0,3.723016007453439,0.0,3
2023-06-23,11974.0,0.0,0.0,0.0,103.0,14168.0,0.0,0.0,0.0,0.0,18.0,14250.0,170.0,6,13240.142857142857,2606.0,13860.0,1,3.2750312100560626,0.0,4
2023-06-24,11886.0,96.0,0.0,35.0,144.0,14250.0,96.0,83.0,0.0,52.0,61.0,13860.0,165.0,6,13509.57142857143,2729.0,14500.0,1,3.978865891301507,0.0,5
2023-06-25,13267.0,170.0,0.0,0.0,164.0,13860.0,181.0,138.0,0.0,95.0,86.0,14500.0,170.0,6,13883.0,2883.0,14600.0,0,4.449476700504029,0.0,6
2023-06-26,13540.0,0.0,0.0,0.0,30.0,14500.0,0.0,0.0,0.0,0.0,0.0,14600.0,160.0,6,14073.42857142857,2574.0,13395.0,0,3.3446200031429036,0.0,0
2023-06-27,13596.0,0.0,0.0,0.0,0.0,14600.0,0.0,0.0,0.0,0.0,0.0,13395.0,160.0,6,14052.714285714286,2346.0,11566.0,0,1.7799990937254973,0.0,1
2023-06-28,14168.0,0.0,0.0,0.0,0.0,13395.0,0.0,0.0,0.0,0.0,0.0,11566.0,160.0,6,13762.714285714286,2466.0,10301.0,0,0.21022942716632845,0.0,2
2023-06-29,14250.0,0.0,0.0,0.0,0.0,11566.0,0.0,0.0,0.0,0.0,0.0,10301.0,170.0,6,13210.285714285714,2039.0,10896.0,0,0.516707827908006,0.0,3
2023-06-30,13860.0,0.0,85.0,0.0,0.0,10301.0,0.0,0.0,0.0,0.0,0.0,10896.0,195.0,6,12731.142857142857,2204.0,9504.0,1,-1.490872663211005,0.0,4
2023-07-01,14500.0,0.0,199.0,0.0,0.0,10896.0,0.0,0.0,0.0,0.0,0.0,9504.0,200.0,7,12108.857142857143,2612.0,9795.0,1,-2.4160455407647987,0.0,5
2023-07-02,14600.0,0.0,109.0,0.0,35.0,9504.0,0.0,0.0,0.0,0.0,0.0,9795.0,200.0,7,11436.714285714286,3504.0,10349.0,0,-1.8764312706015678,0.0,6
2023-07-03,13395.0,0.0,109.0,0.0,60.0,9795.0,0.0,0.0,0.0,0.0,0.0,10349.0,205.0,7,10829.42857142857,2095.0,11568.0,0,-0.28428083192670317,0.0,0
2023-07-04,11566.0,0.0,189.0,0.0,43.0,10349.0,0.0,0.0,0.0,0.0,0.0,11568.0,205.0,7,10568.42857142857,2659.0,12860.0,0,1.4308422821223272,0.0,1
2023-07-05,10301.0,130.0,10.0,0.0,200.0,11568.0,70.0,50.0,0.0,0.0,0.0,12860.0,205.0,7,10753.285714285714,1550.0,14802.0,0,3.5644499080499963,0.0,2
2023-07-06,10896.0,320.0,0.0,110.0,220.0,12860.0,400.0,160.0,100.0,220.0,0.0,14802.0,205.0,7,11396.285714285714,2734.0,15500.0,0,4.295976751792599,0.0,3
2023-07-07,9504.0,0.0,179.0,0.0,0.0,14802.0,0.0,0.0,0.0,143.0,0.0,15500.0,170.0,7,12054.0,1249.0,13049.0,1,2.9331209945375933,0.0,4
2023-07-08,9795.0,0.0,169.0,0.0,0.0,15500.0,0.0,0.0,0.0,0.0,0.0,13049.0,0.0,7,12560.42857142857,2720.0,12729.0,1,1.7922949272944622,0.0,5
2023-07-09,10349.0,180.0,85.0,0.0,10.0,13049.0,10.0,108.0,50.0,0.0,0.0,12729.0,0.0,7,12979.57142857143,1516.0,14500.0,0,3.9728492531972908,0.0,6
2023-07-10,11568.0,0.0,85.0,0.0,0.0,12729.0,0.0,0.0,0.0,0.0,0.0,14500.0,0.0,7,13572.57142857143,2144.0,13458.0,0,2.6272368854682666,0.0,0
2023-07-11,12860.0,0.0,85.0,0.0,0.0,14500.0,0.0,0.0,0.0,0.0,0.0,13458.0,0.0,7,13842.57142857143,3327.0,11253.0,0,0.07646334951606473,0.0,1
2023-07-12,14802.0,0.0,189.0,0.0,0.0,13458.0,0.0,0.0,0.0,0.0,0.0,11253.0,0.0,7,13613.0,2800.0,9839.0,0,-1.6657500901186049,0.0,2
2023-07-13,15500.0,0.0,189.0,0.0,154.0,11253.0,0.0,0.0,0.0,0.0,0.0,9839.0,170.0,7,12904.0,1506.0,14870.0,0,4.088797720228271,0.0,3
2023-07-15,13049.0,0.0,189.0,0.0,0.0,9839.0,0.0,0.0,0.0,0.0,0.0,14870.0,170.0,7,12814.0,1497.0,14545.0,1,4.171092529381103,0.0,5
2023-07-16,12729.0,15.0,189.0,0.0,73.0,14870.0,0.0,51.0,0.0,0.0,22.0,14545.0,170.0,7,13027.714285714286,1851.0,14485.0,0,4.541983806364732,0.0,6
2023-07-17,14500.0,0.0,189.0,0.0,144.0,14545.0,58.0,110.0,0.0,0.0,37.0,14485.0,170.0,7,13278.57142857143,1857.0,15066.0,0,5.339335920399225,0.0,0
2023-07-18,13458.0,157.0,189.0,0.0,150.0,14485.0,0.0,188.0,0.0,56.0,100.0,15066.0,170.0,7,13359.42857142857,2129.0,15200.0,0,5.434778000185972,0.0,1
2023-07-19,11253.0,180.0,124.0,40.0,200.0,15066.0,172.0,180.0,90.0,100.0,138.0,15200.0,170.0,7,13608.285714285714,2184.0,15600.0,0,5.828065495008211,0.0,2
2023-07-20,9839.0,85.0,189.0,0.0,177.0,15200.0,0.0,76.0,0.0,0.0,82.0,15600.0,170.0,7,14229.285714285714,1541.0,15499.0,0,5.484955047103395,0.0,3
2023-07-22,14870.0,145.0,189.0,0.0,120.0,15600.0,0.0,108.0,0.0,0.0,0.0,15499.0,160.0,7,15037.857142857143,1404.0,15300.0,1,6.230150833965441,0.0,5
2023-07-23,14545.0,140.0,114.0,0.0,105.0,15499.0,142.0,115.0,0.0,100.0,52.0,15300.0,160.0,7,15099.285714285714,1317.0,15300.0,0,5.929032215615366,132.0,6
2023-07-24,14485.0,122.0,109.0,0.0,107.0,15300.0,77.0,92.0,65.0,0.0,45.0,15300.0,160.0,7,15207.142857142857,1419.0,15550.0,0,6.367013803410007,0.0,0
2023-07-25,15066.0,64.0,159.0,0.0,210.0,15300.0,0.0,50.0,35.0,25.0,0.0,15550.0,160.0,7,15359.285714285714,1092.0,15520.0,0,6.411569800479575,0.0,1
2023-07-27,15200.0,25.0,139.0,0.0,193.0,15550.0,0.0,122.0,0.0,0.0,0.0,15520.0,150.0,7,15424.142857142857,1087.0,15160.0,0,6.150404670729545,0.0,3
2023-07-28,15600.0,22.0,179.0,0.0,23.0,15520.0,0.0,8.0,140.0,0.0,0.0,15160.0,120.0,7,15418.42857142857,924.0,14300.0,1,5.24331408721374,0.0,4
2023-07-29,15499.0,32.0,149.0,0.0,52.0,15160.0,0.0,0.0,11.0,0.0,25.0,14300.0,120.0,7,15232.714285714286,899.0,15175.0,1,5.9378404461873195,0.0,5
2023-07-29,15300.0,32.0,149.0,0.0,52.0,14300.0,0.0,0.0,11.0,0.0,25.0,15175.0,120.0,7,15186.42857142857,899.0,15175.0,1,5.934604828195962,0.0,5
2023-07-31,15300.0,40.0,139.0,0.0,170.0,15175.0,0.0,90.0,0.0,60.0,40.0,15175.0,98.0,7,15168.57142857143,2071.0,15220.0,0,5.867712465138606,0.0,0
2023-08-01,15550.0,0.0,199.0,0.0,101.0,15175.0,47.0,84.0,62.0,17.0,134.0,15220.0,200.0,8,15157.142857142857,2761.0,9861.0,0,-0.6511645873306575,35.0,1
2023-08-02,15520.0,0.0,109.0,0.0,45.0,15220.0,0.0,0.0,0.0,0.0,10.0,9861.0,200.0,8,14344.42857142857,3609.0,10496.0,0,-0.6476652013199296,0.0,2
2023-08-03,15160.0,0.0,158.0,0.0,18.0,9861.0,0.0,0.0,0.0,0.0,0.0,10496.0,205.0,8,13626.714285714286,1794.0,11040.0,0,-0.47252005686171294,0.0,3
2023-08-04,14300.0,0.0,109.0,0.0,74.0,10496.0,0.0,0.0,0.0,0.0,0.0,11040.0,205.0,8,13038.142857142857,2105.0,13951.0,1,2.909083784339013,0.0,4
2023-08-06,15175.0,0.0,0.0,0.0,152.0,11040.0,16.0,152.0,10.0,97.0,43.0,13951.0,205.0,8,12988.285714285714,2588.0,15147.0,0,5.1283278807284916,0.0,6
2023-08-07,15175.0,0.0,179.0,0.0,0.0,13951.0,0.0,0.0,0.0,0.0,0.0,15147.0,170.0,8,12984.285714285714,1244.0,14085.0,0,4.427003914181036,0.0,0
2023-08-08,15220.0,0.0,179.0,0.0,0.0,15147.0,0.0,0.0,0.0,0.0,0.0,14085.0,0.0,8,12828.57142857143,2812.0,13253.0,0,2.729799828418486,0.0,1
2023-08-09,9861.0,0.0,85.0,0.0,39.0,14085.0,0.0,0.0,0.0,0.0,0.0,13253.0,0.0,8,12547.57142857143,1384.0,13300.0,0,2.733588138649612,0.0,2
2023-08-10,10496.0,10.0,85.0,0.0,27.0,13253.0,0.0,0.0,0.0,0.0,0.0,13300.0,0.0,8,13038.857142857143,1682.0,14060.0,0,3.226192105951542,0.0,3
2023-08-11,11040.0,0.0,85.0,0.0,0.0,13300.0,0.0,0.0,0.0,0.0,0.0,14060.0,0.0,8,13548.0,3432.0,11315.0,1,-0.07248636114739354,0.0,4
2023-08-12,13951.0,0.0,189.0,0.0,0.0,14060.0,0.0,0.0,0.0,0.0,0.0,11315.0,0.0,8,13587.285714285714,2893.0,8619.0,1,-2.807754843549927,0.0,5
2023-08-13,15147.0,0.0,149.0,0.0,0.0,11315.0,0.0,0.0,0.0,0.0,0.0,8619.0,0.0,8,12825.57142857143,2571.0,13665.0,0,2.1757195937747498,0.0,6
2023-08-14,14085.0,0.0,179.0,0.0,102.0,8619.0,0.0,0.0,0.0,0.0,20.0,13665.0,0.0,8,12613.857142857143,2153.0,14100.0,0,3.271033677945418,0.0,0
2023-08-15,13253.0,0.0,159.0,0.0,20.0,13665.0,0.0,97.0,0.0,0.0,0.0,14100.0,0.0,8,12616.0,1826.0,13904.0,0,3.923478273386332,0.0,1
2023-08-16,13300.0,90.0,159.0,0.0,160.0,14100.0,0.0,100.0,39.0,30.0,0.0,13904.0,0.0,8,12709.0,1751.0,14750.0,0,4.751462704635072,0.0,2
2023-08-17,14060.0,113.0,139.0,0.0,114.0,13904.0,10.0,100.0,10.0,45.0,45.0,14750.0,0.0,8,12916.142857142857,1946.0,14847.0,0,5.024192746948598,0.0,3
2023-08-18,11315.0,39.0,179.0,0.0,79.0,14750.0,0.0,27.0,0.0,0.0,0.0,14847.0,0.0,8,13028.57142857143,2110.0,13957.0,1,4.138808078375432,0.0,4
2023-08-19,8619.0,55.0,179.0,0.0,90.0,14847.0,164.0,156.0,0.0,82.0,10.0,13957.0,0.0,8,13406.0,2234.0,14700.0,1,4.429430453083496,77.0,5
2023-08-20,13665.0,79.0,149.0,0.0,150.0,13957.0,75.0,120.0,20.0,70.0,10.0,14700.0,0.0,8,14274.714285714286,2174.0,15200.0,0,5.39545021503294,0.0,6
2023-08-21,14100.0,120.0,159.0,0.0,90.0,14700.0,84.0,110.0,45.0,110.0,35.0,15200.0,0.0,8,14494.0,2320.0,15360.0,0,5.727191395516861,35.0,0
2023-08-22,13904.0,25.0,149.0,0.0,217.0,15200.0,0.0,0.0,15.0,0.0,0.0,15360.0,0.0,8,14674.0,2172.0,14513.0,0,4.751085469272667,0.0,1
2023-08-23,14750.0,0.0,85.0,0.0,115.0,15360.0,0.0,0.0,8.0,0.0,20.0,14513.0,0.0,8,14761.0,2439.0,14180.0,0,4.445057780905707,0.0,2
2023-08-24,14847.0,0.0,85.0,0.0,41.0,14513.0,0.0,0.0,0.0,0.0,0.0,14180.0,0.0,8,14679.57142857143,2399.0,14225.0,0,4.377361981977972,0.0,3
2023-08-25,13957.0,0.0,85.0,0.0,0.0,14180.0,0.0,0.0,0.0,0.0,0.0,14225.0,0.0,8,14590.714285714286,2135.0,12278.0,1,2.3006400324977188,0.0,4
2023-08-26,14700.0,11.0,85.0,0.0,10.0,14225.0,0.0,0.0,10.0,0.0,30.0,12278.0,0.0,8,14350.857142857143,2118.0,13560.0,1,3.3139379381022342,0.0,5
2023-08-27,15200.0,0.0,85.0,0.0,65.0,12278.0,0.0,30.0,0.0,0.0,0.0,13560.0,0.0,8,14188.0,2293.0,14350.0,0,3.933906354998113,0.0,6
2023-08-28,15360.0,0.0,85.0,0.0,50.0,13560.0,0.0,24.0,0.0,105.0,15.0,14350.0,0.0,8,14066.57142857143,2120.0,14550.0,0,4.596351250229101,0.0,0
2023-08-29,14513.0,10.0,85.0,0.0,51.0,14350.0,0.0,200.0,0.0,0.0,10.0,14550.0,0.0,8,13950.857142857143,2096.0,15000.0,0,5.452660460749035,0.0,1
2023-08-30,14180.0,150.0,85.0,0.0,80.0,14550.0,0.0,58.0,60.0,20.0,25.0,15000.0,0.0,8,14020.42857142857,2022.0,15300.0,0,5.535083361342529,0.0,2
2023-08-31,14225.0,100.0,85.0,0.0,85.0,15000.0,0.0,100.0,60.0,78.0,40.0,15300.0,0.0,8,14180.42857142857,1869.0,15300.0,0,5.716937816982316,0.0,3
2023-09-01,12278.0,32.0,199.0,0.0,101.0,15300.0,107.0,100.0,62.0,59.0,401.0,15300.0,200.0,9,14334.0,2736.0,9972.0,1,-0.8455682716355346,90.0,4
2023-09-02,13560.0,0.0,109.0,0.0,105.0,15300.0,0.0,0.0,0.0,0.0,30.0,9972.0,200.0,9,14004.57142857143,3801.0,10533.0,1,-0.679735213002843,0.0,5
2023-09-03,14350.0,0.0,159.0,0.0,155.0,9972.0,0.0,0.0,0.0,0.0,0.0,10533.0,205.0,9,13572.142857142857,1681.0,12264.0,0,0.9103067388014877,0.0,6
2023-09-04,14550.0,35.0,119.0,0.0,70.0,10533.0,0.0,0.0,30.0,0.0,0.0,12264.0,205.0,9,13274.142857142857,2356.0,14323.0,0,3.593627261977815,0.0,0
2023-09-05,15000.0,221.0,10.0,0.0,258.0,12264.0,292.0,92.0,93.0,150.0,172.0,14323.0,203.0,9,13241.714285714286,1376.0,15300.0,0,5.349462549565394,200.0,1
2023-09-06,15300.0,0.0,0.0,0.0,0.0,14323.0,0.0,0.0,0.0,0.0,0.0,15300.0,205.0,9,13284.57142857143,2466.0,12699.0,0,2.8467137309781907,0.0,2
2023-09-07,15300.0,80.0,179.0,0.0,120.0,15300.0,160.0,100.0,71.0,80.0,0.0,12699.0,170.0,9,12913.0,1504.0,14850.0,0,4.9944700819293635,0.0,3
2023-09-08,9972.0,0.0,139.0,0.0,50.0,12699.0,0.0,0.0,0.0,0.0,60.0,14850.0,0.0,9,12848.714285714286,2841.0,13776.0,1,3.0463375845637346,0.0,4
2023-09-09,10533.0,42.0,85.0,0.0,45.0,14850.0,0.0,42.0,40.0,0.0,5.0,13776.0,0.0,9,13392.142857142857,1323.0,15000.0,1,4.7625047260932964,52.0,5
2023-09-10,12264.0,0.0,85.0,0.0,0.0,13776.0,0.0,0.0,0.0,0.0,0.0,15000.0,0.0,9,14030.285714285714,1715.0,14220.0,0,3.7734469027169313,0.0,6
2023-09-11,14323.0,0.0,85.0,0.0,0.0,15000.0,0.0,0.0,0.0,0.0,0.0,14220.0,0.0,9,14309.714285714286,3786.0,11740.0,0,0.712536401164676,0.0,0
2023-09-12,15300.0,0.0,189.0,0.0,0.0,14220.0,0.0,0.0,0.0,0.0,0.0,11740.0,0.0,9,13940.714285714286,2975.0,9849.0,0,-1.2522710372242214,0.0,1
2023-09-13,12699.0,58.0,85.0,0.0,86.0,11740.0,0.0,94.0,51.0,0.0,0.0,9849.0,0.0,9,13162.0,1373.0,14830.0,0,3.982636450820524,0.0,2
2023-09-14,14850.0,25.0,85.0,0.0,90.0,9849.0,0.0,70.0,80.0,0.0,15.0,14830.0,0.0,9,13466.42857142857,1402.0,14450.0,0,4.222200264525698,0.0,3
2023-09-15,13776.0,30.0,85.0,0.0,48.0,14830.0,0.0,0.0,40.0,0.0,0.0,14450.0,0.0,9,13409.285714285714,1338.0,14050.0,1,4.528166612765429,0.0,4
2023-09-16,15000.0,80.0,85.0,0.0,138.0,14450.0,0.0,88.0,80.0,7.0,0.0,14050.0,0.0,9,13448.42857142857,1237.0,15350.0,1,5.698277140981585,0.0,5
2023-09-17,14220.0,20.0,85.0,0.0,245.0,14050.0,35.0,160.0,110.0,0.0,25.0,15350.0,0.0,9,13498.42857142857,1283.0,14900.0,0,4.9247505601768795,0.0,6
2023-09-18,11740.0,25.0,85.0,0.0,122.0,15350.0,0.0,0.0,30.0,0.0,0.0,14900.0,0.0,9,13595.57142857143,1270.0,14650.0,0,4.567799371625613,0.0,0
2023-09-19,9849.0,25.0,85.0,0.0,132.0,14900.0,0.0,0.0,30.0,0.0,0.0,14650.0,0.0,9,14011.285714285714,1401.0,13890.0,0,3.5849189690059124,0.0,1
2023-09-20,14830.0,0.0,85.0,0.0,44.0,14650.0,0.0,0.0,0.0,0.0,0.0,13890.0,0.0,9,14588.57142857143,1485.0,13250.0,0,2.920454438915005,0.0,2
2023-09-21,14450.0,0.0,85.0,0.0,0.0,13890.0,0.0,0.0,0.0,0.0,0.0,13250.0,0.0,9,14362.857142857143,1349.0,12861.0,0,2.293486619121302,0.0,3
2023-09-22,14050.0,0.0,85.0,0.0,0.0,13250.0,0.0,0.0,0.0,0.0,0.0,12861.0,0.0,9,14135.857142857143,1297.0,12183.0,1,1.6356901854144845,0.0,4
2023-09-23,15350.0,0.0,85.0,0.0,37.0,12861.0,0.0,0.0,0.0,0.0,0.0,12183.0,0.0,9,13869.142857142857,1473.0,13240.0,1,2.751108499018946,0.0,5
2023-09-24,14900.0,0.0,85.0,0.0,0.0,12183.0,0.0,0.0,0.0,0.0,0.0,13240.0,0.0,9,13567.714285714286,1462.0,12852.0,0,1.9854378594067608,0.0,6
2023-09-25,14650.0,0.0,85.0,0.0,64.0,13240.0,0.0,0.0,30.0,0.0,0.0,12852.0,0.0,9,13275.142857142857,1086.0,14120.0,0,3.5933326897083107,0.0,0
2023-09-26,13890.0,15.0,85.0,0.0,48.0,12852.0,0.0,0.0,28.0,0.0,22.0,14120.0,0.0,9,13199.42857142857,1288.0,14750.0,0,4.650849661883449,0.0,1
2023-09-27,13250.0,30.0,85.0,0.0,75.0,14120.0,0.0,0.0,93.0,0.0,0.0,14750.0,0.0,9,13322.285714285714,1359.0,14900.0,0,5.077845856793217,0.0,2
2023-09-28,12861.0,25.0,85.0,0.0,100.0,14750.0,0.0,0.0,29.0,0.0,0.0,14900.0,0.0,9,13558.0,1283.0,14700.0,0,5.121154571889901,0.0,3
2023-09-29,12183.0,20.0,85.0,0.0,30.0,14900.0,0.0,0.0,29.0,0.0,0.0,14700.0,0.0,9,13820.714285714286,1316.0,13485.0,1,3.6633599224331364,0.0,4
2023-09-30,13240.0,19.0,85.0,0.0,100.0,14700.0,0.0,0.0,20.0,0.0,19.0,13485.0,0.0,9,14006.714285714286,1376.0,13900.0,1,3.701036984893106,0.0,5
2023-10-01,12852.0,0.0,109.0,0.0,24.0,13485.0,0.0,55.0,0.0,100.0,0.0,13900.0,200.0,10,14101.0,3009.0,9800.0,0,-1.190929754937541,0.0,6
2023-10-02,14120.0,0.0,159.0,0.0,18.0,13900.0,0.0,0.0,0.0,0.0,0.0,9800.0,200.0,10,13665.0,3479.0,9722.0,0,-1.709654954125971,0.0,0
2023-10-03,14750.0,0.0,159.0,0.0,30.0,9800.0,0.0,0.0,0.0,0.0,0.0,9722.0,205.0,10,13036.714285714286,2211.0,10978.0,0,-0.43187365689035184,0.0,1
2023-10-04,14900.0,15.0,129.0,0.0,158.0,9722.0,0.0,0.0,28.0,0.0,0.0,10978.0,205.0,10,12497.857142857143,2407.0,14598.0,0,3.802878126051925,0.0,2
2023-10-05,14700.0,168.0,11.0,0.0,109.0,10978.0,0.0,50.0,0.0,30.0,23.0,14598.0,205.0,10,12454.714285714286,1237.0,14500.0,0,3.596483864069099,64.0,3
2023-10-06,13485.0,0.0,0.0,0.0,0.0,14598.0,0.0,0.0,0.0,26.0,25.0,14500.0,200.0,10,12426.142857142857,2644.0,13950.0,1,3.4144572674682134,0.0,4
2023-10-07,13900.0,10.0,139.0,0.0,80.0,14500.0,2.0,165.0,0.0,0.0,35.0,13950.0,170.0,10,12492.57142857143,1808.0,14765.0,1,4.629565659123241,0.0,5
2023-10-08,9800.0,0.0,149.0,0.0,78.0,13950.0,0.0,47.0,0.0,35.0,0.0,14765.0,0.0,10,12616.142857142857,2962.0,14047.0,0,3.432700457580465,0.0,6
2023-10-09,9722.0,100.0,85.0,0.0,300.0,14765.0,0.0,95.0,46.0,10.0,80.0,14047.0,0.0,10,13222.857142857143,1292.0,15370.0,0,5.355017081849908,0.0,0
2023-10-10,10978.0,25.0,85.0,0.0,0.0,14047.0,0.0,0.0,40.0,0.0,0.0,15370.0,0.0,10,14029.714285714286,1735.0,14085.0,0,3.895113270898192,0.0,1
2023-10-11,14598.0,0.0,85.0,0.0,0.0,15370.0,0.0,0.0,0.0,0.0,0.0,14085.0,0.0,10,14473.57142857143,3262.0,9556.0,0,-1.1944259241415884,0.0,2
2023-10-12,14500.0,0.0,189.0,0.0,0.0,14085.0,0.0,0.0,0.0,0.0,0.0,9556.0,0.0,10,13753.285714285714,3164.0,9773.0,0,-1.5022406143765643,0.0,3
2023-10-13,13950.0,0.0,85.0,0.0,0.0,9556.0,0.0,0.0,0.0,0.0,0.0,9773.0,0.0,10,13078.0,1727.0,12852.0,1,1.598556240286983,0.0,4
2023-10-14,14765.0,0.0,85.0,0.0,77.0,9773.0,0.0,0.0,0.0,0.0,0.0,12852.0,0.0,10,12921.142857142857,1750.0,13720.0,1,2.9252327864716885,0.0,5
2023-10-15,14047.0,0.0,85.0,0.0,10.0,12852.0,0.0,0.0,0.0,0.0,15.0,13720.0,0.0,10,12771.857142857143,1752.0,13852.0,0,3.181418558081497,0.0,6
2023-10-16,15370.0,0.0,85.0,0.0,0.0,13720.0,0.0,0.0,0.0,0.0,0.0,13852.0,0.0,10,12744.0,1858.0,13742.0,0,3.12997350387704,0.0,0
2023-10-17,14085.0,0.0,85.0,0.0,0.0,13852.0,0.0,0.0,0.0,0.0,0.0,13742.0,0.0,10,12511.42857142857,1857.0,13832.0,0,3.168341035304391,0.0,1
2023-10-18,9556.0,0.0,85.0,0.0,0.0,13742.0,0.0,0.0,0.0,0.0,0.0,13832.0,0.0,10,12475.285714285714,1850.0,13313.0,0,2.313721466370281,0.0,2
2023-10-19,9773.0,0.0,85.0,0.0,18.0,13832.0,0.0,0.0,0.0,0.0,0.0,13313.0,0.0,10,13012.0,1868.0,13370.0,0,2.1746244004209845,0.0,3
2023-10-20,12852.0,40.0,85.0,0.0,30.0,13313.0,0.0,0.0,73.0,0.0,0.0,13370.0,0.0,10,13525.857142857143,1857.0,11780.0,1,1.0346432884712107,0.0,4
2023-10-21,13720.0,0.0,85.0,0.0,50.0,13370.0,0.0,0.0,19.0,0.0,0.0,11780.0,0.0,10,13372.714285714286,2028.0,13180.0,1,2.1245568568759934,0.0,5
2023-10-22,13852.0,0.0,85.0,0.0,0.0,11780.0,0.0,0.0,29.0,0.0,0.0,13180.0,0.0,10,13295.57142857143,2765.0,12948.0,0,1.9317963215708025,0.0,6
2023-10-23,13742.0,0.0,85.0,0.0,0.0,13180.0,0.0,0.0,0.0,0.0,0.0,12948.0,0.0,10,13166.42857142857,2862.0,12144.0,0,1.1914065264861449,0.0,0
2023-10-24,13832.0,0.0,85.0,0.0,0.0,12948.0,0.0,0.0,0.0,0.0,0.0,12144.0,0.0,10,12938.142857142857,2793.0,11269.0,0,-0.4895750514303379,0.0,1
2023-10-25,13313.0,0.0,85.0,0.0,15.0,12144.0,0.0,0.0,0.0,0.0,18.0,11269.0,0.0,10,12572.0,2839.0,12425.0,0,0.7410357915100579,0.0,2
2023-10-26,13370.0,0.0,85.0,0.0,25.0,11269.0,0.0,0.0,15.0,0.0,0.0,12425.0,0.0,10,12445.142857142857,2874.0,12730.0,0,1.102919967393568,0.0,3
2023-10-27,11780.0,15.0,85.0,0.0,0.0,12425.0,0.0,0.0,8.0,0.0,0.0,12730.0,0.0,10,12353.714285714286,2702.0,10967.0,1,-0.30976827902308524,0.0,4
2023-10-28,13180.0,0.0,85.0,0.0,0.0,12730.0,0.0,0.0,0.0,0.0,0.0,10967.0,0.0,10,12237.57142857143,2795.0,11798.0,1,0.3206746017302671,0.0,5
2023-10-29,12948.0,0.0,85.0,0.0,0.0,10967.0,0.0,0.0,0.0,0.0,0.0,11798.0,0.0,10,12040.142857142857,2804.0,11825.0,0,0.48369080001398324,0.0,6
2023-10-30,12144.0,0.0,85.0,0.0,0.0,11798.0,0.0,0.0,0.0,0.0,0.0,11825.0,0.0,10,11879.714285714286,3260.0,11977.0,0,0.5030743615677212,0.0,0
2023-10-31,11269.0,0.0,85.0,0.0,0.0,11825.0,0.0,0.0,0.0,0.0,0.0,11977.0,0.0,10,11855.857142857143,3149.0,12466.0,0,0.9733434012929267,0.0,1
2023-11-01,12425.0,0.0,109.0,0.0,0.0,11977.0,0.0,0.0,0.0,0.0,0.0,12466.0,200.0,11,12026.857142857143,3037.0,9767.0,0,-1.9562114855285526,0.0,2
2023-11-02,12730.0,0.0,159.0,0.0,25.0,12466.0,0.0,0.0,0.0,0.0,0.0,9767.0,200.0,11,11647.142857142857,3613.0,10376.0,0,-1.7023733913120904,0.0,3
2023-11-03,10967.0,0.0,159.0,0.0,45.0,9767.0,0.0,0.0,0.0,0.0,0.0,10376.0,205.0,11,11310.857142857143,2231.0,12221.0,1,0.24628278733876277,0.0,4
2023-11-04,11798.0,0.0,159.0,0.0,88.0,10376.0,0.0,0.0,0.0,0.0,0.0,12221.0,205.0,11,11490.0,2314.0,14896.0,1,4.05098987544157,0.0,5
2023-11-05,11825.0,250.0,10.0,0.0,0.0,12221.0,221.0,0.0,0.0,98.0,60.0,14896.0,205.0,11,11932.57142857143,1192.0,14300.0,0,3.037537129301433,134.0,6
2023-11-06,11977.0,8.0,0.0,0.0,107.0,14896.0,0.0,0.0,76.0,13.0,90.0,14300.0,200.0,11,12286.142857142857,2604.0,14100.0,0,3.5428933144264207,0.0,0
2023-11-07,12466.0,0.0,139.0,0.0,97.0,14300.0,0.0,111.0,0.0,0.0,12.0,14100.0,170.0,11,12589.42857142857,2161.0,14921.0,0,4.977198437484237,0.0,1
2023-11-08,9767.0,0.0,139.0,0.0,0.0,14100.0,0.0,0.0,0.0,0.0,0.0,14921.0,0.0,11,12940.142857142857,2885.0,13333.0,0,3.142601426103778,0.0,2
2023-11-09,10376.0,165.0,85.0,0.0,138.0,14921.0,0.0,79.0,18.0,0.0,27.0,13333.0,0.0,11,13449.57142857143,1459.0,15175.0,0,5.040680116122131,0.0,3
2023-11-10,12221.0,18.0,85.0,0.0,21.0,13333.0,0.0,0.0,70.0,0.0,0.0,15175.0,0.0,11,14135.142857142857,1753.0,14470.0,1,4.3143887624420465,0.0,4
2023-11-11,14896.0,0.0,85.0,0.0,0.0,15175.0,0.0,0.0,0.0,0.0,0.0,14470.0,0.0,11,14456.42857142857,3447.0,11207.0,1,0.7701122282165105,0.0,5
2023-11-12,14300.0,0.0,189.0,0.0,0.0,14470.0,0.0,0.0,0.0,0.0,0.0,11207.0,0.0,11,13929.42857142857,3271.0,9966.0,0,-1.288069781332919,0.0,6
2023-11-13,14100.0,0.0,189.0,0.0,0.0,11207.0,0.0,0.0,0.0,0.0,0.0,9966.0,0.0,11,13310.285714285714,3379.0,11553.0,0,-0.24270468325978564,0.0,0
2023-11-14,14921.0,0.0,189.0,0.0,0.0,9966.0,0.0,0.0,0.0,0.0,0.0,11553.0,0.0,11,12946.42857142857,3500.0,11657.0,0,-0.0990878929991649,0.0,1
2023-11-15,13333.0,0.0,189.0,0.0,0.0,11553.0,0.0,0.0,0.0,0.0,0.0,11657.0,0.0,11,12480.142857142857,3411.0,11892.0,0,0.3311290998364427,0.0,2
2023-11-16,15175.0,0.0,189.0,0.0,0.0,11657.0,0.0,0.0,0.0,0.0,0.0,11892.0,0.0,11,12274.285714285714,3574.0,11088.0,0,-0.7706995292911014,0.0,3
2023-11-17,14470.0,0.0,189.0,0.0,0.0,11892.0,0.0,0.0,0.0,0.0,0.0,11088.0,0.0,11,11690.42857142857,3942.0,6897.0,1,-6.144455090526769,0.0,4
2023-11-18,11207.0,0.0,189.0,0.0,0.0,11088.0,0.0,0.0,0.0,0.0,0.0,6897.0,0.0,11,10608.57142857143,3307.0,10596.0,1,-2.687558296515689,0.0,5
2023-11-19,9966.0,0.0,189.0,0.0,0.0,6897.0,0.0,0.0,0.0,0.0,0.0,10596.0,0.0,11,10521.285714285714,3669.0,11033.0,0,-1.9837109751411186,0.0,6
2023-11-20,11553.0,0.0,189.0,0.0,0.0,10596.0,0.0,0.0,0.0,0.0,0.0,11033.0,0.0,11,10673.714285714286,3066.0,11253.0,0,-0.9751193902576194,0.0,0
2023-11-21,11657.0,0.0,189.0,0.0,0.0,11033.0,0.0,0.0,0.0,0.0,0.0,11253.0,0.0,11,10630.857142857143,3017.0,11034.0,0,-1.093812415912188,0.0,1
2023-11-22,11892.0,0.0,189.0,0.0,0.0,11253.0,0.0,0.0,0.0,0.0,0.0,11034.0,0.0,11,10541.857142857143,2733.0,10696.0,0,-1.572928681499479,0.0,2
2023-11-23,11088.0,0.0,189.0,0.0,0.0,11034.0,0.0,0.0,0.0,0.0,0.0,10696.0,0.0,11,10371.0,2922.0,10409.0,0,-1.7898313218102473,0.0,3
2023-11-24,6897.0,0.0,189.0,0.0,0.0,10696.0,0.0,0.0,0.0,0.0,0.0,10409.0,0.0,11,10274.0,2615.0,9061.0,1,-3.6647762124583827,0.0,4
2023-11-25,10596.0,0.0,189.0,0.0,0.0,10409.0,0.0,0.0,0.0,0.0,0.0,9061.0,0.0,11,10583.142857142857,2667.0,10583.0,1,-2.1113685847172574,0.0,5
2023-11-26,11033.0,0.0,189.0,0.0,0.0,9061.0,0.0,0.0,0.0,0.0,0.0,10583.0,0.0,11,10581.285714285714,2793.0,10721.0,0,-1.8361582197112734,0.0,6
2023-11-27,11253.0,0.0,189.0,0.0,0.0,10583.0,0.0,0.0,0.0,0.0,0.0,10721.0,0.0,11,10536.714285714286,2732.0,10831.0,0,-1.4361997770564818,0.0,0
2023-11-28,11034.0,0.0,189.0,0.0,0.0,10721.0,0.0,0.0,0.0,0.0,0.0,10831.0,0.0,11,10476.42857142857,2522.0,10847.0,0,-1.453781758144346,0.0,1
2023-11-29,10696.0,0.0,189.0,0.0,0.0,10831.0,0.0,0.0,0.0,0.0,0.0,10847.0,0.0,11,10449.714285714286,2326.0,10786.0,0,-1.6105649014030732,0.0,2
2023-11-29,10409.0,0.0,189.0,0.0,0.0,10847.0,0.0,0.0,0.0,0.0,0.0,10786.0,0.0,11,10462.57142857143,2738.0,10786.0,0,-1.6352391975176448,0.0,2
2023-11-30,9061.0,0.0,189.0,0.0,0.0,10786.0,0.0,0.0,0.0,0.0,0.0,10786.0,0.0,11,10516.42857142857,2695.0,10725.0,0,-1.7721120421874739,0.0,3
2023-12-01,10583.0,0.0,109.0,0.0,155.0,10786.0,12.0,112.0,0.0,0.0,120.0,10725.0,200.0,12,10754.142857142857,3430.0,9808.0,1,-2.6170015716060764,0.0,4
2023-12-02,10721.0,0.0,109.0,0.0,76.0,10725.0,0.0,50.0,0.0,40.0,60.0,9808.0,200.0,12,10643.42857142857,4222.0,10600.0,1,-1.9174035770456679,0.0,5
2023-12-03,10831.0,0.0,159.0,0.0,75.0,9808.0,0.0,0.0,0.0,0.0,0.0,10600.0,205.0,12,10626.142857142857,2161.0,12829.0,0,0.8674135351948473,0.0,6
2023-12-04,10847.0,40.0,119.0,0.0,123.0,10600.0,0.0,0.0,0.0,0.0,42.0,12829.0,205.0,12,10911.57142857143,2011.0,15154.0,0,4.293754711752077,0.0,0
2023-12-05,10786.0,147.0,10.0,0.0,85.0,12829.0,70.0,0.0,10.0,0.0,0.0,15154.0,203.0,12,11526.857142857143,1160.0,14130.0,0,3.533958753522424,0.0,1
2023-12-06,10786.0,17.0,0.0,0.0,120.0,15154.0,0.0,0.0,35.0,0.0,100.0,14130.0,170.0,12,12004.57142857143,2980.0,13850.0,0,2.949158799018101,0.0,2
2023-12-07,10725.0,0.0,209.0,0.0,116.0,14130.0,0.0,55.0,0.0,0.0,0.0,13850.0,170.0,12,12442.285714285714,1977.0,14780.0,0,4.450280141356942,0.0,3
2023-12-08,9808.0,0.0,149.0,0.0,60.0,13850.0,0.0,0.0,0.0,0.0,25.0,14780.0,0.0,12,13021.57142857143,2700.0,13889.0,1,3.349113111775358,0.0,4
2023-12-09,10600.0,135.0,85.0,0.0,130.0,14780.0,0.0,53.0,25.0,0.0,0.0,13889.0,0.0,12,13604.57142857143,1505.0,14800.0,1,4.844788231069354,0.0,5
2023-12-10,12829.0,90.0,85.0,0.0,64.0,13889.0,0.0,0.0,35.0,0.0,55.0,14800.0,0.0,12,14204.57142857143,1753.0,14200.0,0,4.050070459897098,0.0,6
2023-12-11,15154.0,0.0,85.0,0.0,0.0,14800.0,0.0,0.0,0.0,0.0,0.0,14200.0,0.0,12,14400.42857142857,3600.0,11680.0,0,0.8410463061798803,0.0,0
2023-12-12,14130.0,0.0,139.0,0.0,0.0,14200.0,0.0,0.0,0.0,0.0,0.0,11680.0,0.0,12,13904.142857142857,3298.0,10074.0,0,-1.474165664476244,0.0,1
2023-12-13,13850.0,0.0,189.0,0.0,0.0,11680.0,0.0,0.0,0.0,0.0,0.0,10074.0,0.0,12,13324.714285714286,2963.0,10083.0,0,-1.869473827608997,0.0,2
2023-12-14,14780.0,0.0,199.0,0.0,0.0,10074.0,0.0,0.0,0.0,0.0,0.0,10083.0,0.0,12,12786.57142857143,2718.0,9911.0,0,-2.2130061045724365,0.0,3
2023-12-15,13889.0,0.0,189.0,0.0,0.0,10083.0,0.0,0.0,0.0,0.0,0.0,9911.0,0.0,12,12091.0,2377.0,8466.0,1,-3.672247031082337,0.0,4
2023-12-16,14800.0,0.0,189.0,0.0,0.0,9911.0,0.0,0.0,0.0,0.0,0.0,8466.0,0.0,12,11316.285714285714,2023.0,8192.0,1,-4.163007996681982,0.0,5
2023-12-17,14200.0,0.0,189.0,0.0,0.0,8466.0,0.0,0.0,0.0,0.0,0.0,8192.0,0.0,12,10372.285714285714,2119.0,9648.0,0,-3.344211918641968,0.0,6
2023-12-18,11680.0,0.0,189.0,0.0,0.0,8192.0,0.0,0.0,0.0,0.0,0.0,9648.0,0.0,12,9722.0,2215.0,10111.0,0,-3.016449918788976,0.0,0
2023-12-19,10074.0,0.0,189.0,0.0,0.0,9648.0,0.0,0.0,0.0,0.0,0.0,10111.0,0.0,12,9497.857142857143,2289.0,10180.0,0,-2.827529292055983,0.0,1
2023-12-20,10083.0,0.0,189.0,0.0,0.0,10111.0,0.0,0.0,0.0,0.0,0.0,10180.0,0.0,12,9513.0,2341.0,10093.0,0,-2.7565319812895286,0.0,2
2023-12-21,9911.0,0.0,189.0,0.0,0.0,10180.0,0.0,0.0,0.0,0.0,0.0,10093.0,0.0,12,9514.42857142857,2320.0,10145.0,0,-2.713324028309224,0.0,3
2023-12-22,8466.0,0.0,189.0,0.0,0.0,10093.0,0.0,0.0,0.0,0.0,0.0,10145.0,0.0,12,9547.857142857143,2264.0,8694.0,1,-4.132837488433549,0.0,4
2023-12-23,8192.0,0.0,189.0,0.0,0.0,10145.0,0.0,0.0,0.0,0.0,0.0,8694.0,0.0,12,9580.42857142857,2268.0,9910.0,1,-3.2585164967193467,0.0,5
2023-12-24,9648.0,0.0,189.0,0.0,0.0,8694.0,0.0,0.0,0.0,0.0,0.0,9910.0,0.0,12,9825.857142857143,2387.0,10203.0,0,-2.7931860374818203,0.0,6
2023-12-25,10111.0,0.0,189.0,0.0,0.0,9910.0,0.0,0.0,0.0,0.0,0.0,10203.0,0.0,12,9905.142857142857,2342.0,9985.0,0,-2.7806393416580235,0.0,0
2023-12-26,10180.0,0.0,189.0,0.0,0.0,10203.0,0.0,0.0,0.0,0.0,0.0,9985.0,0.0,12,9887.142857142857,2366.0,10225.0,0,-2.5723464211388123,0.0,1
2023-12-27,10093.0,0.0,189.0,0.0,0.0,9985.0,0.0,0.0,0.0,0.0,0.0,10225.0,0.0,12,9893.57142857143,2487.0,10396.0,0,-2.419339649918201,0.0,2
2023-12-28,10145.0,0.0,189.0,0.0,0.0,10225.0,0.0,0.0,0.0,0.0,0.0,10396.0,0.0,12,9936.857142857143,2456.0,10487.0,0,-2.4505691009032136,0.0,3
2023-12-30,8694.0,0.0,189.0,0.0,0.0,10396.0,0.0,0.0,0.0,0.0,0.0,10487.0,0.0,12,9985.714285714286,2298.0,10262.0,1,-2.659647562521871,0.0,5
2023-12-31,9910.0,0.0,189.0,0.0,0.0,10487.0,0.0,0.0,0.0,0.0,0.0,10262.0,0.0,12,10209.714285714286,4403.0,10204.0,0,-2.459428983011333,0.0,6
2024-01-02,10203.0,0.0,189.0,0.0,0.0,10262.0,0.0,0.0,0.0,0.0,0.0,10204.0,0.0,1,10251.714285714286,4305.0,10424.0,0,-2.3609155572362965,0.0,1
2024-01-03,9985.0,0.0,189.0,0.0,18.0,10204.0,0.0,0.0,0.0,0.0,0.0,10424.0,190.0,1,10283.285714285714,3622.0,10170.0,0,-2.0458626075682416,0.0,2
2024-01-04,10225.0,173.0,109.0,0.0,70.0,10424.0,130.0,70.0,40.0,150.0,130.0,10170.0,170.0,1,10309.714285714286,2919.0,14650.0,0,2.854893206403862,90.0,3
2024-01-05,10396.0,30.0,0.0,0.0,115.0,10170.0,9.0,54.0,0.0,0.0,70.0,14650.0,200.0,1,10941.857142857143,855.0,15850.0,1,5.559440160163831,0.0,4
2024-01-06,10487.0,25.0,0.0,0.0,210.0,14650.0,0.0,0.0,20.0,0.0,140.0,15850.0,170.0,1,11721.0,2549.0,15750.0,1,5.472084732004037,0.0,5
2024-01-08,10262.0,0.0,298.0,0.0,0.0,15850.0,0.0,0.0,0.0,0.0,0.0,15750.0,32.0,1,12472.857142857143,3853.0,12374.0,0,1.680962339362455,0.0,0
2024-01-09,10204.0,24.0,24.0,0.0,265.0,15750.0,0.0,91.0,56.0,0.0,205.0,12374.0,0.0,1,12774.57142857143,3930.0,15150.0,0,4.690043882773342,0.0,1
2024-01-10,10424.0,60.0,0.0,0.0,130.0,12374.0,80.0,65.0,34.0,70.0,60.0,15150.0,0.0,1,13481.142857142857,3978.0,15200.0,0,4.994842218280998,0.0,2
2024-01-13,10170.0,0.0,189.0,0.0,0.0,15150.0,0.0,0.0,0.0,0.0,0.0,15200.0,0.0,1,14163.42857142857,4324.0,10286.0,1,-0.6558194141653253,0.0,5
2024-01-14,14650.0,0.0,159.0,0.0,0.0,15200.0,0.0,0.0,0.0,0.0,0.0,10286.0,0.0,1,14180.0,4665.0,10437.0,0,-0.8284980841206462,0.0,6
2024-01-15,15850.0,0.0,189.0,0.0,0.0,10286.0,0.0,0.0,0.0,0.0,0.0,10437.0,0.0,1,13578.142857142857,4401.0,10368.0,0,-1.5253602488374256,0.0,0
2024-01-16,15750.0,0.0,189.0,0.0,0.0,10437.0,0.0,0.0,0.0,0.0,0.0,10368.0,0.0,1,12795.0,4348.0,10517.0,0,-1.401978067644483,0.0,1
2024-01-17,12374.0,0.0,189.0,0.0,0.0,10368.0,0.0,0.0,0.0,0.0,0.0,10517.0,0.0,1,12047.42857142857,4503.0,10515.0,0,-1.7186351885370819,0.0,2
2024-01-18,15150.0,0.0,189.0,0.0,0.0,10517.0,0.0,0.0,0.0,0.0,0.0,10515.0,0.0,1,11781.857142857143,5195.0,10544.0,0,-1.5082651489042784,0.0,3
2024-01-19,15200.0,0.0,189.0,0.0,0.0,10515.0,0.0,0.0,0.0,0.0,0.0,10544.0,0.0,1,11123.857142857143,5854.0,9530.0,1,-2.466683610404468,0.0,4
2024-01-20,10286.0,20.0,189.0,28.0,95.0,10544.0,174.0,0.0,57.0,139.0,104.0,9530.0,0.0,1,10313.857142857143,5224.0,10440.0,1,-2.444626725368369,0.0,5
2024-01-21,10437.0,0.0,189.0,0.0,0.0,9530.0,0.0,0.0,0.0,0.0,0.0,10440.0,0.0,1,10335.857142857143,5221.0,10276.0,0,-2.5000141671517895,0.0,6
2024-01-21,10368.0,0.0,189.0,0.0,0.0,10440.0,0.0,0.0,0.0,0.0,0.0,10276.0,0.0,1,10312.857142857143,5221.0,10276.0,0,-2.432214441593621,0.0,6
2024-01-21,10517.0,0.0,189.0,0.0,0.0,10276.0,0.0,0.0,0.0,0.0,0.0,10276.0,0.0,1,10299.714285714286,5221.0,10276.0,0,-2.4407133675641,0.0,6
2024-01-22,10515.0,0.0,189.0,0.0,55.0,10276.0,0.0,0.0,0.0,0.0,0.0,10276.0,0.0,1,10265.285714285714,4800.0,10616.0,0,-2.0160312699487277,0.0,0
2024-01-23,10544.0,0.0,189.0,0.0,0.0,10276.0,0.0,0.0,0.0,0.0,0.0,10616.0,0.0,1,10279.714285714286,4258.0,10713.0,0,-1.9166955676205444,0.0,1
2024-01-24,9530.0,0.0,159.0,0.0,0.0,10616.0,0.0,0.0,0.0,0.0,0.0,10713.0,0.0,1,10303.857142857143,4200.0,10455.0,0,-2.305975222595248,0.0,2
2024-01-25,10440.0,0.0,189.0,0.0,0.0,10713.0,0.0,0.0,0.0,0.0,0.0,10455.0,0.0,1,10436.0,4120.0,10692.0,0,-1.965399340093379,0.0,3
2024-01-26,10276.0,0.0,189.0,0.0,0.0,10455.0,0.0,0.0,0.0,0.0,0.0,10692.0,0.0,1,10472.0,4210.0,9227.0,1,-3.200784109377313,0.0,4
2024-01-28,10276.0,0.0,189.0,0.0,0.0,10692.0,0.0,0.0,0.0,0.0,0.0,9227.0,0.0,1,10322.142857142857,4438.0,10580.0,0,-2.016982475983641,0.0,6
2024-01-28,10276.0,0.0,189.0,0.0,0.0,9227.0,0.0,0.0,0.0,0.0,0.0,10580.0,0.0,1,10365.57142857143,4438.0,10580.0,0,-1.9981417864599473,0.0,6
2024-01-31,10616.0,0.0,189.0,0.0,0.0,10580.0,0.0,0.0,0.0,0.0,0.0,10580.0,0.0,1,10409.0,4388.0,10704.0,0,-1.9637405808691013,0.0,2
2024-02-02,10713.0,0.0,189.0,0.0,0.0,10580.0,0.0,0.0,0.0,0.0,0.0,10704.0,0.0,2,10421.57142857143,4374.0,9311.0,1,-3.000569445817905,0.0,4
2024-02-03,10455.0,0.0,189.0,0.0,55.0,10704.0,0.0,0.0,0.0,0.0,15.0,9311.0,190.0,2,10221.285714285714,3070.0,11470.0,1,-1.0246912808790127,0.0,5
2024-02-04,10692.0,200.0,109.0,0.0,190.0,9311.0,175.0,85.0,75.0,170.0,200.0,11470.0,170.0,2,10366.285714285714,2945.0,15000.0,0,3.242415567901737,140.0,6
2024-02-05,9227.0,0.0,0.0,0.0,195.0,11470.0,0.0,112.0,0.0,0.0,161.0,15000.0,200.0,2,10981.714285714286,843.0,15850.0,0,4.665759058287869,0.0,0
2024-02-06,10580.0,10.0,0.0,0.0,105.0,15000.0,5.0,105.0,10.0,142.0,340.0,15850.0,170.0,2,11927.857142857143,2646.0,15950.0,0,5.57631668369848,0.0,1
2024-02-07,10580.0,0.0,77.0,0.0,68.0,15850.0,0.0,0.0,0.0,0.0,0.0,15950.0,60.0,2,12695.0,2168.0,13800.0,0,3.7087824834203973,0.0,2
2024-02-08,10704.0,0.0,295.0,0.0,0.0,15950.0,0.0,0.0,0.0,0.0,0.0,13800.0,30.0,2,13155.0,3618.0,11816.0,0,1.5013183257208123,0.0,3
2024-02-09,9311.0,10.0,25.0,0.0,260.0,13800.0,0.0,160.0,57.0,0.0,201.0,11816.0,0.0,2,13313.857142857143,3795.0,15350.0,1,4.549072489597219,0.0,4
2024-02-10,11470.0,0.0,0.0,0.0,200.0,11816.0,0.0,0.0,0.0,0.0,50.0,15350.0,0.0,2,14176.57142857143,3972.0,14344.0,1,4.069717728051794,0.0,5
2024-02-11,15000.0,0.0,0.0,0.0,0.0,15350.0,0.0,0.0,0.0,0.0,0.0,14344.0,0.0,2,14587.142857142857,4774.0,13195.0,0,3.0265710008504705,0.0,6
2024-02-12,15850.0,0.0,0.0,0.0,0.0,14344.0,0.0,0.0,0.0,0.0,0.0,13195.0,182.0,2,14329.285714285714,4518.0,10749.0,0,-0.01589434784076957,0.0,0
2024-02-13,15950.0,0.0,189.0,0.0,90.0,13195.0,0.0,0.0,0.0,0.0,0.0,10749.0,0.0,2,13600.57142857143,2893.0,10930.0,0,-0.3610611336474454,0.0,1
2024-02-14,13800.0,0.0,189.0,0.0,60.0,10749.0,0.0,0.0,0.0,0.0,0.0,10930.0,0.0,2,12883.42857142857,3002.0,11043.0,0,-0.8000550710105359,0.0,2
2024-02-15,11816.0,0.0,189.0,0.0,72.0,10930.0,0.0,0.0,0.0,0.0,20.0,11043.0,190.0,2,12489.57142857143,3115.0,11040.0,0,-1.085286887789119,0.0,3
2024-02-16,15350.0,0.0,189.0,0.0,68.0,11043.0,0.0,0.0,0.0,0.0,0.0,11040.0,190.0,2,12378.714285714286,2858.0,9925.0,1,-1.6801581990580026,0.0,4
2024-02-17,14344.0,0.0,189.0,0.0,117.0,11040.0,0.0,0.0,0.0,0.0,0.0,9925.0,190.0,2,11603.714285714286,3121.0,11275.0,1,-0.7268297155381165,0.0,5
2024-02-18,13195.0,0.0,189.0,0.0,123.0,9925.0,0.0,0.0,0.0,0.0,28.0,11275.0,190.0,2,11165.285714285714,2910.0,11350.0,0,-0.8333595392829748,0.0,6
2024-02-19,10749.0,0.0,189.0,0.0,156.0,11275.0,0.0,0.0,0.0,0.0,10.0,11350.0,190.0,2,10901.714285714286,2638.0,11600.0,0,-0.6324257637504794,0.0,0
2024-02-20,10930.0,0.0,189.0,0.0,135.0,11350.0,0.0,0.0,0.0,0.0,24.0,11600.0,190.0,2,11023.285714285714,2794.0,11600.0,0,-0.6834572221882071,0.0,1
2024-02-21,11043.0,0.0,189.0,0.0,0.0,11600.0,0.0,0.0,0.0,0.0,0.0,11600.0,190.0,2,11119.0,2840.0,9940.0,0,-1.7714403408099122,0.0,2
2024-02-22,11040.0,0.0,189.0,0.0,0.0,11600.0,0.0,0.0,0.0,0.0,0.0,9940.0,190.0,2,10961.42857142857,2679.0,10598.0,0,-1.6908624281040732,0.0,3
2024-02-23,9925.0,0.0,189.0,0.0,0.0,9940.0,0.0,0.0,0.0,0.0,0.0,10598.0,190.0,2,10898.285714285714,2916.0,9893.0,1,-2.4010596582425032,0.0,4
2024-02-24,11275.0,0.0,189.0,0.0,0.0,10598.0,0.0,0.0,0.0,0.0,0.0,9893.0,190.0,2,10893.714285714286,3104.0,11132.0,1,-1.037699481667766,0.0,5
2024-02-25,11350.0,0.0,189.0,0.0,0.0,9893.0,0.0,0.0,0.0,0.0,0.0,11132.0,190.0,2,10873.285714285714,3042.0,10307.0,0,-2.0543468673394205,0.0,6
2024-02-26,11600.0,0.0,189.0,0.0,0.0,11132.0,0.0,0.0,0.0,0.0,0.0,10307.0,190.0,2,10724.285714285714,2904.0,9551.0,0,-2.4839372759872367,0.0,0
2024-02-27,11600.0,0.0,189.0,0.0,32.0,10307.0,0.0,0.0,0.0,0.0,0.0,9551.0,190.0,2,10431.57142857143,2992.0,11075.0,0,-1.3054814197944882,0.0,1
2024-02-28,9940.0,0.0,189.0,0.0,20.0,9551.0,0.0,0.0,0.0,0.0,0.0,11075.0,190.0,2,10356.57142857143,3199.0,11424.0,0,-1.0836972108443712,0.0,2
2024-02-29,10598.0,0.0,189.0,0.0,50.0,11075.0,0.0,0.0,0.0,0.0,0.0,11424.0,190.0,2,10568.57142857143,3091.0,11437.0,0,-0.7244986637138482,0.0,3
2024-03-01,9893.0,0.0,189.0,0.0,0.0,11424.0,0.0,0.0,0.0,0.0,0.0,11437.0,0.0,3,10688.42857142857,5053.0,10131.0,1,-2.1800433122682352,0.0,4
2024-03-02,11132.0,0.0,189.0,0.0,0.0,11437.0,0.0,0.0,0.0,0.0,0.0,10131.0,0.0,3,10722.42857142857,4024.0,10550.0,1,-1.8140039545248208,0.0,5
2024-03-03,10307.0,0.0,189.0,0.0,92.0,10131.0,0.0,0.0,0.0,0.0,0.0,10550.0,190.0,3,10639.285714285714,2968.0,11930.0,0,-0.54871692629468,0.0,6
2024-03-04,9551.0,180.0,109.0,30.0,180.0,10550.0,130.0,110.0,60.0,140.0,225.0,11930.0,200.0,3,10871.142857142857,2834.0,15250.0,0,3.6784840674924904,170.0,0
2024-03-05,11075.0,0.0,0.0,0.0,139.0,11930.0,0.0,0.0,0.0,0.0,0.0,15250.0,200.0,3,11685.285714285714,629.0,15075.0,0,4.6189778567578035,0.0,1
2024-03-07,11424.0,0.0,77.0,0.0,160.0,15250.0,0.0,0.0,0.0,0.0,48.0,15075.0,58.0,3,12256.714285714286,2177.0,14350.0,0,3.9475289233300397,0.0,3
2024-03-08,11437.0,0.0,294.0,0.0,0.0,15075.0,0.0,0.0,0.0,0.0,0.0,14350.0,28.0,3,12674.714285714286,3692.0,13370.0,1,2.953350663623055,0.0,4
2024-03-09,10131.0,100.0,23.0,0.0,200.0,14350.0,0.0,80.0,50.0,0.0,159.0,13370.0,0.0,3,12950.857142857143,4283.0,14980.0,1,4.7458388778374205,0.0,5
2024-03-10,10550.0,0.0,0.0,0.0,0.0,13370.0,0.0,0.0,0.0,0.0,0.0,14980.0,0.0,3,13643.57142857143,4079.0,13390.0,0,2.8899110453517456,0.0,6
2024-03-11,11930.0,100.0,0.0,0.0,41.0,14980.0,145.0,0.0,7.0,50.0,0.0,13390.0,0.0,3,14049.285714285714,4808.0,13400.0,0,2.8608829217761453,0.0,0
2024-03-12,15250.0,0.0,0.0,0.0,0.0,13390.0,0.0,0.0,0.0,0.0,0.0,13400.0,153.0,3,14259.285714285714,4763.0,10494.0,0,0.11513167607127986,0.0,1
2024-03-13,15075.0,0.0,159.0,0.0,152.0,13400.0,0.0,0.0,0.0,0.0,0.0,10494.0,200.0,3,13579.857142857143,2855.0,12780.0,0,1.6382011494743014,0.0,2
2024-03-14,14350.0,0.0,159.0,0.0,90.0,10494.0,0.0,0.0,0.0,0.0,0.0,12780.0,200.0,3,13252.0,2835.0,12576.0,0,1.3567097690569565,0.0,3
2024-03-15,13370.0,0.0,159.0,0.0,80.0,12780.0,0.0,0.0,0.0,0.0,0.0,12576.0,200.0,3,12998.57142857143,2287.0,12300.0,1,1.306810794043194,0.0,4
2024-03-16,14980.0,0.0,159.0,0.0,25.0,12576.0,0.0,0.0,0.0,0.0,0.0,12300.0,200.0,3,12845.714285714286,2217.0,12800.0,1,1.9479123352699192,0.0,5
2024-03-17,13390.0,0.0,159.0,0.0,72.0,12300.0,0.0,0.0,0.0,0.0,0.0,12800.0,200.0,3,12534.285714285714,2890.0,13000.0,0,2.1768119351357686,0.0,6
2024-03-18,13400.0,17.0,159.0,0.0,90.0,12800.0,0.0,0.0,0.0,0.0,10.0,13000.0,200.0,3,12478.57142857143,3002.0,13450.0,0,2.5899392518231594,0.0,0
2024-03-19,10494.0,0.0,159.0,0.0,0.0,13000.0,0.0,0.0,0.0,0.0,0.0,13450.0,200.0,3,12485.714285714286,3101.0,12411.0,0,1.4286471944795092,0.0,1
2024-03-20,12780.0,0.0,159.0,0.0,0.0,13450.0,0.0,0.0,0.0,0.0,0.0,12411.0,200.0,3,12759.57142857143,3105.0,10668.0,0,-0.7083698586848118,0.0,2
2024-03-21,12576.0,0.0,189.0,0.0,0.0,12411.0,0.0,0.0,0.0,0.0,0.0,10668.0,200.0,3,12457.857142857143,3367.0,10246.0,0,-1.5734130050960067,0.0,3
2024-03-22,12300.0,0.0,159.0,0.0,0.0,10668.0,0.0,0.0,0.0,0.0,0.0,10246.0,200.0,3,12125.0,3060.0,10354.0,1,-1.5070446605351162,0.0,4
2024-03-23,12800.0,0.0,159.0,0.0,0.0,10246.0,0.0,0.0,0.0,0.0,0.0,10354.0,205.0,3,11847.0,3041.0,11281.0,1,-1.1464923160454097,0.0,5
2024-03-24,13000.0,0.0,159.0,0.0,0.0,10354.0,0.0,0.0,0.0,0.0,0.0,11281.0,200.0,3,11630.0,3182.0,11263.0,0,-0.3762811452839377,0.0,6
2024-03-25,13450.0,10.0,159.0,0.0,20.0,11281.0,0.0,0.0,10.0,0.0,0.0,11263.0,200.0,3,11381.857142857143,3164.0,12925.0,0,1.4310778566429254,0.0,0
2024-03-26,12411.0,0.0,159.0,0.0,0.0,11263.0,0.0,0.0,0.0,0.0,0.0,12925.0,200.0,3,11306.857142857143,3167.0,12107.0,0,0.713297540909664,0.0,1
2024-03-27,10668.0,0.0,159.0,0.0,0.0,12925.0,0.0,0.0,0.0,0.0,0.0,12107.0,200.0,3,11263.42857142857,3056.0,11935.0,0,0.6110521401197933,0.0,2
2024-03-28,10246.0,0.0,159.0,0.0,41.0,12107.0,0.0,0.0,0.0,0.0,0.0,11935.0,200.0,3,11444.42857142857,2941.0,12695.0,0,1.2059787440693643,0.0,3
2024-03-29,10354.0,0.0,159.0,0.0,58.0,11935.0,0.0,0.0,0.0,0.0,0.0,12695.0,200.0,3,11794.285714285714,2945.0,13250.0,1,2.282366234153514,0.0,4
2024-03-30,11281.0,100.0,159.0,0.0,66.0,12695.0,150.0,80.0,0.0,125.0,65.0,13250.0,200.0,3,12208.0,3010.0,14050.0,1,3.107720204595237,80.0,5
2024-03-31,11263.0,0.0,134.0,0.0,40.0,13250.0,0.0,0.0,0.0,0.0,10.0,14050.0,175.0,3,12603.57142857143,2911.0,13950.0,0,3.2951891645539795,0.0,6
2024-04-01,12925.0,0.0,189.0,0.0,0.0,14050.0,0.0,0.0,0.0,0.0,0.0,13950.0,0.0,4,12987.42857142857,4802.0,10107.0,0,-0.9887451694341891,0.0,0
2024-04-02,12107.0,0.0,189.0,0.0,75.0,13950.0,0.0,0.0,0.0,0.0,0.0,10107.0,0.0,4,12584.857142857143,4260.0,10425.0,0,-1.212957967555941,0.0,1
2024-04-03,11935.0,0.0,189.0,0.0,25.0,10107.0,0.0,0.0,0.0,0.0,0.0,10425.0,190.0,4,12344.57142857143,2816.0,11629.0,0,-0.4169398061101411,0.0,2
2024-04-04,12695.0,190.0,109.0,0.0,192.0,10425.0,166.0,96.0,60.0,142.0,210.0,11629.0,170.0,4,12300.857142857143,2731.0,15500.0,0,4.1989456460777905,143.0,3
2024-04-05,13250.0,127.0,0.0,0.0,90.0,11629.0,11.0,53.0,0.0,0.0,28.0,15500.0,200.0,4,12701.57142857143,683.0,15600.0,1,5.145494265197849,45.0,4
2024-04-06,14050.0,0.0,0.0,0.0,97.0,15500.0,0.0,0.0,0.0,0.0,40.0,15600.0,130.0,4,13037.285714285714,3656.0,15080.0,1,5.3823804256831185,0.0,5
2024-04-07,13950.0,0.0,77.0,0.0,111.0,15600.0,0.0,0.0,0.0,0.0,10.0,15080.0,64.0,4,13184.42857142857,2262.0,14250.0,0,4.41255346583197,0.0,6
2024-04-08,10107.0,27.0,297.0,0.0,0.0,15080.0,0.0,28.0,0.0,0.0,80.0,14250.0,27.0,4,13227.285714285714,3526.0,13090.0,0,3.1224150541001165,0.0,0
2024-04-09,10425.0,260.0,25.0,0.0,190.0,14250.0,77.0,130.0,90.0,140.0,300.0,13090.0,0.0,4,13653.42857142857,4825.0,15350.0,0,5.158307602638795,0.0,1
2024-04-10,11629.0,0.0,0.0,0.0,0.0,13090.0,0.0,0.0,0.0,0.0,0.0,15350.0,0.0,4,14357.0,4023.0,11528.0,0,1.3036636698728308,0.0,2
2024-04-11,15500.0,0.0,0.0,0.0,45.0,15350.0,0.0,37.0,0.0,0.0,20.0,11528.0,0.0,4,14342.57142857143,4795.0,13360.0,0,2.897053079669198,0.0,3
2024-04-13,15600.0,10.0,159.0,0.0,35.0,11528.0,0.0,0.0,0.0,0.0,0.0,13360.0,200.0,4,14036.857142857143,1628.0,12700.0,1,3.3023571994155505,0.0,5
2024-04-14,15080.0,0.0,159.0,0.0,111.0,13360.0,0.0,20.0,0.0,0.0,0.0,12700.0,200.0,4,13622.57142857143,1501.0,12880.0,0,3.2061737009144693,0.0,6
2024-04-15,14250.0,0.0,189.0,0.0,65.0,12700.0,7.0,85.0,0.0,0.0,0.0,12880.0,170.0,4,13308.285714285714,1067.0,14350.0,0,4.701847667937028,88.0,0
2024-04-16,13090.0,0.0,129.0,0.0,0.0,12880.0,0.0,48.0,0.0,0.0,0.0,14350.0,170.0,4,13322.57142857143,892.0,12830.0,0,2.776449507963288,0.0,1
2024-04-17,15350.0,72.0,129.0,0.0,0.0,14350.0,0.0,71.0,0.0,0.0,0.0,12830.0,170.0,4,13285.42857142857,1103.0,13100.0,0,2.796732716684673,99.0,2
2024-04-18,11528.0,0.0,0.0,0.0,140.0,12830.0,0.0,70.0,0.0,0.0,0.0,13100.0,200.0,4,12964.0,1004.0,15080.0,0,4.850466712479455,95.0,3
2024-04-19,13360.0,0.0,0.0,0.0,132.0,13100.0,0.0,70.0,0.0,0.0,0.0,15080.0,200.0,4,13471.42857142857,1227.0,14520.0,1,4.783212093854404,0.0,4
2024-04-20,12700.0,84.0,0.0,0.0,200.0,15080.0,0.0,50.0,0.0,0.0,40.0,14520.0,200.0,4,13637.142857142857,1046.0,15750.0,1,6.127697443352305,0.0,5
2024-04-21,12880.0,49.0,0.0,0.0,150.0,14520.0,0.0,100.0,0.0,0.0,20.0,15750.0,175.0,4,14072.857142857143,1058.0,16000.0,0,6.308914817114915,0.0,6
2024-04-22,14350.0,36.0,0.0,0.0,170.0,15750.0,0.0,50.0,0.0,0.0,90.0,16000.0,160.0,4,14518.57142857143,1017.0,16700.0,0,7.623083796642131,100.0,0
2024-04-23,12830.0,90.0,0.0,0.0,300.0,16000.0,0.0,96.0,0.0,0.0,124.0,16700.0,170.0,4,14854.285714285714,1019.0,16720.0,0,7.855209441035251,128.0,1
2024-04-24,13100.0,90.0,0.0,0.0,350.0,16700.0,0.0,135.0,0.0,0.0,120.0,16720.0,200.0,4,15410.0,942.0,16774.0,0,7.9110298135104795,105.0,2
2024-04-25,15080.0,80.0,0.0,0.0,200.0,16720.0,0.0,193.0,0.0,120.0,160.0,16774.0,200.0,4,15934.857142857143,942.0,16750.0,0,7.878915581731245,170.0,3
2024-04-26,14520.0,45.0,0.0,0.0,145.0,16774.0,0.0,116.0,0.0,0.0,0.0,16750.0,170.0,4,16173.42857142857,634.0,15870.0,1,7.110393480415899,0.0,4
2024-04-27,15750.0,200.0,0.0,0.0,238.0,16750.0,0.0,120.0,0.0,110.0,100.0,15870.0,200.0,4,16366.285714285714,807.0,16750.0,1,7.905953952288919,130.0,5
2024-04-28,16000.0,240.0,0.0,0.0,260.0,15870.0,0.0,180.0,0.0,190.0,190.0,16750.0,200.0,4,16509.14285714286,1026.0,17150.0,0,8.163288122671455,214.0,6
2024-04-29,16700.0,245.0,0.0,0.0,275.0,16750.0,132.0,130.0,44.0,182.0,360.0,17150.0,200.0,4,16673.428571428572,1035.0,17200.0,0,8.855659388757237,165.0,0
2024-04-30,16720.0,20.0,0.0,0.0,220.0,17150.0,15.0,84.0,0.0,0.0,140.0,17200.0,200.0,4,16744.85714285714,995.0,17000.0,0,8.015227773743348,20.0,1
2024-05-01,16774.0,0.0,189.0,0.0,0.0,17200.0,0.0,0.0,0.0,0.0,0.0,17000.0,0.0,5,16784.85714285714,4452.0,9168.0,0,-0.48862834465200033,0.0,2
2024-05-02,16750.0,0.0,189.0,0.0,27.0,17000.0,0.0,0.0,0.0,0.0,0.0,9168.0,0.0,5,15698.285714285714,3864.0,10465.0,0,-0.2497574874046707,0.0,3
2024-05-03,15870.0,0.0,189.0,0.0,99.0,9168.0,0.0,0.0,0.0,0.0,15.0,10465.0,190.0,5,14800.42857142857,2805.0,12040.0,1,0.568797244117,0.0,4
2024-05-04,16750.0,45.0,109.0,0.0,150.0,10465.0,185.0,100.0,0.0,163.0,50.0,12040.0,170.0,5,14253.285714285714,2457.0,15300.0,1,5.000213754852656,130.0,5
2024-05-05,17150.0,0.0,0.0,0.0,0.0,12040.0,10.0,0.0,0.0,0.0,35.0,15300.0,200.0,5,14046.142857142857,825.0,14400.0,0,3.511335486227373,0.0,6
2024-05-06,17200.0,92.0,0.0,0.0,140.0,15300.0,0.0,0.0,0.0,0.0,280.0,14400.0,146.0,5,13653.285714285714,3521.0,16250.0,0,6.447291072024757,0.0,0
2024-05-07,17000.0,0.0,117.0,0.0,0.0,14400.0,0.0,0.0,0.0,0.0,0.0,16250.0,64.0,5,13517.57142857143,2238.0,13229.0,0,3.713296884195086,0.0,1
2024-05-08,9168.0,0.0,298.0,0.0,0.0,16250.0,0.0,0.0,0.0,0.0,0.0,13229.0,29.0,5,12978.857142857143,3257.0,12059.0,0,1.8518014066645794,0.0,2
2024-05-09,10465.0,140.0,20.0,0.0,300.0,13229.0,0.0,130.0,130.0,212.0,400.0,12059.0,0.0,5,13391.857142857143,4322.0,15350.0,0,4.859793350521712,0.0,3
2024-05-10,12040.0,0.0,0.0,0.0,0.0,12059.0,0.0,0.0,0.0,0.0,0.0,15350.0,0.0,5,14089.714285714286,4772.0,13204.0,1,2.698599816155086,0.0,4
2024-05-11,15300.0,0.0,0.0,0.0,67.0,15350.0,0.0,0.0,0.0,0.0,0.0,13204.0,0.0,5,14256.0,4575.0,12820.0,1,2.444381929274799,0.0,5
2024-05-12,14400.0,0.0,0.0,0.0,0.0,13204.0,0.0,0.0,0.0,0.0,0.0,12820.0,184.0,5,13901.714285714286,3641.0,10745.0,0,-0.4020750531208531,0.0,6
2024-05-13,16250.0,20.0,0.0,0.0,80.0,12820.0,0.0,25.0,0.0,0.0,0.0,10745.0,200.0,5,13379.57142857143,981.0,15150.0,0,4.771348602767966,0.0,0
2024-05-14,13229.0,0.0,0.0,0.0,128.0,10745.0,0.0,65.0,10.0,0.0,50.0,15150.0,200.0,5,13222.42857142857,997.0,15700.0,0,5.5789791030784155,0.0,1
2024-05-15,12059.0,20.0,0.0,0.0,179.0,15150.0,0.0,95.0,0.0,0.0,100.0,15700.0,200.0,5,13575.42857142857,1136.0,16100.0,0,6.547492954898393,0.0,2
2024-05-16,15350.0,130.0,0.0,0.0,180.0,15700.0,0.0,125.0,35.0,90.0,205.0,16100.0,200.0,5,14152.714285714286,1172.0,15850.0,0,6.565760293336523,80.0,3
2024-05-17,13204.0,50.0,0.0,0.0,90.0,16100.0,0.0,53.0,0.0,0.0,0.0,15850.0,200.0,5,14224.142857142857,1170.0,15700.0,1,6.591611070659466,0.0,4
2024-05-18,12820.0,0.0,0.0,0.0,0.0,15850.0,0.0,0.0,0.0,0.0,0.0,15700.0,200.0,5,14580.714285714286,1399.0,14628.0,1,4.8488804732968465,0.0,5
2024-05-19,10745.0,0.0,0.0,0.0,0.0,15700.0,0.0,0.0,0.0,0.0,90.0,14628.0,200.0,5,14839.0,1539.0,14300.0,0,3.8196312382372968,0.0,6
2024-05-20,15150.0,0.0,0.0,0.0,50.0,14628.0,0.0,0.0,0.0,0.0,100.0,14300.0,205.0,5,15346.857142857143,1364.0,14376.0,0,4.499926796980083,0.0,0
2024-05-22,15700.0,0.0,0.0,0.0,92.0,14300.0,0.0,0.0,0.0,0.0,25.0,14376.0,205.0,5,15236.285714285714,1350.0,15550.0,0,6.224355466928091,0.0,2
2024-05-22,16100.0,0.0,0.0,0.0,92.0,14376.0,0.0,0.0,0.0,0.0,25.0,15550.0,205.0,5,15214.857142857143,1350.0,15550.0,0,6.403727035330068,0.0,2
2024-05-23,15850.0,35.0,0.0,0.0,150.0,15550.0,0.0,33.0,0.0,0.0,100.0,15550.0,205.0,5,15136.285714285714,1354.0,16400.0,0,7.179265397117553,0.0,3
2024-05-24,15700.0,35.0,0.0,0.0,145.0,15550.0,0.0,40.0,18.0,0.0,0.0,16400.0,200.0,5,15214.857142857143,1473.0,15850.0,1,6.958529045171935,0.0,4
2024-05-25,14628.0,0.0,0.0,0.0,190.0,16400.0,0.0,0.0,0.0,0.0,75.0,15850.0,200.0,5,15236.285714285714,2992.0,14900.0,1,4.270554675665327,0.0,5
2024-05-26,14300.0,0.0,0.0,0.0,25.0,15850.0,0.0,69.0,0.0,0.0,25.0,14900.0,200.0,5,15275.142857142857,3089.0,13560.0,0,2.645868143265332,0.0,6
2024-05-28,14376.0,0.0,0.0,0.0,0.0,14900.0,0.0,0.0,0.0,0.0,0.0,13560.0,170.0,5,15169.42857142857,267.0,12451.0,0,1.2428111611185697,0.0,1
2024-05-29,15550.0,0.0,0.0,0.0,45.0,13560.0,0.0,65.0,0.0,0.0,0.0,12451.0,205.0,5,14894.42857142857,685.0,14700.0,0,4.013934564756651,0.0,2
2024-05-30,15550.0,0.0,0.0,0.0,0.0,12451.0,0.0,0.0,0.0,0.0,46.0,14700.0,175.0,5,14773.0,742.0,14600.0,0,3.698762118661903,0.0,3
2024-05-31,16400.0,0.0,0.0,0.0,69.0,14700.0,0.0,0.0,0.0,0.0,95.0,14600.0,165.0,5,14637.285714285714,2245.0,14200.0,1,4.4454648083807164,0.0,4
2024-06-01,15850.0,0.0,189.0,0.0,0.0,14600.0,0.0,0.0,0.0,0.0,0.0,14200.0,0.0,6,14323.0,4545.0,9113.0,1,-1.549628952444258,0.0,5
2024-06-02,14900.0,0.0,189.0,0.0,0.0,14200.0,0.0,0.0,0.0,0.0,0.0,9113.0,0.0,6,13360.57142857143,3707.0,10888.0,0,-0.8026123738883054,0.0,6
2024-06-03,13560.0,0.0,189.0,0.0,49.0,9113.0,0.0,0.0,0.0,0.0,0.0,10888.0,190.0,6,12787.42857142857,2845.0,11800.0,0,0.021499397710638104,0.0,0
2024-06-04,12451.0,250.0,139.0,55.0,180.0,10888.0,180.0,90.0,5.0,130.0,50.0,11800.0,170.0,6,12536.0,2443.0,15700.0,0,4.8964982655366835,20.0,1
2024-06-05,14700.0,0.0,0.0,0.0,0.0,11800.0,0.0,0.0,0.0,0.0,0.0,15700.0,200.0,6,13000.142857142857,870.0,9522.0,0,-2.5913880411048638,0.0,2
2024-06-06,14600.0,125.0,0.0,0.0,160.0,15700.0,0.0,0.0,0.0,0.0,83.0,9522.0,156.0,6,12260.42857142857,3553.0,15725.0,0,5.048989659460285,0.0,3
2024-06-07,14200.0,15.0,78.0,0.0,10.0,9522.0,0.0,0.0,0.0,0.0,70.0,15725.0,64.0,6,12421.142857142857,2197.0,14620.0,1,4.246561398279039,0.0,4
2024-06-08,9113.0,0.0,297.0,0.0,0.0,15725.0,0.0,0.0,0.0,0.0,0.0,14620.0,17.0,6,12481.142857142857,2985.0,13064.0,1,3.26040339407667,0.0,5
2024-06-09,10888.0,62.0,85.0,0.0,157.0,14620.0,0.0,65.0,20.0,0.0,75.0,13064.0,0.0,6,13045.57142857143,4237.0,14650.0,0,4.803088833384734,0.0,6
2024-06-10,11800.0,0.0,0.0,0.0,52.0,13064.0,0.0,0.0,0.0,0.0,45.0,14650.0,0.0,6,13583.0,4485.0,14030.0,0,3.483995500959278,0.0,0
2024-06-11,15700.0,0.0,0.0,0.0,25.0,14650.0,0.0,0.0,0.0,0.0,17.0,14030.0,0.0,6,13901.57142857143,4848.0,12580.0,0,2.4295203876605354,0.0,1
2024-06-12,9522.0,0.0,0.0,0.0,0.0,14030.0,0.0,0.0,0.0,0.0,0.0,12580.0,184.0,6,13455.857142857143,3198.0,8930.0,0,-2.3289419636311552,0.0,2
2024-06-13,15725.0,0.0,0.0,0.0,97.0,12580.0,10.0,0.0,0.0,0.0,10.0,8930.0,118.0,6,13371.285714285714,3580.0,14100.0,0,3.665938606555714,0.0,3
2024-06-14,14620.0,0.0,0.0,0.0,80.0,8930.0,0.0,0.0,0.0,0.0,0.0,14100.0,118.0,6,13139.142857142857,3796.0,14510.0,1,4.301172179283437,0.0,4
2024-06-15,13064.0,0.0,0.0,0.0,0.0,14100.0,0.0,0.0,0.0,0.0,0.0,14510.0,118.0,6,13123.42857142857,3311.0,13723.0,1,4.078070033221888,0.0,5
2024-06-17,14650.0,0.0,0.0,0.0,0.0,14510.0,0.0,0.0,0.0,0.0,0.0,13723.0,115.0,6,13217.57142857143,1801.0,12967.0,0,3.653069131538723,0.0,0
2024-06-18,14030.0,0.0,0.0,0.0,0.0,13723.0,0.0,0.0,0.0,0.0,0.0,12967.0,115.0,6,12977.142857142857,1563.0,11633.0,0,1.5385236441334205,0.0,1
2024-06-19,12580.0,0.0,0.0,0.0,0.0,12967.0,0.0,0.0,0.0,0.0,0.0,11633.0,115.0,6,12634.714285714286,1510.0,10636.0,0,0.04948477057876951,0.0,2
2024-06-20,8930.0,0.0,0.0,0.0,0.0,11633.0,0.0,0.0,0.0,0.0,0.0,10636.0,115.0,6,12357.0,942.0,10979.0,0,0.1216966117607579,0.0,3
2024-06-21,14100.0,0.0,0.0,0.0,0.0,10636.0,0.0,102.0,0.0,0.0,0.0,10979.0,115.0,6,12649.714285714286,887.0,12815.0,1,2.7312490282648234,0.0,4
2024-06-22,14510.0,0.0,0.0,0.0,0.0,10979.0,0.0,0.0,0.0,0.0,0.0,12815.0,115.0,6,12466.142857142857,1747.0,13436.0,1,3.620317868970078,0.0,5
2024-06-22,13723.0,0.0,0.0,0.0,0.0,12815.0,0.0,0.0,0.0,0.0,0.0,13436.0,115.0,6,12312.714285714286,1747.0,13436.0,1,3.813729411650517,0.0,5
2024-06-24,12967.0,180.0,0.0,60.0,160.0,13436.0,290.0,105.0,90.0,180.0,180.0,13436.0,85.0,6,12271.714285714286,2782.0,15200.0,0,5.041125721963704,120.0,0
2024-06-25,11633.0,215.0,0.0,70.0,210.0,13436.0,332.0,215.0,90.0,230.0,255.0,15200.0,85.0,6,12590.714285714286,3363.0,15600.0,0,5.489424884389008,110.0,1
2024-06-26,10636.0,160.0,0.0,70.0,90.0,15200.0,280.0,117.0,120.0,150.0,350.0,15600.0,104.0,6,13157.42857142857,3556.0,15400.0,0,5.471838929408411,120.0,2
2024-06-27,10979.0,120.0,0.0,0.0,125.0,15600.0,4.0,55.0,0.0,125.0,130.0,15400.0,124.0,6,13838.0,3528.0,14800.0,0,4.960538607118589,0.0,3
2024-06-29,12815.0,0.0,0.0,0.0,0.0,15400.0,66.0,28.0,0.0,0.0,101.0,14800.0,93.0,6,14383.857142857143,3291.0,14000.0,1,3.6496830195994923,0.0,5
2024-06-29,13436.0,0.0,0.0,18.0,130.0,14800.0,0.0,48.0,0.0,0.0,18.0,14000.0,92.0,6,14553.142857142857,3450.0,14800.0,1,4.641053547852509,0.0,5
2024-06-30,13436.0,0.0,79.0,0.0,0.0,14000.0,0.0,0.0,0.0,0.0,0.0,14800.0,87.0,6,14748.0,2263.0,13493.0,0,2.9280006338549693,0.0,6
2024-07-01,15200.0,0.0,189.0,0.0,0.0,14800.0,0.0,0.0,0.0,0.0,0.0,13493.0,0.0,7,14756.142857142857,4495.0,7468.0,0,-3.30078321340984,0.0,0
2024-07-02,15600.0,0.0,189.0,0.0,82.0,13493.0,0.0,0.0,0.0,0.0,8.0,7468.0,0.0,7,13651.57142857143,4021.0,10980.0,0,-0.7408824751086527,0.0,1
2024-07-03,15400.0,0.0,189.0,0.0,83.0,7468.0,0.0,0.0,0.0,0.0,0.0,10980.0,190.0,7,12991.57142857143,2594.0,11750.0,0,-0.007586691784275654,0.0,2
2024-07-04,14800.0,0.0,129.0,0.0,115.0,10980.0,0.0,100.0,0.0,50.0,0.0,11750.0,200.0,7,12470.142857142857,2420.0,13850.0,0,2.6024353700601255,0.0,3
2024-07-05,14000.0,0.0,0.0,0.0,0.0,11750.0,0.0,0.0,0.0,0.0,0.0,13850.0,200.0,7,12334.42857142857,705.0,13638.0,1,3.038983782712563,0.0,4
2024-07-06,14800.0,0.0,0.0,0.0,125.0,13850.0,0.0,25.0,0.0,0.0,0.0,13638.0,112.0,7,12282.714285714286,3360.0,14093.0,1,4.285700834204984,0.0,5
2024-07-07,13493.0,10.0,79.0,0.0,170.0,13638.0,0.0,41.0,0.0,0.0,100.0,14093.0,64.0,7,12181.714285714286,2791.0,15400.0,0,5.339662189673568,0.0,6
2024-07-08,7468.0,0.0,297.0,0.0,0.0,14093.0,0.0,0.0,0.0,0.0,48.0,15400.0,18.0,7,12454.142857142857,3070.0,13790.0,0,3.59854890657642,0.0,0
2024-07-09,10980.0,217.0,85.0,0.0,257.0,15400.0,0.0,125.0,105.0,147.0,225.0,13790.0,0.0,7,13357.285714285714,4169.0,15500.0,0,5.613356317660482,0.0,1
2024-07-11,11750.0,0.0,0.0,0.0,0.0,13790.0,0.0,0.0,0.0,0.0,0.0,15500.0,0.0,7,14003.0,4785.0,12393.0,0,2.060194496822228,0.0,3
2024-07-12,13850.0,0.0,0.0,0.0,0.0,15500.0,0.0,0.0,0.0,0.0,0.0,12393.0,183.0,7,14094.857142857143,3626.0,10236.0,1,-0.7211732307545362,0.0,4
2024-07-13,13638.0,30.0,79.0,0.0,190.0,12393.0,0.0,50.0,0.0,0.0,138.0,10236.0,34.0,7,13578.57142857143,3554.0,15400.0,1,4.855417826908765,0.0,5
2024-07-14,14093.0,0.0,78.0,69.0,180.0,10236.0,0.0,70.0,0.0,0.0,185.0,15400.0,34.0,7,13830.285714285714,3101.0,15700.0,0,5.898219805665714,0.0,6
2024-07-15,15400.0,95.0,79.0,0.0,160.0,15400.0,0.0,95.0,0.0,0.0,259.0,15700.0,40.0,7,14059.857142857143,3505.0,15700.0,0,6.1415841868328975,0.0,0
2024-07-16,13790.0,165.0,78.0,0.0,180.0,15700.0,4.0,70.0,100.0,0.0,350.0,15700.0,30.0,7,14102.714285714286,3456.0,16000.0,0,6.511253234737866,15.0,1
2024-07-17,15500.0,130.0,119.0,0.0,125.0,15700.0,10.0,20.0,80.0,0.0,260.0,16000.0,30.0,7,14418.42857142857,3394.0,15800.0,0,6.525193105324881,0.0,2
2024-07-24,12393.0,55.0,147.0,0.0,107.0,16000.0,0.0,0.0,20.0,0.0,8.0,15800.0,27.0,7,14461.285714285714,3685.0,14600.0,0,5.042585315845254,0.0,2
2024-07-25,10236.0,35.0,129.0,0.0,120.0,15800.0,5.0,25.0,15.0,0.0,133.0,14600.0,30.0,7,14776.57142857143,3721.0,15400.0,0,5.601845765757678,0.0,3
2024-07-26,15400.0,60.0,130.0,0.0,190.0,14600.0,6.0,136.0,20.0,0.0,0.0,15400.0,29.0,7,15514.285714285714,3645.0,14700.0,1,5.87379867159434,0.0,4
2024-07-27,15700.0,25.0,129.0,0.0,175.0,15400.0,0.0,70.0,10.0,0.0,90.0,14700.0,30.0,7,15414.285714285714,3638.0,15500.0,1,6.5273766551531915,0.0,5
2024-07-28,15700.0,35.0,199.0,0.0,290.0,14700.0,10.0,111.0,108.0,0.0,140.0,15500.0,33.0,7,15385.714285714286,3689.0,15950.0,0,7.055882939662782,0.0,6
2024-07-29,16000.0,100.0,129.0,0.0,270.0,15500.0,10.0,121.0,30.0,0.0,200.0,15950.0,32.0,7,15421.42857142857,3650.0,15750.0,0,6.840504399119752,0.0,0
2024-07-30,15800.0,55.0,129.0,0.0,220.0,15950.0,50.0,95.0,15.0,0.0,132.0,15750.0,30.0,7,15385.714285714286,3599.0,15750.0,0,6.964457805368244,0.0,1
2024-07-31,14600.0,60.0,299.0,0.0,175.0,15750.0,0.0,170.0,25.0,0.0,160.0,15750.0,30.0,7,15378.57142857143,3744.0,15300.0,0,6.290851604687496,0.0,2
2024-08-01,15400.0,0.0,189.0,0.0,0.0,15750.0,0.0,0.0,0.0,0.0,0.0,15300.0,0.0,8,15478.57142857143,4159.0,9566.0,0,-0.698091385312051,0.0,3
2024-08-02,14700.0,0.0,189.0,0.0,64.0,15300.0,0.0,0.0,0.0,0.0,0.0,9566.0,0.0,8,14645.142857142857,2682.0,10850.0,1,-0.5847157071691447,0.0,4
2024-08-03,15500.0,0.0,189.0,0.0,39.0,9566.0,0.0,0.0,0.0,0.0,0.0,10850.0,200.0,8,14095.142857142857,2632.0,10535.0,1,-0.7526929367072976,0.0,5
2024-08-04,15950.0,0.0,139.0,0.0,96.0,10850.0,0.0,0.0,0.0,0.0,0.0,10535.0,200.0,8,13385.857142857143,2533.0,12800.0,0,2.329515086018432,0.0,6
2024-08-05,15750.0,0.0,0.0,0.0,0.0,10535.0,0.0,0.0,0.0,0.0,0.0,12800.0,200.0,8,12935.857142857143,702.0,12781.0,0,1.8366516817143532,0.0,0
2024-08-06,15750.0,133.0,0.0,0.0,190.0,12800.0,15.0,67.0,0.0,0.0,155.0,12781.0,117.0,8,12511.714285714286,3466.0,16400.0,0,6.221093022652913,66.0,1
2024-08-07,15300.0,115.0,101.0,0.0,115.0,12781.0,159.0,25.0,0.0,0.0,110.0,16400.0,64.0,8,12604.57142857143,2760.0,15500.0,0,5.823955189993334,54.0,2
2024-08-08,9566.0,27.0,297.0,0.0,0.0,16400.0,0.0,0.0,0.0,0.0,130.0,15500.0,25.0,8,12633.142857142857,3224.0,13790.0,0,3.836899038230765,0.0,3
2024-08-12,10850.0,0.0,0.0,0.0,0.0,15500.0,0.0,0.0,0.0,0.0,0.0,13790.0,184.0,8,13236.57142857143,3365.0,10201.0,0,-0.8479257702644212,0.0,0
2024-08-13,10535.0,165.0,298.0,0.0,187.0,13790.0,0.0,105.0,90.0,105.0,320.0,10201.0,22.0,8,13143.857142857143,4198.0,15000.0,0,4.176655072736654,0.0,1
2024-08-14,12800.0,180.0,299.0,0.0,180.0,10201.0,160.0,120.0,80.0,163.0,130.0,15000.0,17.0,8,13781.714285714286,4109.0,15450.0,0,5.1798106097298735,0.0,2
2024-08-15,12781.0,137.0,299.0,0.0,224.0,15000.0,180.0,112.0,105.0,134.0,380.0,15450.0,15.0,8,14160.285714285714,4114.0,15530.0,0,5.924771915734679,0.0,3
2024-08-16,16400.0,0.0,297.0,0.0,108.0,15450.0,0.0,20.0,0.0,0.0,20.0,15530.0,15.0,8,14553.0,4088.0,13725.0,1,4.32599282092349,0.0,4
2024-08-17,15500.0,0.0,359.0,0.0,221.0,15530.0,0.0,90.0,0.0,0.0,95.0,13725.0,0.0,8,14170.857142857143,4028.0,14060.0,1,4.39899492700957,0.0,5
2024-08-18,13790.0,0.0,346.0,0.0,125.0,13725.0,0.0,95.0,0.0,0.0,111.0,14060.0,0.0,8,13965.142857142857,4075.0,14250.0,0,4.28783258713829,0.0,6
2024-08-19,10201.0,0.0,296.0,0.0,35.0,14060.0,0.0,87.0,0.0,0.0,0.0,14250.0,0.0,8,14030.857142857143,4540.0,13450.0,0,2.7331543747359985,0.0,0
2024-08-20,15000.0,0.0,298.0,0.0,0.0,14250.0,0.0,0.0,0.0,0.0,45.0,13450.0,0.0,8,14495.0,4188.0,13890.0,0,3.5926637555319485,0.0,1
2024-08-21,15450.0,0.0,24.0,0.0,15.0,13450.0,0.0,0.0,0.0,0.0,60.0,13890.0,0.0,8,14336.42857142857,3992.0,13576.0,0,3.1429313892033113,0.0,2
2024-08-22,15530.0,0.0,21.0,0.0,0.0,13890.0,0.0,0.0,0.0,0.0,30.0,13576.0,0.0,8,14068.714285714286,4081.0,13040.0,0,2.540947094885778,0.0,3
2024-08-23,13725.0,5.0,23.0,0.0,27.0,13576.0,0.0,0.0,0.0,0.0,0.0,13040.0,0.0,8,13713.0,3676.0,12545.0,1,2.262006837544381,0.0,4
2024-08-24,14060.0,30.0,23.0,0.0,125.0,13040.0,0.0,117.0,0.0,0.0,100.0,12545.0,0.0,8,13544.42857142857,3804.0,14100.0,1,3.5957932845036096,0.0,5
2024-08-25,14250.0,0.0,24.0,0.0,100.0,12545.0,0.0,111.0,0.0,0.0,160.0,14100.0,0.0,8,13550.142857142857,3901.0,13250.0,0,2.685936400040792,0.0,6
2024-08-26,13450.0,0.0,25.0,0.0,80.0,14100.0,0.0,43.0,0.0,0.0,60.0,13250.0,0.0,8,13407.285714285714,4070.0,13225.0,0,2.861783107692106,0.0,0
2024-08-27,13890.0,12.0,24.0,0.0,120.0,13250.0,0.0,125.0,7.0,0.0,111.0,13225.0,0.0,8,13375.142857142857,4016.0,14220.0,0,3.948301756267406,0.0,1
2024-08-28,13576.0,20.0,24.0,0.0,190.0,13225.0,0.0,130.0,20.0,0.0,130.0,14220.0,0.0,8,13422.285714285714,3973.0,14470.0,0,4.416109548176809,0.0,2
2024-08-29,13040.0,20.0,25.0,0.0,190.0,14220.0,0.0,130.0,90.0,0.0,154.0,14470.0,0.0,8,13550.0,4014.0,15000.0,0,5.118587102222678,0.0,3
2024-08-30,12545.0,25.0,25.0,0.0,130.0,14470.0,0.0,136.0,25.0,0.0,25.0,15000.0,0.0,8,13830.0,3834.0,14150.0,1,4.894210941870514,0.0,4
2024-08-31,14100.0,10.0,24.0,0.0,245.0,15000.0,0.0,120.0,127.0,0.0,155.0,14150.0,0.0,8,14059.285714285714,4196.0,15300.0,1,5.59650079068005,0.0,5
2024-09-01,13250.0,0.0,189.0,0.0,0.0,14150.0,0.0,0.0,0.0,0.0,0.0,15300.0,0.0,9,14230.714285714286,4214.0,9759.0,0,-1.1356906892196017,0.0,6
2024-09-02,13225.0,0.0,189.0,0.0,60.0,15300.0,0.0,0.0,0.0,0.0,0.0,9759.0,0.0,9,13732.0,2559.0,9345.0,0,-1.8824591751990618,0.0,0
2024-09-03,14220.0,0.0,189.0,0.0,76.0,9759.0,0.0,0.0,0.0,0.0,20.0,9345.0,200.0,9,13177.714285714286,2804.0,11825.0,0,-0.11138271221379523,0.0,1
2024-09-04,14470.0,0.0,159.0,0.0,0.0,9345.0,0.0,0.0,0.0,0.0,0.0,11825.0,170.0,9,12835.57142857143,2213.0,12729.0,0,2.4731550880875615,0.0,2
2024-09-05,15000.0,0.0,0.0,0.0,0.0,11825.0,0.0,0.0,0.0,0.0,0.0,12729.0,200.0,9,12586.857142857143,704.0,12487.0,0,1.4899131669256531,0.0,3
2024-09-06,14150.0,0.0,0.0,0.0,253.0,12729.0,20.0,0.0,0.0,0.0,90.0,12487.0,116.0,9,12227.857142857143,3777.0,15900.0,1,5.537573861698089,0.0,4
2024-09-07,15300.0,18.0,99.0,0.0,115.0,12487.0,0.0,0.0,0.0,62.0,190.0,15900.0,64.0,9,12477.857142857143,2984.0,15450.0,1,5.676550031462432,0.0,5
2024-09-08,9759.0,15.0,297.0,0.0,40.0,15900.0,0.0,38.0,0.0,0.0,30.0,15450.0,17.0,9,12499.285714285714,3243.0,13380.0,0,3.3758857762573964,0.0,6
2024-09-09,9345.0,240.0,85.0,0.0,310.0,15450.0,213.0,240.0,120.0,330.0,520.0,13380.0,0.0,9,13016.57142857143,4122.0,16100.0,0,5.9744519279259585,0.0,0
2024-09-10,11825.0,0.0,0.0,0.0,0.0,13380.0,0.0,0.0,0.0,0.0,0.0,16100.0,0.0,9,13981.57142857143,4751.0,13510.0,0,3.3905246203128097,0.0,1
2024-09-12,12729.0,0.0,0.0,0.0,0.0,16100.0,0.0,0.0,0.0,0.0,0.0,13510.0,200.0,9,14222.285714285714,3849.0,10267.0,0,-0.4754002840383311,0.0,3
2024-09-13,12487.0,0.0,0.0,0.0,100.0,13510.0,0.0,73.0,0.0,0.0,0.0,10267.0,0.0,9,13870.57142857143,3607.0,12380.0,1,1.1731945990459756,0.0,4
2024-09-14,15900.0,0.0,0.0,0.0,0.0,10267.0,0.0,0.0,0.0,0.0,0.0,12380.0,0.0,9,13855.285714285714,3636.0,11456.0,1,0.015810880645750227,0.0,5
2024-09-15,15450.0,0.0,0.0,0.0,0.0,12380.0,0.0,0.0,0.0,0.0,0.0,11456.0,0.0,9,13220.42857142857,3595.0,11948.0,0,0.6558450468679203,0.0,6
2024-09-16,13380.0,37.0,0.0,0.0,66.0,11456.0,0.0,0.0,22.0,0.0,20.0,11948.0,0.0,9,12720.142857142857,4728.0,13480.0,0,2.8968579695589036,0.0,0
2024-09-18,16100.0,60.0,0.0,0.0,160.0,11948.0,0.0,45.0,0.0,0.0,115.0,13480.0,0.0,9,12734.42857142857,4016.0,15150.0,0,5.1004350082442595,0.0,2
2024-09-18,13510.0,10.0,0.0,0.0,134.0,13480.0,0.0,70.0,50.0,5.0,90.0,15150.0,0.0,9,12598.714285714286,3848.0,15720.0,0,5.820021369724642,0.0,2
2024-09-19,10267.0,22.0,0.0,0.0,195.0,15150.0,0.0,70.0,20.0,0.0,250.0,15720.0,0.0,9,12914.42857142857,3696.0,16300.0,0,6.590355395653872,0.0,3
2024-09-20,12380.0,50.0,0.0,0.0,276.0,15720.0,0.0,45.0,0.0,0.0,90.0,16300.0,0.0,9,13776.285714285714,3667.0,15300.0,1,6.044270461870689,0.0,4
2024-09-21,11456.0,0.0,0.0,0.0,0.0,16300.0,0.0,0.0,0.0,0.0,37.0,15300.0,0.0,9,14193.42857142857,3624.0,12880.0,1,2.618638523662076,0.0,5
2024-09-22,11948.0,90.0,0.0,0.0,190.0,15300.0,15.0,160.0,0.0,80.0,150.0,12880.0,0.0,9,14396.857142857143,3640.0,16100.0,0,6.260237186821419,0.0,6
2024-09-23,13480.0,150.0,0.0,0.0,200.0,12880.0,0.0,160.0,50.0,130.0,180.0,16100.0,0.0,9,14990.0,3639.0,16100.0,0,6.5554716941896025,4.0,0
2024-09-24,15150.0,25.0,0.0,0.0,134.0,16100.0,0.0,0.0,0.0,0.0,95.0,16100.0,0.0,9,15364.285714285714,3685.0,15050.0,0,5.80972657058071,0.0,1
2024-09-25,15720.0,0.0,0.0,0.0,0.0,16100.0,0.0,0.0,0.0,0.0,0.0,15050.0,0.0,9,15350.0,3455.0,13239.0,0,3.4589831167105136,0.0,2
2024-09-26,16300.0,0.0,0.0,0.0,0.0,15050.0,0.0,0.0,0.0,0.0,0.0,13239.0,0.0,9,14995.57142857143,3753.0,12475.0,0,2.3642881567369374,0.0,3
2024-09-27,15300.0,0.0,0.0,0.0,0.0,13239.0,0.0,0.0,0.0,0.0,30.0,12475.0,0.0,9,14449.142857142857,3667.0,12372.0,1,2.230910836235968,0.0,4
2024-09-28,12880.0,0.0,0.0,0.0,100.0,12475.0,0.0,0.0,0.0,0.0,79.0,12372.0,0.0,9,14030.857142857143,3800.0,14700.0,1,4.2539366057623855,0.0,5
2024-10-01,16100.0,0.0,189.0,0.0,0.0,12372.0,0.0,0.0,0.0,0.0,0.0,14700.0,0.0,10,14290.857142857143,4332.0,10086.0,0,-0.8001937920058744,0.0,1
2024-10-02,16100.0,0.0,189.0,0.0,20.0,14700.0,9.0,0.0,0.0,0.0,0.0,10086.0,0.0,10,13431.714285714286,2976.0,10645.0,0,-0.42284564685618276,0.0,2
2024-10-03,15050.0,0.0,159.0,0.0,80.0,10086.0,0.0,0.0,0.0,0.0,0.0,10645.0,200.0,10,12652.42857142857,2873.0,12045.0,0,0.32969491751399094,0.0,3
2024-10-04,13239.0,0.0,189.0,0.0,0.0,10645.0,0.0,0.0,0.0,0.0,0.0,12045.0,170.0,10,12223.142857142857,1741.0,11948.0,1,1.5747967607796989,0.0,4
2024-10-05,12475.0,0.0,0.0,0.0,0.0,12045.0,0.0,0.0,0.0,0.0,0.0,11948.0,200.0,10,12038.714285714286,702.0,12787.0,1,1.7195382655897165,0.0,5
2024-10-06,12372.0,0.0,0.0,0.0,110.0,11948.0,0.0,24.0,0.0,0.0,50.0,12787.0,115.0,10,12083.285714285714,3439.0,15450.0,0,5.134748253444037,0.0,6
2024-10-07,14700.0,250.0,79.0,0.0,200.0,12787.0,0.0,120.0,100.0,110.0,561.0,15450.0,64.0,10,12523.0,4173.0,15500.0,0,5.4634612875651785,0.0,0
2024-10-08,10086.0,0.0,296.0,0.0,80.0,15450.0,0.0,0.0,0.0,0.0,71.0,15500.0,18.0,10,12637.285714285714,3482.0,14130.0,0,4.0831049781610345,0.0,1
2024-10-09,10645.0,290.0,85.0,0.0,200.0,15500.0,0.0,174.0,140.0,240.0,150.0,14130.0,0.0,10,13215.0,3761.0,15900.0,0,6.138689497852657,0.0,2
2024-10-12,12045.0,0.0,0.0,0.0,0.0,14130.0,0.0,0.0,0.0,0.0,0.0,15900.0,180.0,10,13965.714285714286,4459.0,10406.0,1,-0.2935325334586383,0.0,5
2024-10-13,11948.0,28.0,0.0,0.0,40.0,15900.0,0.0,0.0,0.0,0.0,0.0,10406.0,0.0,10,13731.57142857143,4619.0,13790.0,0,3.3117834257273153,0.0,6
2024-10-14,12787.0,15.0,0.0,0.0,59.0,10406.0,0.0,0.0,0.0,0.0,20.0,13790.0,0.0,10,13994.714285714286,4544.0,14220.0,0,3.58479182172317,0.0,0
2024-10-15,15450.0,42.0,0.0,0.0,61.0,13790.0,0.0,0.0,0.0,0.0,67.0,14220.0,0.0,10,14199.42857142857,4583.0,14270.0,0,4.1380058262318355,0.0,1
2024-10-18,15500.0,0.0,0.0,0.0,0.0,14220.0,0.0,0.0,0.0,0.0,0.0,14270.0,0.0,10,14030.857142857143,4230.0,11814.0,1,1.8742685430976462,0.0,4
2024-10-19,14130.0,0.0,0.0,0.0,15.0,14270.0,0.0,0.0,0.0,0.0,27.0,11814.0,0.0,10,13504.285714285714,4562.0,13545.0,1,2.8917157711331294,0.0,5
2024-10-20,15900.0,0.0,0.0,0.0,38.0,11814.0,0.0,0.0,0.0,0.0,35.0,13545.0,0.0,10,13420.714285714286,4594.0,13730.0,0,3.3194049431325556,0.0,6
2024-10-21,10406.0,0.0,0.0,0.0,78.0,13545.0,0.0,0.0,0.0,0.0,32.0,13730.0,0.0,10,13110.714285714286,4755.0,13900.0,0,3.1480306456539555,0.0,0
2024-10-23,13790.0,0.0,0.0,0.0,37.0,13730.0,0.0,0.0,0.0,0.0,0.0,13900.0,0.0,10,13609.857142857143,4839.0,13125.0,0,2.898298411927226,0.0,2
2024-10-24,14220.0,0.0,0.0,0.0,0.0,13900.0,0.0,0.0,0.0,0.0,0.0,13125.0,0.0,10,13514.857142857143,4978.0,11009.0,0,0.27014380220111134,0.0,3
2024-10-25,14270.0,0.0,0.0,0.0,0.0,13125.0,0.0,0.0,0.0,0.0,0.0,11009.0,0.0,10,13056.142857142857,4974.0,11329.0,1,0.265575701623885,0.0,4
2024-10-27,11814.0,0.0,0.0,0.0,50.0,11009.0,0.0,0.0,0.0,0.0,124.0,11329.0,0.0,10,12636.0,4904.0,13820.0,0,2.6234135960803955,0.0,6
2024-10-28,13545.0,65.0,0.0,15.0,165.0,11329.0,124.0,60.0,45.0,65.0,30.0,13820.0,0.0,10,12922.57142857143,4997.0,14000.0,0,3.0187434918089866,0.0,0
2024-10-29,13730.0,125.0,0.0,42.0,130.0,13820.0,120.0,60.0,60.0,50.0,170.0,14000.0,0.0,10,12987.57142857143,5005.0,14000.0,0,3.316944217310594,30.0,1
2024-10-30,13900.0,160.0,0.0,30.0,110.0,14000.0,150.0,80.0,73.0,140.0,85.0,14000.0,0.0,10,13026.142857142857,5003.0,13900.0,0,3.306449088419858,95.0,2
2024-10-31,13125.0,154.0,0.0,69.0,136.0,14000.0,237.0,81.0,78.0,164.0,158.0,13900.0,0.0,10,13026.142857142857,4990.0,14000.0,0,3.4989195137975666,224.0,3
2024-10-31,11009.0,154.0,0.0,69.0,136.0,13900.0,237.0,81.0,78.0,164.0,158.0,14000.0,0.0,10,13151.142857142857,4990.0,14000.0,0,3.366339061610529,224.0,3
2024-11-01,11329.0,0.0,189.0,0.0,0.0,14000.0,0.0,0.0,0.0,0.0,0.0,14000.0,0.0,11,13578.42857142857,4335.0,10280.0,1,-1.0891784428167544,0.0,4
2024-11-02,13820.0,0.0,189.0,0.0,92.0,14000.0,0.0,0.0,0.0,0.0,0.0,10280.0,0.0,11,13428.57142857143,3018.0,10740.0,1,-0.6565639828782206,0.0,5
2024-11-03,14000.0,0.0,159.0,0.0,149.0,10280.0,0.0,0.0,0.0,0.0,0.0,10740.0,200.0,11,12988.57142857143,2905.0,12400.0,0,0.7830781879079185,0.0,6
2024-11-04,14000.0,0.0,159.0,0.0,0.0,10740.0,0.0,0.0,0.0,0.0,0.0,12400.0,230.0,11,12760.0,1822.0,10929.0,0,0.4382391236487673,0.0,0
2024-11-05,13900.0,0.0,0.0,0.0,0.0,12400.0,0.0,0.0,0.0,0.0,0.0,10929.0,200.0,11,12321.285714285714,709.0,13341.0,0,2.1025648085644018,0.0,1
2024-11-06,14000.0,185.0,0.0,0.0,285.0,10929.0,10.0,48.0,0.0,0.0,185.0,13341.0,115.0,11,12241.42857142857,3734.0,16700.0,0,6.449517022652774,148.0,2
2024-11-07,14000.0,90.0,77.0,0.0,110.0,13341.0,0.0,0.0,19.0,0.0,200.0,16700.0,64.0,11,12627.142857142857,4098.0,14350.0,0,4.350836454301284,0.0,3
2024-11-08,10280.0,0.0,297.0,0.0,200.0,16700.0,0.0,0.0,0.0,0.0,118.0,14350.0,18.0,11,12677.142857142857,4162.0,14500.0,1,4.43594538196246,0.0,4
2024-11-09,10740.0,196.0,85.0,0.0,215.0,14350.0,0.0,95.0,98.0,145.0,291.0,14500.0,0.0,11,13280.0,3735.0,15900.0,1,5.784548957808557,0.0,5
2024-11-10,12400.0,0.0,0.0,0.0,0.0,14500.0,0.0,0.0,0.0,0.0,0.0,15900.0,0.0,11,14017.142857142857,4840.0,12635.0,0,2.932679188174582,0.0,6
2024-11-12,10929.0,0.0,0.0,0.0,0.0,15900.0,0.0,0.0,0.0,0.0,0.0,12635.0,190.0,11,14050.714285714286,4415.0,10162.0,0,-0.8680088081257902,0.0,1
2024-11-13,13341.0,0.0,0.0,0.0,0.0,12635.0,0.0,0.0,0.0,0.0,0.0,10162.0,96.0,11,13941.142857142857,3562.0,12414.0,0,1.0243575719786266,0.0,2
2024-11-14,16700.0,0.0,0.0,0.0,0.0,10162.0,0.0,0.0,0.0,0.0,0.0,12414.0,96.0,11,13808.714285714286,3490.0,11705.0,0,0.9903555295754519,0.0,3
2024-11-18,14350.0,0.0,0.0,0.0,0.0,12414.0,0.0,0.0,0.0,0.0,0.0,11705.0,150.0,11,13095.142857142857,3651.0,10690.0,0,-0.36113641871202373,0.0,0
2024-11-19,14500.0,0.0,0.0,0.0,0.0,11705.0,0.0,0.0,0.0,0.0,0.0,10690.0,138.0,11,12572.285714285714,3821.0,11273.0,0,-0.542492286409761,0.0,1
2024-11-21,15900.0,0.0,0.0,0.0,0.0,10690.0,0.0,0.0,0.0,0.0,0.0,11273.0,137.0,11,12111.285714285714,4230.0,10589.0,0,-0.6330940792042845,0.0,3
2024-11-22,12635.0,0.0,0.0,0.0,0.0,11273.0,0.0,0.0,0.0,0.0,0.0,10589.0,134.0,11,11352.57142857143,4018.0,9036.0,1,-2.9372382719843793,0.0,4
2024-11-26,10162.0,0.0,0.0,0.0,0.0,10589.0,0.0,0.0,0.0,0.0,0.0,9036.0,134.0,11,10838.42857142857,3981.0,10440.0,0,-1.885959709652379,0.0,1
2024-12-01,12414.0,0.0,189.0,0.0,0.0,9036.0,0.0,0.0,0.0,0.0,0.0,10440.0,0.0,12,10878.142857142857,4043.0,9084.0,0,-3.372790846524096,0.0,6
2024-12-02,11705.0,0.0,189.0,0.0,97.0,10440.0,0.0,0.0,0.0,0.0,0.0,9084.0,0.0,12,10402.42857142857,2971.0,10900.0,0,-1.6702257789018895,0.0,0
2024-12-03,10690.0,0.0,159.0,0.0,90.0,9084.0,0.0,0.0,0.0,0.0,0.0,10900.0,200.0,12,10287.42857142857,2921.0,12300.0,0,-0.12821665990637218,0.0,1
2024-12-04,11273.0,0.0,159.0,0.0,0.0,10900.0,0.0,0.0,0.0,0.0,0.0,12300.0,200.0,12,10517.42857142857,1464.0,11762.0,0,1.2137480333328505,0.0,2
2024-12-05,10589.0,0.0,0.0,0.0,35.0,12300.0,0.0,0.0,0.0,0.0,0.0,11762.0,200.0,12,10587.285714285714,702.0,14202.0,0,2.849649791610967,0.0,3
2024-12-06,9036.0,50.0,0.0,0.0,239.0,11762.0,10.0,100.0,0.0,0.0,210.0,14202.0,118.0,12,11103.42857142857,3599.0,16450.0,1,5.929726903258234,100.0,4
2024-12-07,10440.0,0.0,78.0,0.0,0.0,14202.0,0.0,0.0,0.0,0.0,0.0,16450.0,34.0,12,12162.57142857143,3985.0,13587.0,1,3.5889985554557513,0.0,5
2024-12-08,9084.0,20.0,298.0,0.0,205.0,16450.0,0.0,51.0,0.0,0.0,40.0,13587.0,19.0,12,12612.142857142857,4128.0,14550.0,0,4.335895961234023,0.0,6
2024-12-09,10900.0,60.0,85.0,0.0,170.0,13587.0,0.0,53.0,0.0,35.0,135.0,14550.0,0.0,12,13393.0,3526.0,15300.0,0,5.097402156111617,0.0,0
2024-12-11,12300.0,0.0,0.0,0.0,0.0,14550.0,0.0,0.0,0.0,0.0,0.0,15300.0,150.0,12,14021.57142857143,3050.0,12505.0,0,1.750129452570632,0.0,2
2024-12-12,11762.0,0.0,0.0,0.0,0.0,15300.0,0.0,0.0,0.0,0.0,0.0,12505.0,190.0,12,14050.857142857143,4679.0,10354.0,0,-0.8197774113617693,0.0,3
2024-12-13,14202.0,0.0,0.0,0.0,0.0,12505.0,0.0,0.0,0.0,0.0,0.0,10354.0,190.0,12,13849.714285714286,4736.0,8931.0,1,-2.593582074930669,0.0,4
2024-12-14,16450.0,0.0,0.0,0.0,0.0,10354.0,0.0,0.0,0.0,0.0,0.0,8931.0,190.0,12,13096.714285714286,3462.0,10123.0,1,-1.7354039265319239,0.0,5
2024-12-15,13587.0,0.0,0.0,0.0,0.0,8931.0,0.0,0.0,0.0,0.0,0.0,10123.0,190.0,12,12192.857142857143,3704.0,10291.0,0,-1.800787035522263,0.0,6
2024-12-16,14550.0,0.0,0.0,0.0,0.0,10123.0,0.0,0.0,0.0,0.0,0.0,10291.0,190.0,12,11722.0,2972.0,8653.0,0,-3.0177789952409326,0.0,0
2024-12-18,15300.0,0.0,0.0,0.0,0.0,10291.0,0.0,0.0,0.0,0.0,0.0,8653.0,190.0,12,10879.57142857143,2824.0,10454.0,0,-2.094940728972227,0.0,2
2024-12-21,12505.0,0.0,0.0,0.0,0.0,8653.0,0.0,0.0,0.0,0.0,0.0,10454.0,190.0,12,10187.285714285714,3103.0,10282.0,1,-2.372655473122987,0.0,5
2024-12-22,10354.0,0.0,0.0,0.0,0.0,10454.0,0.0,0.0,0.0,0.0,0.0,10282.0,190.0,12,9869.714285714286,3177.0,10614.0,0,-2.147719461286609,0.0,6
2024-12-23,8931.0,0.0,0.0,0.0,0.0,10282.0,0.0,0.0,0.0,0.0,0.0,10614.0,190.0,12,9906.857142857143,3341.0,10454.0,0,-2.0985295944455395,0.0,0
2024-12-25,10123.0,0.0,0.0,0.0,0.0,10614.0,0.0,0.0,0.0,0.0,0.0,10454.0,190.0,12,10124.42857142857,2964.0,10341.0,0,-2.1468288666770796,0.0,2
2024-12-28,10291.0,0.0,0.0,0.0,0.0,10454.0,0.0,0.0,0.0,0.0,0.0,10341.0,205.0,12,10155.57142857143,2903.0,10411.0,1,-2.203011165154542,0.0,5
2024-12-29,8653.0,0.0,0.0,0.0,0.0,10341.0,0.0,0.0,0.0,0.0,0.0,10411.0,184.0,12,10172.714285714286,2914.0,10501.0,0,-2.5282262376189673,0.0,6
2024-12-30,10454.0,0.0,0.0,0.0,0.0,10411.0,0.0,0.0,0.0,0.0,0.0,10501.0,205.0,12,10436.714285714286,2928.0,10613.0,0,-1.9046179674342207,0.0,0
2028-11-28,10282.0,0.0,0.0,0.0,0.0,10501.0,0.0,0.0,0.0,0.0,0.0,10613.0,134.0,11,10459.42857142857,4066.0,10497.0,0,-1.7525337694420382,0.0,1
2028-12-18,10614.0,0.0,0.0,0.0,0.0,10613.0,0.0,0.0,0.0,0.0,0.0,10497.0,190.0,12,10490.142857142857,2924.0,10320.0,0,-2.088292415776434,0.0,0
2028-12-20,10454.0,0.0,0.0,0.0,0.0,10497.0,0.0,0.0,0.0,0.0,0.0,10320.0,190.0,12,10448.142857142857,3047.0,10513.0,0,-1.9315739228659297,0.0,2
2028-12-20,10341.0,0.0,0.0,0.0,0.0,10320.0,0.0,0.0,0.0,0.0,0.0,10513.0,190.0,12,10456.57142857143,3373.0,9144.0,0,-3.2203734806408857,0.0,2
2028-12-24,10411.0,0.0,0.0,0.0,0.0,10513.0,0.0,0.0,0.0,0.0,0.0,9144.0,190.0,12,10285.57142857143,2886.0,10482.0,0,-2.0291843600934976,0.0,6
2028-12-26,10501.0,0.0,0.0,0.0,0.0,9144.0,0.0,0.0,0.0,0.0,0.0,10482.0,190.0,12,10295.714285714286,2904.0,10424.0,0,-2.064639061498295,0.0,1
2028-12-27,10613.0,0.0,0.0,0.0,0.0,10482.0,0.0,0.0,0.0,0.0,0.0,10424.0,190.0,12,10284.714285714286,2965.0,9091.0,0,-3.524512326928344,0.0,2
